No,Fecha de registro,departamento revisado,municipio revisado,Cultivo,Variedad o hibrido,Edad del cultivo (AÑOS),"Parte de la planta a analizar (toda la planta, parte aérea, raíz, tubérculo, tallo, hoja, flor, fruto, semilla)","Sintomatología (tamaño, color, deformación)",Fertilizantes aplicados anteriormente,"Rendimiento del cultivo (bueno, regular, malo)",Nitrógeno (N) % STD,Fósforo (P) % STD,Potasio (K) % STD,Calcio (Ca) % STD,Magnesio (Mg) % STD,Sodio (Na) % STD,Azufre (S) % STD,Hierro (Fe) mg/kg STD,Cobre (Cu) mg/kg STD,Manganeso (Mn) mg/kg STD,Zinc (Zn) mg/kg STD,Boro (B) mg/kg STD,_depto_norm,_cultivo_norm
1,2023 Jan 03 12:00:00 AM,ATLÁNTICO,CANDELARIA,YUCA,CHIROSA,3 MESES,HOJAS,SANA,NINGUNO,BUENO,5.8,0.38,1.69,0.73,0.38,,0.36,136.28,9.1,83.27,113.28,51.84,ATLANTICO,Yuca
2,2023 Jan 03 12:00:00 AM,ATLÁNTICO,CANDELARIA,YUCA,CHIROSA,3 MESES,HOJAS,SANA,NINGUNO,BUENO,5.44,0.38,1.62,0.65,0.35,,0.32,94.62,8.16,153.64,79.4,45.48,ATLANTICO,Yuca
3,2023 Jan 03 12:00:00 AM,ATLÁNTICO,CANDELARIA,YUCA,CHIROSA,3 MESES,HOJAS,SANA,NINGUNO,BUENO,5.04,0.37,1.34,0.66,0.38,,0.38,91.61,7.98,74.81,116.97,46.2,ATLANTICO,Yuca
4,2023 Jan 03 12:00:00 AM,ATLÁNTICO,MANATÍ,YUCA,CHIROSA,2 MESES,HOJAS,VERDE,NO APLICA,BUENO,5.04,0.5,1.73,0.67,0.33,,0.37,94.82,9.15,85.17,176.41,43.25,ATLANTICO,Yuca
5,2023 Jan 03 12:00:00 AM,ATLÁNTICO,MANATÍ,YUCA,CHIROSA,2 MESES,HOJAS,VERDE,NO APLICA,BUENO,4.67,0.38,1.38,0.88,0.41,,0.34,124.98,7.99,137.37,181.06,46.62,ATLANTICO,Yuca
6,2023 Jan 03 12:00:00 AM,ATLÁNTICO,MANATÍ,YUCA,CHIROSA,2 MESES,HOJAS,VERDE,NO APLICA,BUENO,4.99,0.44,1.52,0.71,0.37,,0.35,107.91,8.81,126.89,204.01,45.38,ATLANTICO,Yuca
7,2023 Jan 03 12:00:00 AM,ATLÁNTICO,PONEDERA,YUCA,CHIROSA,3 MESES,HOJAS,SANA,NINGUNO,BUENO,5.6,0.52,1.74,0.63,0.31,,0.36,111.63,6.99,69.85,61.78,56.64,ATLANTICO,Yuca
8,2023 Jan 11 12:00:00 AM,ATLÁNTICO,LURUACO,YUCA,CHIROSA,90 DÍAS,HOJAS,VERDE,NINGUNO,NO INDICA,5.22,0.35,1.58,0.83,0.45,,0.35,173.83,8.57,69.63,124.7,60.33,ATLANTICO,Yuca
9,2023 Jan 11 12:00:00 AM,ATLÁNTICO,LURUACO,FRIJOL,CAUPI,40 DÍAS,HOJAS,VERDE,NINGUNO,NO INDICA,4.91,0.28,2.24,2.63,0.26,0.06,0.3,194.68,7.59,104.48,36.67,64.26,ATLANTICO,Frijol
10,2023 Jan 11 12:00:00 AM,ATLÁNTICO,LURUACO,YUCA,CHIROSA,90 DÍAS,HOJAS,VERDE,NINGUNO,NO INDICA,5.39,0.34,1.52,0.95,0.39,,0.36,106.12,8.54,83.63,125.38,53.58,ATLANTICO,Yuca
11,2023 Jan 11 12:00:00 AM,ATLÁNTICO,LURUACO,YUCA,CHIROSA,90 DÍAS,HOJAS,VERDE,NINGUNO,NO INDICA,4.65,0.39,1.64,1.35,0.5,0.08,0.44,108.4,8.75,127.89,129.34,43.34,ATLANTICO,Yuca
12,2023 Jan 11 12:00:00 AM,ATLÁNTICO,MANATÍ,MAÍZ,V109,4 MESES,HOJAS,VERDE,"MICORRISA,LOMBRICOMPOST",BUENO,3.78,0.41,3.81,0.4,0.26,,0.28,160.57,13.6,50.22,50.01,13.98,ATLANTICO,Maíz
13,2023 Jan 11 12:00:00 AM,ATLÁNTICO,MANATÍ,PLÁTANO,DOMINICO,4 MESES,HOJAS,VERDE,"MICORRISA,LOMBRICOMPOST",BUENO,3.86,0.22,3.64,1.34,0.54,,0.26,160.75,10.0,146.05,17.61,15.82,ATLANTICO,Plátano
14,2023 Jan 11 12:00:00 AM,ATLÁNTICO,PONEDERA,MAÍZ,ICA 109-VARIEDAD,65 DÍAS,HOJAS,SANA,NINGUNO,BUENO,3.39,0.34,2.92,0.35,0.23,,0.22,197.64,9.38,42.11,50.3,15.46,ATLANTICO,Maíz
15,2023 Jan 11 12:00:00 AM,ATLÁNTICO,SABANAGRANDE,FRIJOL,CAUPI,90 DÍAS,HOJAS,VERDE,NINGUNO,NO INDICA,4.09,0.43,1.38,3.97,0.68,0.05,0.23,157.65,6.8,416.46,43.2,49.68,ATLANTICO,Frijol
16,2023 Jan 11 12:00:00 AM,ATLÁNTICO,SABANAGRANDE,FRIJOL,CAUPI,90 DÍAS,HOJAS,VERDE,NINGUNO,NO INDICA,4.72,0.52,1.41,3.15,0.63,0.06,0.26,178.26,9.64,586.63,68.4,63.13,ATLANTICO,Frijol
17,2023 Jan 11 12:00:00 AM,ATLÁNTICO,SABANAGRANDE,FRIJOL,CAUPI,48 DÍAS,HOJAS,VERDE,NINGUNO,NO INDICA,4.12,0.22,0.87,3.93,0.73,0.04,0.22,200.25,8.67,610.68,58.92,42.47,ATLANTICO,Frijol
18,2023 Jan 11 12:00:00 AM,ATLÁNTICO,SABANAGRANDE,FRIJOL,CAUPI,90 DÍAS,HOJAS,VERDE,NINGUNO,NO INDICA,4.19,0.29,1.04,3.75,0.73,0.04,0.24,274.54,8.85,601.32,74.44,45.94,ATLANTICO,Frijol
19,2023 Jan 11 12:00:00 AM,ATLÁNTICO,SANTO TOMÁS,FRIJOL,CAUPI,70 DÍAS,HOJAS,SANA,NINGUNO,BUENO,5.0,0.4,2.69,3.21,0.41,,0.27,211.38,4.92,379.68,48.54,49.48,ATLANTICO,Frijol
20,2023 Jan 11 12:00:00 AM,ATLÁNTICO,SANTO TOMÁS,FRIJOL,CAUPI,60 DÍAS,HOJAS,SANA,NINGUNO,BUENO,4.96,0.65,2.21,2.81,0.43,,0.25,190.21,6.17,428.4,74.56,34.96,ATLANTICO,Frijol
21,2023 Jan 11 12:00:00 AM,ATLÁNTICO,SANTO TOMÁS,MAÍZ,ICA 109,70 DÍAS,HOJAS,SANA,NINGUNO,BUENO,2.97,0.33,1.93,0.38,0.12,,0.19,136.85,7.84,43.46,37.54,25.43,ATLANTICO,Maíz
22,2023 Jan 11 12:00:00 AM,ATLÁNTICO,SANTO TOMÁS,FRIJOL,CAUPI,70 DÍAS,HOJAS,SANA,NINGUNO,BUENO,4.96,0.63,1.76,3.4,0.51,,0.26,189.33,6.76,460.39,80.6,32.77,ATLANTICO,Frijol
23,2023 Jan 11 12:00:00 AM,ATLÁNTICO,SANTO TOMÁS,YUCA,CHIROSA,60 DÍAS,HOJAS,SANA,NINGUNO,BUENO,4.63,0.52,1.66,0.82,0.37,,0.31,81.67,7.77,133.57,103.63,22.22,ATLANTICO,Yuca
24,2023 Jan 11 12:00:00 AM,ATLÁNTICO,SANTO TOMÁS,YUCA,CHIROSA,90 DÍAS,HOJAS,SANA,NINGUNO,BUENO,5.14,0.39,1.26,0.57,0.42,,0.29,96.48,8.36,121.43,99.9,31.17,ATLANTICO,Yuca
25,2023 Jan 11 12:00:00 AM,ATLÁNTICO,SANTO TOMÁS,YUCA,CHIROSA,90 DÍAS,HOJAS,SANA,NINGUNO,BUENO,5.1,0.38,1.17,0.58,0.45,,0.31,120.45,8.93,145.61,114.0,27.1,ATLANTICO,Yuca
26,2023 Jan 11 12:00:00 AM,ATLÁNTICO,SANTO TOMÁS,FRIJOL,CAUPI,70 DÍAS,HOJAS,SANA,NINGUNO,BUENO,5.13,0.62,1.63,3.42,0.53,,0.28,96.72,7.45,449.94,75.1,35.27,ATLANTICO,Frijol
28,2023 Feb 03 12:00:00 AM,ATLÁNTICO,SANTO TOMÁS,PLÁTANO,HARTON,4 MESES,HOJAS,SANA,NINGUNO,BUENO,2.53,0.19,1.56,2.39,0.82,,0.27,127.88,3.43,637.81,12.94,11.11,ATLANTICO,Plátano
29,2023 Feb 03 12:00:00 AM,ATLÁNTICO,SANTO TOMÁS,YUCA,CHIROSA,3 MESES,HOJAS,SANA,NINGUNO,BUENO,4.74,0.34,1.24,0.7,0.41,,0.36,88.89,7.81,166.77,79.03,29.58,ATLANTICO,Yuca
30,2023 Feb 03 12:00:00 AM,ATLÁNTICO,SANTO TOMÁS,YUCA,CHIROSA,3 MESES,HOJAS,SANA,NINGUNO,BUENO,4.67,0.31,1.03,0.73,0.45,,0.35,73.16,7.31,183.94,90.51,27.3,ATLANTICO,Yuca
31,2023 Feb 03 12:00:00 AM,ATLÁNTICO,SANTO TOMÁS,FRIJOL,CAUPI,3 MESES,HOJAS,SANA,NINGUNO,BUENO,4.61,0.5,1.19,3.03,0.72,,0.27,80.16,7.21,358.13,66.39,38.9,ATLANTICO,Frijol
32,2023 Feb 03 12:00:00 AM,ATLÁNTICO,SANTO TOMÁS,PLÁTANO,HARTON,4 MESES,HOJAS,SANA,NINGUNO,BUENO,3.21,0.24,2.42,2.08,0.55,,0.22,68.12,4.86,566.69,8.43,10.46,ATLANTICO,Plátano
33,2023 Feb 03 12:00:00 AM,ATLÁNTICO,SANTO TOMÁS,FRIJOL,CAUPI,4 MESES,HOJAS,SANA,NINGUNO,BUENO,4.23,0.38,1.42,4.63,0.53,,0.25,96.85,5.54,371.06,44.95,39.88,ATLANTICO,Frijol
34,2023 Feb 03 12:00:00 AM,ATLÁNTICO,SANTO TOMÁS,YUCA,CHIROSA,3 MESES,HOJAS,SANA,NINGUNO,BUENO,4.63,0.42,1.22,1.11,0.37,,0.32,65.79,6.67,234.69,88.25,25.33,ATLANTICO,Yuca
35,2023 Feb 03 12:00:00 AM,ATLÁNTICO,SANTO TOMÁS,FRIJOL,CAUPI,3 MESES,HOJAS,SANA,NINGUNO,BUENO,5.05,0.35,2.58,3.01,0.39,0.03,0.28,101.09,4.97,180.75,37.54,52.63,ATLANTICO,Frijol
36,2023 Feb 03 12:00:00 AM,ATLÁNTICO,SANTO TOMÁS,FRIJOL,CAUPI,4 MESES,HOJAS,SANA,NINGUNO,BUENO,5.45,0.36,2.65,2.22,0.33,0.04,0.28,101.64,5.57,120.83,34.43,52.63,ATLANTICO,Frijol
37,2023 Feb 03 12:00:00 AM,ATLÁNTICO,SANTO TOMÁS,YUCA,CHIROSA,4 MESES,HOJAS,SANA,NINGUNO,BUENO,4.84,0.35,1.15,0.76,0.47,,0.33,77.0,7.05,181.97,83.92,32.04,ATLANTICO,Yuca
38,2023 Feb 03 12:00:00 AM,ATLÁNTICO,SANTO TOMÁS,FRIJOL,CAUPI,3 MESES,HOJAS,SANA,NINGUNO,BUENO,4.09,0.49,0.95,4.91,0.57,,0.24,94.97,5.39,484.37,63.78,29.75,ATLANTICO,Frijol
39,2023 Feb 03 12:00:00 AM,ATLÁNTICO,SANTO TOMÁS,FRIJOL,CAUPI,3 MESES,HOJAS,SANA,NINGUNO,BUENO,4.2,0.45,1.07,4.98,0.56,,0.23,101.86,5.82,464.18,55.2,23.54,ATLANTICO,Frijol
40,2023 Feb 03 12:00:00 AM,ATLÁNTICO,SANTO TOMÁS,PLÁTANO,HARTON,3 MESES,HOJAS,SANA,NINGUNO,BUENO,2.38,0.46,2.84,2.2,0.74,,0.2,153.32,3.81,489.18,12.98,11.06,ATLANTICO,Plátano
41,2023 Feb 03 12:00:00 AM,ATLÁNTICO,SANTO TOMÁS,PLÁTANO,HARTON,4 MESES,HOJAS,SANA,NINGUNO,BUENO,2.68,0.32,1.57,1.75,0.97,,0.32,95.69,5.19,522.37,10.77,11.23,ATLANTICO,Plátano
42,2023 Feb 03 12:00:00 AM,ATLÁNTICO,SANTO TOMÁS,FRIJOL,CAUPI,3 MESES,HOJAS,SANA,NINGUNO,BUENO,4.89,0.36,1.97,2.14,0.48,0.03,0.25,210.66,6.09,246.45,54.29,52.14,ATLANTICO,Frijol
43,2023 Feb 03 12:00:00 AM,ATLÁNTICO,SANTO TOMÁS,PLÁTANO,HARTON,3 MESES,HOJAS,SANA,NINGUNO,BUENO,2.22,0.18,1.67,2.43,0.65,,0.17,118.4,3.27,786.55,13.4,13.89,ATLANTICO,Plátano
44,2023 Feb 03 12:00:00 AM,ATLÁNTICO,SANTO TOMÁS,PLÁTANO,HARTON,4 MESES,HOJAS,SANA,NINGUNO,BUENO,2.75,0.23,3.98,1.9,0.51,,0.21,102.98,4.24,411.49,10.28,15.85,ATLANTICO,Plátano
45,2023 Feb 03 12:00:00 AM,ATLÁNTICO,SANTO TOMÁS,PLÁTANO,HARTON,3 MESES,HOJAS,SANA,NINGUNO,BUENO,2.59,0.16,1.71,1.6,0.47,,0.18,76.96,4.73,591.42,9.07,11.93,ATLANTICO,Plátano
46,2023 Feb 03 12:00:00 AM,ATLÁNTICO,SANTO TOMÁS,PLÁTANO,HARTON,3 MESES,HOJAS,SANA,NINGUNO,BUENO,2.34,0.2,2.4,1.28,0.43,,0.22,124.19,5.13,615.98,10.55,14.71,ATLANTICO,Plátano
47,2023 Feb 03 12:00:00 AM,ATLÁNTICO,SANTO TOMÁS,PLÁTANO,HARTON,3 MESES,HOJAS,SANA,NINGUNO,BUENO,2.59,0.22,2.75,1.54,0.35,,0.2,96.39,3.97,551.94,11.1,14.06,ATLANTICO,Plátano
48,2023 Feb 03 12:00:00 AM,ATLÁNTICO,CANDELARIA,PLÁTANO,HARTON,"4 MESES, 3 MESES",HOJAS,SANA,NINGUNO,BUENO,2.97,0.25,3.85,0.87,0.47,,0.24,92.5,7.54,117.28,13.05,16.18,ATLANTICO,Plátano
49,2023 Feb 03 12:00:00 AM,ATLÁNTICO,CANDELARIA,YUCA,CHIROSA,4 MESES,HOJAS,SANA,NINGUNO,BUENO,4.72,0.32,1.15,0.95,0.51,,0.32,76.76,6.19,81.77,70.85,67.67,ATLANTICO,Yuca
50,2023 Feb 03 12:00:00 AM,ATLÁNTICO,CANDELARIA,MAÍZ,V 109,2 MESES,HOJAS,SANA,NINGUNO,BUENO,2.08,0.25,1.44,0.38,0.31,0.04,0.19,84.93,5.01,53.47,31.15,22.88,ATLANTICO,Maíz
51,2023 Feb 03 12:00:00 AM,ATLÁNTICO,CANDELARIA,FRIJOL,V 109,1 MES,HOJAS,SANA,NINGUNO,BUENO,5.73,0.44,2.23,2.06,0.48,,0.35,158.41,10.63,44.71,61.78,46.42,ATLANTICO,Frijol
52,2023 Feb 03 12:00:00 AM,ATLÁNTICO,CANDELARIA,MAÍZ,V 109,1 MES,HOJAS,SANA,NINGUNO,BUENO,3.17,0.35,2.84,0.35,0.17,,0.2,237.63,9.69,55.16,39.14,12.75,ATLANTICO,Maíz
53,2023 Feb 03 12:00:00 AM,ATLÁNTICO,CANDELARIA,YUCA,V 109,"4 MESES, 3 MESES",HOJAS,SANA,NINGUNO,BUENO,4.92,0.37,1.31,0.79,0.46,,0.35,100.9,6.74,57.69,94.67,52.3,ATLANTICO,Yuca
54,2023 Feb 03 12:00:00 AM,ATLÁNTICO,MANATÍ,PLÁTANO,V 109,4 MESES,HOJAS,VERDE,"MICORRISAS ,LOMBRICOMPOST",BUENO,3.66,0.27,3.79,1.35,0.61,,0.31,155.0,9.99,104.56,14.75,15.69,ATLANTICO,Plátano
55,2023 Feb 03 12:00:00 AM,ATLÁNTICO,MANATÍ,YUCA,V 109,4 MESES,HOJAS,VERDE,NO APLICA,BUENO,4.38,0.38,1.47,0.86,0.42,0.03,0.35,90.26,7.82,74.48,148.87,55.41,ATLANTICO,Yuca
56,2023 Feb 03 12:00:00 AM,ATLÁNTICO,MANATÍ,YUCA,CHIROZA,4 MESES,HOJAS,VERDE,NO APLICA,BUENO,4.2,0.34,1.2,1.15,0.5,,0.46,86.97,4.47,44.37,126.11,73.39,ATLANTICO,Yuca
57,2023 Feb 03 12:00:00 AM,ATLÁNTICO,MANATÍ,YUCA,CHIROZA,4 MESES,HOJAS,VERDE,NO APLICA,BUENO,4.41,0.34,1.3,1.03,0.47,,0.32,103.49,6.79,172.79,190.83,63.42,ATLANTICO,Yuca
58,2023 Feb 03 12:00:00 AM,ATLÁNTICO,MANATÍ,YUCA,CHIROZA,4 MESES,HOJAS,VERDE,NO APLICA,BUENO,4.18,0.34,1.17,1.1,0.46,,0.35,110.33,6.9,243.13,203.16,59.0,ATLANTICO,Yuca
59,2023 Feb 03 12:00:00 AM,ATLÁNTICO,MANATÍ,MAÍZ,V 109,1 MES,HOJAS,VERDE,NO APLICA,BUENO,3.67,0.28,3.71,0.47,0.22,,0.23,422.48,13.61,103.15,46.8,12.09,ATLANTICO,Maíz
60,2023 Feb 03 12:00:00 AM,ATLÁNTICO,MANATÍ,MAÍZ,V 109,4 MESES,HOJAS,VERDE,"MICORRISAS ,LOMBRICOMPOST",BUENO,2.61,0.3,1.72,0.7,0.22,0.03,0.18,287.56,8.92,53.11,29.79,17.82,ATLANTICO,Maíz
61,2023 Feb 03 12:00:00 AM,ATLÁNTICO,MANATÍ,PLÁTANO,HARTON,4 MESES,HOJAS,VERDE,NO APLICA,BUENO,2.13,0.35,4.88,0.8,0.27,,0.22,94.74,5.4,314.81,12.71,20.76,ATLANTICO,Plátano
62,2023 Feb 03 12:00:00 AM,ATLÁNTICO,MANATÍ,FRIJOL,CAUPI,4 MESES,HOJAS,VERDE,"MICORRISAS ,LOMBRICOMPOST",BUENO,5.17,0.42,1.42,2.21,0.67,0.04,0.29,658.93,12.3,70.65,67.06,51.32,ATLANTICO,Frijol
63,2023 Feb 03 12:00:00 AM,ATLÁNTICO,LURUACO,PLÁTANO,DOMINICO,38 DÍAS,HOJAS,VERDE,NINGUNO,NO INDICA,3.01,0.22,4.83,0.72,0.34,,0.26,175.61,8.37,151.24,17.85,26.31,ATLANTICO,Plátano
64,2023 Feb 03 12:00:00 AM,ATLÁNTICO,LURUACO,PLÁTANO,DOMINICO,15 DÍAS / 40 DÍAS,HOJAS,VERDE,NINGUNO,NO INDICA,2.81,0.51,3.46,0.99,0.29,,0.36,105.23,8.32,101.92,14.31,21.74,ATLANTICO,Plátano
65,2023 Feb 03 12:00:00 AM,ATLÁNTICO,LURUACO,PLÁTANO,DOMINICO,30 DÍAS / 55 DÍAS,HOJAS,VERDE,NINGUNO,NO INDICA,2.89,0.25,4.03,0.68,0.33,,0.25,99.41,8.31,180.02,13.31,17.0,ATLANTICO,Plátano
66,2023 Feb 03 12:00:00 AM,ATLÁNTICO,LURUACO,PLÁTANO,DOMINICO,86 DÍAS / 48 DÍAS,HOJAS,VERDE,NINGUNO,NO INDICA,2.48,0.28,4.16,0.91,0.32,,0.26,88.8,6.61,143.81,15.43,27.3,ATLANTICO,Plátano
67,2023 Feb 03 12:00:00 AM,ATLÁNTICO,LURUACO,FRIJOL,CAUPI,18 DÍAS / 64 DÍAS / 54 DÍAS,HOJAS,VERDE,NINGUNO,NO INDICA,4.16,0.24,2.69,2.87,0.32,0.04,0.34,114.73,9.7,68.81,74.31,19.3,ATLANTICO,Frijol
68,2023 Feb 03 12:00:00 AM,ATLÁNTICO,LURUACO,PLÁTANO,DOMINICO,93 DÍAS / 76 DÍAS,HOJAS,VERDE,NINGUNO,NO INDICA,2.62,0.2,4.24,0.85,0.35,,0.27,227.44,6.27,224.58,13.55,55.57,ATLANTICO,Plátano
69,2023 Feb 03 12:00:00 AM,ATLÁNTICO,LURUACO,FRIJOL,CAUPI,32 DÍAS / 68 DÍAS,HOJAS,VERDE,NINGUNO,NO INDICA,4.88,0.42,2.63,2.1,0.47,0.08,0.35,825.44,13.55,87.8,63.26,19.2,ATLANTICO,Frijol
70,2023 Feb 03 12:00:00 AM,ATLÁNTICO,LURUACO,FRIJOL,CAUPI,52 DÍAS / 87 DÍAS / 60 DÍAS,HOJAS,VERDE,NINGUNO,NO INDICA,4.8,0.4,2.3,2.69,0.27,0.06,0.36,260.45,10.57,87.84,41.07,18.47,ATLANTICO,Frijol
71,2023 Feb 03 12:00:00 AM,ATLÁNTICO,LURUACO,PLÁTANO,DOMINICO,96 DÍAS / 58 DÍAS,HOJAS,VERDE,NINGUNO,NO INDICA,3.57,0.27,4.73,0.83,0.35,,0.26,95.98,10.96,51.16,13.15,16.34,ATLANTICO,Plátano
72,2023 Feb 03 12:00:00 AM,ATLÁNTICO,LURUACO,YUCA,CHIROSA,15 DÍAS / 40 DÍAS,HOJAS,VERDE,NINGUNO,NO INDICA,4.61,0.52,1.69,1.52,0.46,,0.44,125.86,7.17,31.85,229.84,60.56,ATLANTICO,Yuca
73,2023 Feb 03 12:00:00 AM,ATLÁNTICO,LURUACO,YUCA,CHIROSA,30 DÍAS / 55 DÍAS,HOJAS,VERDE,NINGUNO,NO INDICA,4.17,0.29,1.1,0.86,0.45,,0.32,160.85,7.22,191.31,151.71,114.52,ATLANTICO,Yuca
74,2023 Feb 03 12:00:00 AM,ATLÁNTICO,LURUACO,YUCA,CHIROSA,86 DÍAS / 48 DÍAS,HOJAS,VERDE,NINGUNO,NO INDICA,4.5,0.33,1.37,1.44,0.44,,0.38,121.92,6.98,80.32,160.83,65.54,ATLANTICO,Yuca
75,2023 Feb 03 12:00:00 AM,ATLÁNTICO,LURUACO,PLÁTANO,DOMINICO,18 DÍAS / 64 DÍAS / 54 DÍAS,HOJAS,VERDE,NINGUNO,NO INDICA,2.23,0.26,3.91,0.79,0.26,,0.27,79.04,4.67,88.11,14.66,38.57,ATLANTICO,Plátano
76,2023 Feb 03 12:00:00 AM,ATLÁNTICO,LURUACO,YUCA,CHIROSA,93 DÍAS / 76 DÍAS,HOJAS,VERDE,NINGUNO,NO INDICA,4.35,0.3,1.25,1.07,0.36,,0.34,91.45,6.66,73.28,172.24,52.47,ATLANTICO,Yuca
77,2023 Feb 03 12:00:00 AM,ATLÁNTICO,LURUACO,PLÁTANO,DOMINICO,32 DÍAS / 68 DÍAS,HOJAS,VERDE,NINGUNO,NO INDICA,2.66,0.37,4.02,0.99,0.37,,0.34,219.68,6.53,57.89,16.27,24.35,ATLANTICO,Plátano
78,2023 Feb 03 12:00:00 AM,ATLÁNTICO,LURUACO,PLÁTANO,DOMINICO,52 DÍAS / 87 DÍAS / 60 DÍAS,HOJAS,VERDE,NINGUNO,NO INDICA,2.19,0.43,4.86,0.59,0.3,,0.26,90.67,7.51,70.66,14.37,19.2,ATLANTICO,Plátano
79,2023 Feb 03 12:00:00 AM,ATLÁNTICO,LURUACO,MAÍZ,V 109,96 DÍAS / 58 DÍAS,HOJAS,VERDE,NINGUNO,NO INDICA,2.84,0.36,2.48,0.32,0.13,0.03,0.19,116.15,9.09,15.02,25.37,11.11,ATLANTICO,Maíz
80,2023 Feb 03 12:00:00 AM,ATLÁNTICO,LURUACO,YUCA,CHIROSA,18 DÍAS / 64 DÍAS / 54 DÍAS,HOJAS,VERDE,NINGUNO,NO INDICA,4.65,0.28,1.31,1.36,0.41,,0.31,121.18,7.83,74.11,182.53,102.39,ATLANTICO,Yuca
81,2023 Feb 03 12:00:00 AM,ATLÁNTICO,LURUACO,MAÍZ,V 109,52 DÍAS / 87 DÍAS / 60 DÍAS,HOJAS,VERDE,NINGUNO,NO INDICA,1.87,0.46,1.93,0.37,0.18,0.03,0.17,66.08,4.97,15.57,29.56,14.55,ATLANTICO,Maíz
82,2023 Feb 03 12:00:00 AM,ATLÁNTICO,SABANAGRANDE,PLÁTANO,HARTON,120 DÍAS,HOJAS,VERDE,NINGUNO,NO INDICA,1.84,0.29,2.12,2.21,0.99,0.04,0.23,216.13,3.65,1048.43,15.93,37.92,ATLANTICO,Plátano
83,2023 Feb 03 12:00:00 AM,ATLÁNTICO,SABANAGRANDE,PLÁTANO,HARTON,120 DÍAS,HOJAS,VERDE,NINGUNO,NO INDICA,2.57,0.29,3.05,1.89,0.72,0.05,0.27,105.17,3.86,371.39,14.28,26.15,ATLANTICO,Plátano
84,2023 Feb 03 12:00:00 AM,ATLÁNTICO,SABANAGRANDE,PLÁTANO,HARTON,120 DÍAS,HOJAS,VERDE,NINGUNO,NO INDICA,1.6,0.49,3.58,1.43,0.39,0.04,0.22,119.19,4.41,525.84,12.57,24.68,ATLANTICO,Plátano
85,2023 Feb 03 12:00:00 AM,ATLÁNTICO,SABANAGRANDE,PLÁTANO,HARTON,120 DÍAS,HOJAS,VERDE,NINGUNO,NO INDICA,1.69,0.2,2.9,1.68,0.43,,0.8,409.74,4.46,882.02,13.1,19.29,ATLANTICO,Plátano
86,2023 Feb 03 12:00:00 AM,ATLÁNTICO,SABANAGRANDE,PLÁTANO,HARTON,120 DÍAS,HOJAS,VERDE,NINGUNO,NO INDICA,1.4,0.19,2.84,1.39,0.48,0.03,0.22,223.4,4.1,1793.84,12.78,23.86,ATLANTICO,Plátano
87,2023 Feb 03 12:00:00 AM,ATLÁNTICO,SABANAGRANDE,PLÁTANO,HARTON,120 DÍAS,HOJAS,VERDE,NINGUNO,NO INDICA,2.12,0.22,2.94,1.68,0.41,0.03,0.23,140.12,5.6,722.88,14.04,15.85,ATLANTICO,Plátano
88,2023 Feb 03 12:00:00 AM,ATLÁNTICO,PONEDERA,PLÁTANO,VARIEDAD,4 MESES,HOJAS,SANA,NINGUNO,BUENO,2.69,0.72,2.89,1.3,0.4,,0.27,173.64,5.99,115.35,17.24,18.63,ATLANTICO,Plátano
89,2023 Feb 03 12:00:00 AM,ATLÁNTICO,PONEDERA,YUCA,VARIEDAD,4 MESES,HOJAS,SANA,NINGUNO,BUENO,4.79,0.41,1.53,0.78,0.43,,0.34,130.69,5.91,126.17,86.37,111.48,ATLANTICO,Yuca
90,2023 Feb 03 12:00:00 AM,ATLÁNTICO,PONEDERA,PLÁTANO,VARIEDAD,4 MESES,HOJAS,SANA,NINGUNO,BUENO,2.93,0.3,3.63,1.72,0.62,,0.23,148.77,3.76,364.83,14.24,28.44,ATLANTICO,Plátano
91,2023 Feb 03 12:00:00 AM,ATLÁNTICO,PONEDERA,PLÁTANO,VARIEDAD,4 MESES,HOJAS,SANA,NINGUNO,BUENO,3.91,0.29,3.31,0.62,0.42,,0.3,112.84,7.5,491.98,15.02,27.62,ATLANTICO,Plátano
92,2023 Feb 03 12:00:00 AM,ATLÁNTICO,PONEDERA,PLÁTANO,VARIEDAD,4 MESES,HOJAS,SANA,NINGUNO,BUENO,3.06,0.39,4.68,1.03,0.52,,0.25,150.17,6.29,491.93,13.87,24.35,ATLANTICO,Plátano
93,2023 Feb 03 12:00:00 AM,ATLÁNTICO,PONEDERA,MAÍZ,VARIEDAD,4 MESES,HOJAS,SANA,NINGUNO,BUENO,2.96,0.31,1.74,0.41,0.17,0.03,0.19,89.59,7.67,36.62,39.13,20.1,ATLANTICO,Maíz
94,2023 Feb 03 12:00:00 AM,ATLÁNTICO,CANDELARIA,YUCA,CHIROZA,4 MESES,HOJAS,SANA,NINGUNO,BUENO,4.25,0.37,1.22,0.88,0.43,,0.31,76.22,5.1,208.44,71.85,49.36,ATLANTICO,Yuca
124,2023 Feb 13 12:00:00 AM,ATLÁNTICO,SANTO TOMÁS,PLÁTANO,HARTON,4 MESES,HOJAS,SANA,NINGUNO,BUENO,2.54,0.15,1.22,2.0,0.47,,0.18,121.68,3.57,893.14,12.74,12.55,ATLANTICO,Plátano
125,2023 Feb 13 12:00:00 AM,ATLÁNTICO,SANTO TOMÁS,FRIJOL,CAUPI,5 MESES,HOJAS,SANA,NINGUNO,BUENO,4.65,0.4,1.44,4.15,0.49,0.03,0.32,191.85,8.47,315.85,51.72,50.39,ATLANTICO,Frijol
126,2023 Feb 13 12:00:00 AM,ATLÁNTICO,SANTO TOMÁS,PLÁTANO,HARTON,4MESES,HOJAS,SANA,NINGUNO,BUENO,2.92,0.21,1.78,2.75,0.82,,0.23,105.06,6.68,469.22,11.6,14.48,ATLANTICO,Plátano
127,2023 Feb 13 12:00:00 AM,ATLÁNTICO,SANTO TOMÁS,FRIJOL,CAUPI,6 MESES,HOJAS,SANA,NINGUNO,BUENO,4.13,0.47,0.89,5.44,0.66,,0.28,167.84,5.4,556.84,57.81,66.85,ATLANTICO,Frijol
128,2023 Feb 13 12:00:00 AM,ATLÁNTICO,SANTO TOMÁS,PLÁTANO,HARTON,3 MESES,HOJAS,SANA,NINGUNO,BUENO,3.2,0.26,2.2,2.43,0.65,,0.27,110.49,6.39,387.83,12.75,14.3,ATLANTICO,Plátano
129,2023 Feb 13 12:00:00 AM,ATLÁNTICO,SANTO TOMÁS,YUCA,CHIROZA,4 MESES,HOJAS,SANA,NINGUNO,BUENO,3.95,0.34,1.37,1.37,0.44,,0.28,109.81,6.85,219.76,113.14,90.71,ATLANTICO,Yuca
130,2023 Feb 13 12:00:00 AM,ATLÁNTICO,SANTO TOMÁS,FRIJOL,CAUPI,3 MESES,HOJAS,SANA,NINGUNO,BUENO,4.63,0.35,1.2,3.11,0.74,,0.31,145.45,8.46,508.22,76.75,53.71,ATLANTICO,Frijol
131,2023 Feb 13 12:00:00 AM,ATLÁNTICO,SANTO TOMÁS,FRIJOL,CAUPI,4 MESES,HOJAS,SANA,NINGUNO,BUENO,4.22,0.48,1.08,5.06,0.76,0.03,0.29,261.54,6.66,417.38,59.95,40.05,ATLANTICO,Frijol
132,2023 Feb 13 12:00:00 AM,ATLÁNTICO,SANTO TOMÁS,YUCA,CHIROZA,4MESES,HOJAS,SANA,NINGUNO,BUENO,4.77,0.3,1.06,0.88,0.48,,0.35,100.89,7.83,175.25,86.15,40.4,ATLANTICO,Yuca
133,2023 Feb 13 12:00:00 AM,ATLÁNTICO,SANTO TOMÁS,PLÁTANO,HARTON,4 MESES,HOJAS,SANA,NINGUNO,BUENO,2.64,0.19,1.92,1.91,0.55,,0.23,131.71,6.09,995.39,14.0,15.18,ATLANTICO,Plátano
134,2023 Feb 13 12:00:00 AM,ATLÁNTICO,SANTO TOMÁS,PLÁTANO,HARTON,3 MESES,HOJAS,SANA,NINGUNO,BUENO,2.72,0.34,2.6,2.13,0.51,,0.31,139.5,5.29,457.09,13.73,14.48,ATLANTICO,Plátano
135,2023 Feb 13 12:00:00 AM,ATLÁNTICO,SANTO TOMÁS,PLÁTANO,HARTON,4 MESES,HOJAS,SANA,NINGUNO,BUENO,2.82,0.2,2.22,2.23,0.7,,0.26,107.54,6.46,745.53,10.81,14.13,ATLANTICO,Plátano
136,2023 Feb 13 12:00:00 AM,ATLÁNTICO,SANTO TOMÁS,FRIJOL,CAUPI,4 MESES,HOJAS,SANA,NINGUNO,BUENO,4.18,0.47,0.91,4.75,0.71,,0.29,200.81,4.81,463.48,53.22,77.89,ATLANTICO,Frijol
137,2023 Feb 13 12:00:00 AM,ATLÁNTICO,SANTO TOMÁS,PLÁTANO,HARTON,5 MESES,HOJAS,SANA,NINGUNO,BUENO,2.52,0.28,1.64,1.9,0.71,,0.23,129.4,5.67,644.62,12.86,16.76,ATLANTICO,Plátano
138,2023 Feb 13 12:00:00 AM,ATLÁNTICO,SANTO TOMÁS,FRIJOL,CAUPI,4MESES,HOJAS,SANA,NINGUNO,BUENO,5.34,0.39,2.06,3.91,0.55,,0.34,140.78,7.93,191.74,34.28,60.55,ATLANTICO,Frijol
139,2023 Feb 13 12:00:00 AM,ATLÁNTICO,SANTO TOMÁS,PLÁTANO,HARTON,6 MESES,HOJAS,SANA,NINGUNO,BUENO,2.77,0.2,1.4,2.18,0.66,,0.23,107.07,3.32,831.69,12.82,13.08,ATLANTICO,Plátano
140,2023 Feb 13 12:00:00 AM,ATLÁNTICO,SANTO TOMÁS,FRIJOL,CAUPI,3 MESES,HOJAS,SANA,NINGUNO,BUENO,5.11,0.44,2.16,3.87,0.45,0.03,0.38,141.29,7.75,199.54,40.18,67.03,ATLANTICO,Frijol
141,2023 Feb 13 12:00:00 AM,ATLÁNTICO,SANTO TOMÁS,FRIJOL,CAUPI,4 MESES,HOJAS,SANA,NINGUNO,BUENO,3.85,0.57,0.81,5.98,0.77,0.04,0.29,195.03,6.15,544.82,75.9,54.24,ATLANTICO,Frijol
142,2023 Feb 13 12:00:00 AM,ATLÁNTICO,SANTO TOMÁS,YUCA,CHIROZA,3 MESES,HOJAS,SANA,NINGUNO,BUENO,4.84,0.4,1.23,0.67,0.33,,0.34,83.43,6.52,108.99,88.38,26.74,ATLANTICO,Yuca
143,2023 Feb 13 12:00:00 AM,ATLÁNTICO,SANTO TOMÁS,YUCA,CHIROZA,4 MESES,HOJAS,SANA,NINGUNO,BUENO,4.72,0.36,1.13,0.82,0.46,,0.36,85.86,7.09,148.18,83.84,36.72,ATLANTICO,Yuca
144,2023 Feb 13 12:00:00 AM,ATLÁNTICO,PONEDERA,PLÁTANO,VARIEDAD,4 MESES Y MEDIO,HOJAS,SANA,NINGUNO,BUENO,3.18,0.14,2.13,1.21,0.51,,0.29,117.61,5.82,565.05,13.25,12.49,ATLANTICO,Plátano
145,2023 Feb 13 12:00:00 AM,ATLÁNTICO,PONEDERA,YUCA,VARIEDAD,4 MESES Y MEDIO,HOJAS,SANA,NINGUNO,BUENO,4.77,0.34,1.33,0.73,0.35,,0.27,130.7,6.23,199.54,110.93,118.55,ATLANTICO,Yuca
146,2023 Feb 13 12:00:00 AM,ATLÁNTICO,PONEDERA,PLÁTANO,VARIEDAD,4 MESES Y MEDIO,HOJAS,SANA,NINGUNO,BUENO,3.2,0.21,4.33,1.28,0.43,,0.23,230.54,4.28,129.94,17.62,24.36,ATLANTICO,Plátano
147,2023 Feb 13 12:00:00 AM,ATLÁNTICO,PONEDERA,PLÁTANO,VARIEDAD,4 MESES Y MEDIO,HOJAS,SANA,NINGUNO,BUENO,3.84,0.3,4.64,0.89,0.6,,0.31,135.72,6.33,625.18,14.8,34.15,ATLANTICO,Plátano
164,2023 Feb 15 12:00:00 AM,ATLÁNTICO,LURUACO,PLÁTANO,DOMINICO,38 DÍAS,HOJAS,VERDE,NINGUNO,NO INDICA,2.7,0.21,2.12,0.9,0.36,,0.25,273.29,6.99,177.49,18.95,25.84,ATLANTICO,Plátano
165,2023 Feb 15 12:00:00 AM,ATLÁNTICO,LURUACO,MAÍZ,V 109,60 DÍAS,HOJAS,VERDE,NINGUNO,NO INDICA,2.12,0.5,1.75,0.49,0.37,0.05,0.21,89.41,6.05,19.27,34.75,31.45,ATLANTICO,Maíz
166,2023 Feb 15 12:00:00 AM,ATLÁNTICO,LURUACO,PLÁTANO,DOMINICO,15 DÍAS,HOJAS,VERDE,NINGUNO,NO INDICA,2.35,0.38,3.22,0.91,0.35,,0.23,80.72,6.57,184.33,18.13,41.48,ATLANTICO,Plátano
167,2023 Feb 15 12:00:00 AM,ATLÁNTICO,LURUACO,PLÁTANO,HARTON,40 DÍAS / 72 DÍAS,HOJAS,VERDE,NINGUNO,NO INDICA,2.73,0.24,3.53,1.22,0.37,,0.28,95.8,8.71,72.83,14.99,22.27,ATLANTICO,Plátano
168,2023 Feb 15 12:00:00 AM,ATLÁNTICO,MANATÍ,YUCA,CHIROZA,4 MESES,HOJAS,VERDE,NO APLICA,BUENO,5.03,0.36,1.46,1.0,0.44,0.05,0.4,98.65,7.74,77.36,132.97,72.09,ATLANTICO,Yuca
169,2023 Feb 15 12:00:00 AM,ATLÁNTICO,MANATÍ,PLÁTANO,HARTON,4 MESES,HOJAS,VERDE,NO APLICA,BUENO,2.51,0.24,2.62,0.93,0.65,,0.23,90.81,5.2,760.35,16.18,53.39,ATLANTICO,Plátano
170,2023 Feb 15 12:00:00 AM,ATLÁNTICO,MANATÍ,PLÁTANO,NO INDICA,4 MESES,HOJAS,VERDE,NO APLICA,BUENO,2.68,0.2,2.07,1.3,0.49,,0.21,123.19,5.42,423.1,13.9,25.84,ATLANTICO,Plátano
171,2023 Feb 15 12:00:00 AM,ATLÁNTICO,MANATÍ,YUCA,CHIROZA,4 MESES,HOJAS,VERDE,NO APLICA,BUENO,4.17,0.34,1.08,1.62,0.5,0.05,0.38,87.69,4.43,59.91,133.35,77.87,ATLANTICO,Yuca
172,2023 Feb 15 12:00:00 AM,ATLÁNTICO,MANATÍ,MAÍZ,V 109,1 MES,HOJAS,VERDE,NO APLICA,BUENO,2.35,0.19,2.23,0.42,0.17,,0.15,184.01,6.97,66.07,32.02,15.47,ATLANTICO,Maíz
173,2023 Feb 15 12:00:00 AM,ATLÁNTICO,MANATÍ,PLÁTANO,HARTON,5 MESES,HOJAS,VERDE,"MICORRISAS ,LOMBRICOMPOST",BUENO,2.23,0.25,2.8,0.66,0.36,,0.3,93.9,3.51,432.61,9.49,32.81,ATLANTICO,Plátano
174,2023 Feb 15 12:00:00 AM,ATLÁNTICO,MANATÍ,PLÁTANO,HARTON,4 MESES,HOJAS,VERDE,NO APLICA,BUENO,2.43,0.32,3.49,0.68,0.36,,0.24,80.56,5.63,159.53,12.54,30.94,ATLANTICO,Plátano
175,2023 Feb 15 12:00:00 AM,ATLÁNTICO,MANATÍ,YUCA,CHIROZA,4 MESES,HOJAS,VERDE,NO APLICA,BUENO,4.7,0.37,1.22,1.06,0.48,0.04,0.33,98.77,7.19,243.19,154.33,55.43,ATLANTICO,Yuca
176,2023 Feb 15 12:00:00 AM,ATLÁNTICO,PONEDERA,PLÁTANO,VARIEDAD,4 MESES Y MEDIO,HOJAS,SANA,NINGUNO,BUENO,2.98,0.14,2.1,0.92,0.37,,0.26,136.8,5.5,587.56,13.39,19.21,ATLANTICO,Plátano
177,2023 Feb 15 12:00:00 AM,ATLÁNTICO,PONEDERA,YUCA,VARIEDAD,4 MESES Y MEDIO,HOJAS,SANA,NINGUNO,BUENO,4.68,0.33,1.27,0.94,0.39,,0.28,150.19,5.82,111.15,100.86,137.2,ATLANTICO,Yuca
178,2023 Feb 15 12:00:00 AM,ATLÁNTICO,PONEDERA,PLÁTANO,VARIEDAD,4 MESES Y MEDIO,HOJAS,SANA,NINGUNO,BUENO,3.36,0.24,3.19,1.52,0.58,,0.23,190.31,3.93,182.83,14.69,42.67,ATLANTICO,Plátano
179,2023 Feb 15 12:00:00 AM,ATLÁNTICO,PONEDERA,PLÁTANO,VARIEDAD,4 MESES Y MEDIO,HOJAS,SANA,NINGUNO,BUENO,2.99,0.37,3.97,1.17,0.56,,0.24,196.24,4.95,370.08,13.53,63.25,ATLANTICO,Plátano
180,2023 Feb 15 12:00:00 AM,ATLÁNTICO,SANTO TOMÁS,FRIJOL,CAUPI,5 MESES,HOJAS,SANA,NINGUNO,BUENO,4.11,0.33,2.49,3.84,0.38,0.03,0.28,133.73,7.82,239.36,38.86,74.13,ATLANTICO,Frijol
181,2023 Feb 15 12:00:00 AM,ATLÁNTICO,SANTO TOMÁS,FRIJOL,CAUPI,4 MESES,HOJAS,SANA,NINGUNO,BUENO,4.44,0.31,2.19,3.59,0.38,0.04,0.27,112.17,8.17,237.26,40.06,35.53,ATLANTICO,Frijol
182,2023 Feb 15 12:00:00 AM,ATLÁNTICO,SANTO TOMÁS,PLÁTANO,HARTON,6 MESES,HOJAS,SANA,NINGUNO,BUENO,2.94,0.31,3.08,1.87,0.63,0.04,0.26,98.69,5.31,497.72,14.01,17.68,ATLANTICO,Plátano
183,2023 Feb 15 12:00:00 AM,ATLÁNTICO,SANTO TOMÁS,YUCA,CHIROZA,4 MESES,HOJAS,SANA,NINGUNO,BUENO,4.62,0.51,1.08,1.59,0.4,0.05,0.31,94.01,14.51,251.67,97.66,37.91,ATLANTICO,Yuca
184,2023 Feb 15 12:00:00 AM,ATLÁNTICO,SANTO TOMÁS,PLÁTANO,HARTON,4 MESES,HOJAS,SANA,NINGUNO,BUENO,3.2,0.17,1.28,2.2,0.55,,0.24,78.92,7.63,345.22,11.0,14.62,ATLANTICO,Plátano
185,2023 Feb 15 12:00:00 AM,ATLÁNTICO,SANTO TOMÁS,PLÁTANO,HARTON,5 MESES,HOJAS,SANA,NINGUNO,BUENO,3.28,0.17,2.06,1.66,0.63,,0.27,82.93,6.54,405.88,9.82,15.64,ATLANTICO,Plátano
186,2023 Feb 15 12:00:00 AM,ATLÁNTICO,SANTO TOMÁS,YUCA,CHIROZA,4MESES,HOJAS,SANA,NINGUNO,BUENO,4.74,0.47,1.07,1.4,0.42,0.04,0.31,88.24,9.13,267.64,95.15,37.74,ATLANTICO,Yuca
187,2023 Feb 15 12:00:00 AM,ATLÁNTICO,SANTO TOMÁS,PLÁTANO,NO INDICA,4 MESES,HOJAS,SANA,NINGUNO,BUENO,2.42,0.17,0.7,1.89,0.84,0.03,0.27,87.89,4.88,487.44,10.75,15.81,ATLANTICO,Plátano
188,2023 Feb 15 12:00:00 AM,ATLÁNTICO,SANTO TOMÁS,FRIJOL,CAUPI,6 MESES,HOJAS,SANA,NINGUNO,BUENO,4.19,0.34,1.34,3.99,0.49,0.03,0.26,127.19,7.27,319.72,44.54,66.31,ATLANTICO,Frijol
189,2023 Feb 15 12:00:00 AM,ATLÁNTICO,SANTO TOMÁS,PLÁTANO,HARTON,3 MESES,HOJAS,SANA,NINGUNO,BUENO,2.84,0.23,2.02,2.92,0.71,,0.22,91.31,5.49,694.17,10.82,15.3,ATLANTICO,Plátano
190,2023 Feb 15 12:00:00 AM,ATLÁNTICO,SANTO TOMÁS,PLÁTANO,HARTON,4 MESES,HOJAS,SANA,NINGUNO,BUENO,2.43,0.19,1.51,2.35,0.75,,0.22,104.16,4.83,536.53,11.94,16.66,ATLANTICO,Plátano
191,2023 Feb 15 12:00:00 AM,ATLÁNTICO,SANTO TOMÁS,FRIJOL,CAUPI,3 MESES,HOJAS,SANA,NINGUNO,BUENO,4.34,0.29,1.23,3.58,0.45,0.03,0.27,138.73,7.38,232.1,46.82,69.88,ATLANTICO,Frijol
192,2023 Feb 15 12:00:00 AM,ATLÁNTICO,SANTO TOMÁS,FRIJOL,CAUPI,4 MESES,HOJAS,SANA,NINGUNO,BUENO,4.29,0.37,2.15,4.1,0.42,0.03,0.32,124.67,9.23,232.35,38.77,84.33,ATLANTICO,Frijol
193,2023 Feb 15 12:00:00 AM,ATLÁNTICO,SANTO TOMÁS,PLÁTANO,HARTON,4MESES,HOJAS,SANA,NINGUNO,BUENO,3.02,0.19,2.09,2.16,0.82,,0.22,85.54,6.79,517.12,10.49,16.49,ATLANTICO,Plátano
194,2023 Feb 15 12:00:00 AM,ATLÁNTICO,SANTO TOMÁS,YUCA,CHIROZA,4 MESES,HOJAS,SANA,NINGUNO,BUENO,5.02,0.43,1.12,1.04,0.37,0.03,0.29,107.48,6.62,155.3,84.41,32.13,ATLANTICO,Yuca
195,2023 Feb 15 12:00:00 AM,ATLÁNTICO,SANTO TOMÁS,PLÁTANO,HARTON,3 MESES,HOJAS,SANA,NINGUNO,BUENO,2.34,0.34,2.87,1.77,0.61,0.04,0.22,118.4,4.41,664.97,14.62,17.85,ATLANTICO,Plátano
196,2023 Feb 15 12:00:00 AM,ATLÁNTICO,SANTO TOMÁS,PLÁTANO,HARTON,4 MESES,HOJAS,SANA,NINGUNO,BUENO,2.62,0.3,2.63,2.3,0.54,,0.25,98.43,5.46,657.25,10.6,15.81,ATLANTICO,Plátano
197,2023 Feb 16 12:00:00 AM,ATLÁNTICO,SABANAGRANDE,PLÁTANO,HARTON,135 DÍAS,HOJAS,VERDE,NINGUNO,NO INDICA,2.55,0.29,2.96,2.11,0.85,,0.18,157.02,4.4,215.63,13.05,34.68,ATLANTICO,Plátano
198,2023 Feb 16 12:00:00 AM,ATLÁNTICO,SABANAGRANDE,PLÁTANO,HARTON,135 DÍAS,HOJAS,VERDE,NINGUNO,NO INDICA,2.8,0.25,2.9,1.47,0.62,0.05,0.21,100.06,4.66,929.05,12.54,24.48,ATLANTICO,Plátano
199,2023 Feb 16 12:00:00 AM,ATLÁNTICO,SABANAGRANDE,PLÁTANO,HARTON,135 DÍAS,HOJAS,VERDE,NINGUNO,NO INDICA,2.18,0.18,2.32,1.85,0.67,,0.25,135.47,3.9,533.59,10.26,21.08,ATLANTICO,Plátano
200,2023 Feb 16 12:00:00 AM,ATLÁNTICO,SABANAGRANDE,PLÁTANO,HARTON,135 DÍAS,HOJAS,VERDE,NINGUNO,NO INDICA,1.94,0.17,2.27,1.68,0.5,,0.45,268.57,3.92,806.1,11.96,18.87,ATLANTICO,Plátano
201,2023 Feb 16 12:00:00 AM,ATLÁNTICO,SABANAGRANDE,YUCA,CHIROZA,135 DÍAS,HOJAS,VERDE,NINGUNO,NO INDICA,5.33,0.32,1.2,0.85,0.46,0.03,0.38,95.7,7.65,115.36,77.57,46.41,ATLANTICO,Yuca
202,2023 Feb 16 12:00:00 AM,ATLÁNTICO,SABANAGRANDE,PLÁTANO,HARTON,135 DÍAS,HOJAS,VERDE,NINGUNO,NO INDICA,3.02,0.2,2.62,1.77,0.73,0.13,0.23,70.09,3.81,336.44,13.53,32.64,ATLANTICO,Plátano
203,2023 Feb 16 12:00:00 AM,ATLÁNTICO,SABANAGRANDE,YUCA,CHIROZA,135 DÍAS,HOJAS,VERDE,NINGUNO,NO INDICA,5.65,0.35,1.21,1.2,0.49,0.05,0.37,178.41,8.06,123.45,55.62,53.05,ATLANTICO,Yuca
204,2023 Feb 16 12:00:00 AM,ATLÁNTICO,SABANAGRANDE,PLÁTANO,HARTON,135 DÍAS,HOJAS,VERDE,NINGUNO,NO INDICA,2.6,0.2,2.17,2.41,0.78,0.09,0.2,252.08,3.07,584.26,14.77,22.27,ATLANTICO,Plátano
205,2023 Feb 16 12:00:00 AM,ATLÁNTICO,SABANAGRANDE,YUCA,CHIROZA,135 DÍAS,HOJAS,VERDE,NINGUNO,NO INDICA,4.22,0.25,0.94,0.57,0.39,,0.26,87.67,5.82,88.0,48.89,43.35,ATLANTICO,Yuca
206,2023 Feb 16 12:00:00 AM,ATLÁNTICO,SABANAGRANDE,PLÁTANO,HARTON,135 DÍAS,HOJAS,VERDE,NINGUNO,NO INDICA,1.87,0.13,1.88,2.12,0.68,0.03,0.16,94.62,3.25,562.28,11.14,21.93,ATLANTICO,Plátano
207,2023 Feb 16 12:00:00 AM,ATLÁNTICO,SABANAGRANDE,PLÁTANO,HARTON,135 DÍAS,HOJAS,VERDE,NINGUNO,NO INDICA,1.9,0.22,2.48,1.25,0.44,,0.23,115.04,3.68,1039.82,10.71,16.49,ATLANTICO,Plátano
208,2023 Feb 16 12:00:00 AM,ATLÁNTICO,SABANAGRANDE,YUCA,CHIROZA,135 DÍAS,HOJAS,VERDE,NINGUNO,NO INDICA,3.93,0.2,0.68,0.91,0.4,0.03,0.24,133.34,4.94,194.28,63.61,62.57,ATLANTICO,Yuca
209,2023 Feb 16 12:00:00 AM,ATLÁNTICO,SABANAGRANDE,PLÁTANO,HARTON,135 DÍAS,HOJAS,VERDE,NINGUNO,NO INDICA,1.82,0.14,1.3,1.53,0.45,0.03,0.16,123.22,3.38,653.8,11.84,20.23,ATLANTICO,Plátano
210,2023 Feb 16 12:00:00 AM,ATLÁNTICO,SABANAGRANDE,PLÁTANO,HARTON,135 DÍAS,HOJAS,VERDE,NINGUNO,NO INDICA,2.68,0.17,1.69,1.81,0.61,,0.21,126.3,4.5,713.25,12.05,21.59,ATLANTICO,Plátano
246,2023 Mar 01 12:00:00 AM,MAGDALENA,ZONA BANANERA,BANANO,NO INDICA,NO INDICA,FRUTO,NO INDICA,NO INDICA,BUENO,0.53,0.13,1.99,0.09,0.11,,0.03,13.75,2.85,14.3,9.13,13.17,MAGDALENA,Banano
247,2023 Mar 01 12:00:00 AM,MAGDALENA,ZONA BANANERA,BANANO,NO INDICA,NO INDICA,FRUTO,NO INDICA,NO INDICA,BUENO,0.54,0.13,2.01,0.1,0.11,,0.03,16.3,2.69,21.16,9.83,13.34,MAGDALENA,Banano
248,2023 Mar 01 12:00:00 AM,MAGDALENA,ZONA BANANERA,BANANO,NO INDICA,NO INDICA,FRUTO,NO INDICA,NO INDICA,BUENO,0.55,0.13,1.84,0.07,0.1,,0.03,15.46,2.78,16.54,8.91,13.68,MAGDALENA,Banano
249,2023 Mar 01 12:00:00 AM,MAGDALENA,ZONA BANANERA,BANANO,NO INDICA,NO INDICA,FRUTO,NO INDICA,NO INDICA,BUENO,0.55,0.12,1.97,0.09,0.09,,0.03,14.14,2.57,15.31,10.47,12.48,MAGDALENA,Banano
250,2023 Mar 01 12:00:00 AM,MAGDALENA,ZONA BANANERA,BANANO,NO INDICA,NO INDICA,FRUTO,NO INDICA,NO INDICA,BUENO,0.53,0.12,1.64,0.07,0.09,,0.03,18.0,2.84,18.96,8.39,11.97,MAGDALENA,Banano
251,2023 Mar 01 12:00:00 AM,MAGDALENA,ZONA BANANERA,BANANO,NO INDICA,NO INDICA,FRUTO,NO INDICA,NO INDICA,BUENO,0.57,0.14,1.86,0.08,0.11,,0.03,13.98,2.72,18.55,9.03,12.31,MAGDALENA,Banano
252,2023 Mar 01 12:00:00 AM,MAGDALENA,ZONA BANANERA,BANANO,NO INDICA,NO INDICA,FRUTO,NO INDICA,NO INDICA,BUENO,0.52,0.17,2.38,0.13,0.15,,0.04,16.63,3.01,15.91,9.91,14.03,MAGDALENA,Banano
253,2023 Mar 01 12:00:00 AM,MAGDALENA,ZONA BANANERA,BANANO,NO INDICA,NO INDICA,FRUTO,NO INDICA,NO INDICA,BUENO,0.54,0.1,1.7,0.09,0.09,,0.02,17.59,1.88,32.37,7.91,11.8,MAGDALENA,Banano
254,2023 Mar 01 12:00:00 AM,MAGDALENA,ZONA BANANERA,BANANO,NO INDICA,NO INDICA,FRUTO,NO INDICA,NO INDICA,BUENO,0.69,0.1,1.96,0.08,0.09,,0.03,16.78,1.66,23.99,7.53,9.23,MAGDALENA,Banano
255,2023 Mar 01 12:00:00 AM,MAGDALENA,ZONA BANANERA,BANANO,NO INDICA,NO INDICA,FRUTO,NO INDICA,NO INDICA,BUENO,0.61,0.11,2.01,0.09,0.09,,0.03,23.42,2.19,34.34,9.03,14.54,MAGDALENA,Banano
256,2023 Mar 01 12:00:00 AM,MAGDALENA,ZONA BANANERA,BANANO,NO INDICA,NO INDICA,FRUTO,NO INDICA,NO INDICA,BUENO,0.62,0.09,1.72,0.08,0.1,,0.03,17.83,1.87,23.45,7.55,9.4,MAGDALENA,Banano
257,2023 Mar 01 12:00:00 AM,MAGDALENA,ZONA BANANERA,BANANO,NO INDICA,NO INDICA,FRUTO,NO INDICA,NO INDICA,BUENO,0.59,0.1,1.89,0.09,0.1,,0.03,18.76,1.72,34.77,7.26,11.97,MAGDALENA,Banano
258,2023 Mar 01 12:00:00 AM,MAGDALENA,ZONA BANANERA,BANANO,NO INDICA,NO INDICA,FRUTO,NO INDICA,NO INDICA,BUENO,0.62,0.1,1.88,0.09,0.08,,0.03,18.54,1.84,29.51,8.59,10.77,MAGDALENA,Banano
259,2023 Mar 01 12:00:00 AM,MAGDALENA,ZONA BANANERA,BANANO,NO INDICA,NO INDICA,FRUTO,NO INDICA,NO INDICA,BUENO,0.59,0.11,1.96,0.08,0.1,,0.03,21.18,1.84,24.5,8.67,11.11,MAGDALENA,Banano
260,2023 Mar 01 12:00:00 AM,MAGDALENA,ZONA BANANERA,BANANO,NO INDICA,NO INDICA,FRUTO,NO INDICA,NO INDICA,BUENO,0.57,0.17,2.06,0.08,0.13,,0.03,18.23,3.29,14.84,8.74,12.83,MAGDALENA,Banano
261,2023 Mar 01 12:00:00 AM,MAGDALENA,ZONA BANANERA,BANANO,NO INDICA,NO INDICA,FRUTO,NO INDICA,NO INDICA,BUENO,0.57,0.14,1.82,0.08,0.12,,0.03,20.49,2.67,16.88,7.6,11.63,MAGDALENA,Banano
262,2023 Mar 01 12:00:00 AM,MAGDALENA,ZONA BANANERA,BANANO,NO INDICA,NO INDICA,FRUTO,NO INDICA,NO INDICA,BUENO,0.58,0.15,1.81,0.09,0.12,,0.03,16.31,3.47,19.65,9.33,11.11,MAGDALENA,Banano
263,2023 Mar 01 12:00:00 AM,MAGDALENA,ZONA BANANERA,BANANO,NO INDICA,NO INDICA,FRUTO,NO INDICA,NO INDICA,BUENO,0.55,0.14,1.74,0.08,0.11,,0.03,24.78,2.55,13.14,7.4,11.45,MAGDALENA,Banano
264,2023 Mar 01 12:00:00 AM,MAGDALENA,ZONA BANANERA,BANANO,NO INDICA,NO INDICA,FRUTO,NO INDICA,NO INDICA,BUENO,0.58,0.15,1.95,0.09,0.12,,0.03,19.48,3.14,15.35,7.88,11.8,MAGDALENA,Banano
265,2023 Mar 01 12:00:00 AM,MAGDALENA,ZONA BANANERA,BANANO,NO INDICA,NO INDICA,FRUTO,NO INDICA,NO INDICA,BUENO,0.55,0.14,1.69,0.08,0.11,,0.03,25.92,2.84,13.3,8.86,10.77,MAGDALENA,Banano
266,2023 Mar 01 12:00:00 AM,MAGDALENA,ZONA BANANERA,BANANO,NO INDICA,NO INDICA,FRUTO,NO INDICA,NO INDICA,BUENO,0.58,0.15,1.87,0.09,0.12,,0.03,16.94,3.22,15.51,9.86,11.11,MAGDALENA,Banano
267,2023 Mar 01 12:00:00 AM,LA GUAJIRA,DIBULLA,BANANO,NO INDICA,NO INDICA,FRUTO,NO INDICA,NO INDICA,BUENO,0.67,0.12,2.16,0.07,0.12,,0.03,29.7,2.13,11.79,9.73,10.25,LA GUAJIRA,Banano
268,2023 Mar 01 12:00:00 AM,LA GUAJIRA,DIBULLA,BANANO,NO INDICA,NO INDICA,FRUTO,NO INDICA,NO INDICA,BUENO,0.77,0.11,2.09,0.07,0.12,,0.03,33.6,1.6,8.33,8.01,11.8,LA GUAJIRA,Banano
269,2023 Mar 01 12:00:00 AM,LA GUAJIRA,DIBULLA,BANANO,NO INDICA,NO INDICA,FRUTO,NO INDICA,NO INDICA,BUENO,0.73,0.11,2.08,0.09,0.11,,0.04,51.4,4.63,14.49,12.39,15.4,LA GUAJIRA,Banano
270,2023 Mar 01 12:00:00 AM,LA GUAJIRA,DIBULLA,BANANO,NO INDICA,NO INDICA,FRUTO,NO INDICA,NO INDICA,BUENO,0.74,0.11,1.92,0.05,0.1,,0.03,34.08,2.27,6.77,8.47,8.88,LA GUAJIRA,Banano
271,2023 Mar 01 12:00:00 AM,LA GUAJIRA,DIBULLA,BANANO,NO INDICA,NO INDICA,FRUTO,NO INDICA,NO INDICA,BUENO,0.72,0.11,2.12,0.09,0.11,,0.03,29.94,3.0,14.93,10.71,14.03,LA GUAJIRA,Banano
272,2023 Mar 01 12:00:00 AM,LA GUAJIRA,DIBULLA,BANANO,NO INDICA,NO INDICA,FRUTO,NO INDICA,NO INDICA,BUENO,0.67,0.13,2.08,0.07,0.1,,0.03,35.2,3.59,9.75,11.44,11.8,LA GUAJIRA,Banano
273,2023 Mar 01 12:00:00 AM,LA GUAJIRA,DIBULLA,BANANO,NO INDICA,NO INDICA,FRUTO,NO INDICA,NO INDICA,BUENO,0.67,0.12,2.1,0.08,0.11,,0.04,34.89,3.44,15.92,13.58,12.48,LA GUAJIRA,Banano
398,2023 Apr 11 12:00:00 AM,MAGDALENA,ZONA BANANERA,PALMA DE ACEITE,TENERA,NO INDICA,HOJAS,NO INDICA,SI,BUENO,2.79,0.16,1.3,0.51,0.24,,0.16,114.62,6.43,61.05,26.99,21.32,MAGDALENA,Palma de aceite
399,2023 Apr 11 12:00:00 AM,MAGDALENA,ZONA BANANERA,PALMA DE ACEITE,TENERA,NO INDICA,HOJAS,NO INDICA,SI,BUENO,2.59,0.14,1.36,0.49,0.21,,0.15,102.84,6.1,56.45,20.51,17.0,MAGDALENA,Palma de aceite
400,2023 Apr 11 12:00:00 AM,MAGDALENA,ZONA BANANERA,PALMA DE ACEITE,TENERA,NO INDICA,HOJAS,NO INDICA,SI,BUENO,2.56,0.16,1.39,0.54,0.15,,0.15,75.18,6.98,54.23,14.8,17.83,MAGDALENA,Palma de aceite
401,2023 Apr 11 12:00:00 AM,MAGDALENA,ZONA BANANERA,PALMA DE ACEITE,TENERA,NO INDICA,HOJAS,NO INDICA,SI,BUENO,2.37,0.12,1.02,0.43,0.25,,0.12,127.38,5.03,91.72,14.12,15.29,MAGDALENA,Palma de aceite
402,2023 Apr 11 12:00:00 AM,MAGDALENA,ZONA BANANERA,PALMA DE ACEITE,TENERA,NO INDICA,HOJAS,NO INDICA,SI,BUENO,2.43,0.14,1.07,0.45,0.3,,0.14,131.25,5.31,96.16,21.0,15.58,MAGDALENA,Palma de aceite
403,2023 Apr 11 12:00:00 AM,MAGDALENA,ZONA BANANERA,PALMA DE ACEITE,TENERA,NO INDICA,HOJAS,NO INDICA,SI,BUENO,2.64,0.13,0.97,0.49,0.2,,0.14,87.56,5.61,65.74,18.22,13.28,MAGDALENA,Palma de aceite
404,2023 Apr 11 12:00:00 AM,MAGDALENA,ZONA BANANERA,PALMA DE ACEITE,TENERA,NO INDICA,HOJAS,NO INDICA,SI,BUENO,2.76,0.17,1.1,0.58,0.27,0.03,0.15,84.13,10.12,69.34,24.37,18.92,MAGDALENA,Palma de aceite
405,2023 Apr 11 12:00:00 AM,MAGDALENA,ZONA BANANERA,PALMA DE ACEITE,TENERA,NO INDICA,HOJAS,NO INDICA,SI,BUENO,2.26,0.13,0.89,0.63,0.2,,0.13,84.17,9.87,43.35,31.5,17.92,MAGDALENA,Palma de aceite
406,2023 Apr 11 12:00:00 AM,MAGDALENA,ZONA BANANERA,PALMA DE ACEITE,TENERA,NO INDICA,HOJAS,NO INDICA,SI,BUENO,2.64,0.14,0.95,0.59,0.15,,0.14,85.35,7.66,42.05,15.03,19.53,MAGDALENA,Palma de aceite
407,2023 Apr 11 12:00:00 AM,MAGDALENA,ZONA BANANERA,PALMA DE ACEITE,TENERA,NO INDICA,HOJAS,NO INDICA,SI,BUENO,2.2,0.11,0.96,0.53,0.2,,0.12,95.09,6.77,37.68,13.15,14.69,MAGDALENA,Palma de aceite
408,2023 Apr 11 12:00:00 AM,MAGDALENA,ZONA BANANERA,PALMA DE ACEITE,TENERA,NO INDICA,HOJAS,NO INDICA,SI,BUENO,2.74,0.13,0.97,0.52,0.17,,0.14,76.93,7.1,57.62,18.64,14.24,MAGDALENA,Palma de aceite
409,2023 Apr 11 12:00:00 AM,MAGDALENA,ZONA BANANERA,PALMA DE ACEITE,TENERA,NO INDICA,HOJAS,NO INDICA,SI,BUENO,2.42,0.13,0.94,0.46,0.2,,0.13,74.94,7.95,54.42,14.66,15.14,MAGDALENA,Palma de aceite
410,2023 Apr 11 12:00:00 AM,MAGDALENA,ZONA BANANERA,PALMA DE ACEITE,HIBRIDO OxG,NO INDICA,HOJAS,NO INDICA,SI,BUENO,2.8,0.16,1.13,0.47,0.16,,0.14,79.44,10.08,36.73,14.3,17.82,MAGDALENA,Palma de aceite
411,2023 Apr 11 12:00:00 AM,MAGDALENA,ZONA BANANERA,PALMA DE ACEITE,HIBRIDO OxG,NO INDICA,HOJAS,NO INDICA,SI,BUENO,2.48,0.14,1.16,0.45,0.17,,0.13,85.84,7.54,36.74,15.34,17.7,MAGDALENA,Palma de aceite
412,2023 Apr 11 12:00:00 AM,MAGDALENA,ZONA BANANERA,PALMA DE ACEITE,HIBRIDO OxG,NO INDICA,HOJAS,NO INDICA,SI,BUENO,2.67,0.16,1.17,0.56,0.22,,0.16,88.05,9.79,56.53,16.71,21.0,MAGDALENA,Palma de aceite
413,2023 Apr 11 12:00:00 AM,MAGDALENA,ZONA BANANERA,PALMA DE ACEITE,HIBRIDO OxG,NO INDICA,HOJAS,NO INDICA,SI,BUENO,2.66,0.16,1.36,0.51,0.19,,0.15,120.89,11.91,28.82,16.25,18.46,MAGDALENA,Palma de aceite
414,2023 Apr 11 12:00:00 AM,MAGDALENA,ZONA BANANERA,PALMA DE ACEITE,HIBRIDO OxG,NO INDICA,HOJAS,NO INDICA,SI,BUENO,2.61,0.16,1.03,0.6,0.27,,0.16,81.59,9.62,58.05,16.26,19.04,MAGDALENA,Palma de aceite
415,2023 Apr 11 12:00:00 AM,MAGDALENA,ZONA BANANERA,PALMA DE ACEITE,HIBRIDO OxG,NO INDICA,HOJAS,NO INDICA,SI,BUENO,2.29,0.15,1.35,0.61,0.24,,0.14,174.45,10.12,69.41,20.53,13.28,MAGDALENA,Palma de aceite
749,2023 Jun 30 12:00:00 AM,MAGDALENA,ZONA BANANERA,MANGO,AZUCAR E HILAZA,NO INDICA,FRUTO,NO INDICA,NO INDICA,NO INDICA,0.56,0.09,0.91,0.06,0.06,,0.04,12.82,6.36,,5.08,9.28,MAGDALENA,Mango
750,2023 Jun 30 12:00:00 AM,MAGDALENA,ZONA BANANERA,MANGO,AZUCAR E HILAZA,NO INDICA,FRUTO,NO INDICA,NO INDICA,NO INDICA,0.29,0.08,0.95,0.06,0.04,,0.02,9.91,5.14,,4.7,5.31,MAGDALENA,Mango
751,2023 Jun 30 12:00:00 AM,MAGDALENA,ZONA BANANERA,MANGO,AZUCAR E HILAZA,NO INDICA,FRUTO,NO INDICA,NO INDICA,NO INDICA,0.31,0.11,1.19,0.05,0.06,,0.03,10.07,7.53,,4.89,8.05,MAGDALENA,Mango
752,2023 Jun 30 12:00:00 AM,MAGDALENA,ZONA BANANERA,MANGO,AZUCAR E HILAZA,NO INDICA,FRUTO,NO INDICA,NO INDICA,NO INDICA,0.33,0.08,0.82,0.05,0.05,,0.03,12.15,4.28,,5.57,7.51,MAGDALENA,Mango
753,2023 Jun 30 12:00:00 AM,MAGDALENA,ZONA BANANERA,MANGO,AZUCAR E HILAZA,NO INDICA,FRUTO,NO INDICA,NO INDICA,NO INDICA,0.41,0.11,1.19,0.04,0.06,,0.04,11.54,8.2,,6.02,9.09,MAGDALENA,Mango
754,2023 Jun 30 12:00:00 AM,MAGDALENA,ZONA BANANERA,MANGO,AZUCAR E HILAZA,NO INDICA,FRUTO,NO INDICA,NO INDICA,NO INDICA,0.29,0.08,1.02,0.05,0.05,,0.03,8.74,5.55,,4.8,6.02,MAGDALENA,Mango
755,2023 Jun 30 12:00:00 AM,MAGDALENA,ZONA BANANERA,MANGO,AZUCAR E HILAZA,NO INDICA,FRUTO,NO INDICA,NO INDICA,NO INDICA,0.38,0.1,0.98,0.04,0.05,,0.03,9.57,6.56,,4.22,9.08,MAGDALENA,Mango
756,2023 Jun 30 12:00:00 AM,MAGDALENA,ZONA BANANERA,MANGO,AZUCAR E HILAZA,NO INDICA,FRUTO,NO INDICA,NO INDICA,NO INDICA,0.35,0.08,1.06,0.04,0.04,,0.03,9.54,6.6,,5.58,5.54,MAGDALENA,Mango
757,2023 Jun 30 12:00:00 AM,MAGDALENA,ZONA BANANERA,MANGO,AZUCAR E HILAZA,NO INDICA,FRUTO,NO INDICA,NO INDICA,NO INDICA,0.24,0.08,1.13,0.06,0.04,,0.02,9.94,4.89,,4.32,4.83,MAGDALENA,Mango
758,2023 Jun 30 12:00:00 AM,MAGDALENA,ZONA BANANERA,MANGO,AZUCAR E HILAZA,NO INDICA,FRUTO,NO INDICA,NO INDICA,NO INDICA,0.42,0.09,1.09,0.06,0.06,,0.04,15.14,7.22,,8.14,6.69,MAGDALENA,Mango
759,2023 Jun 30 12:00:00 AM,MAGDALENA,ZONA BANANERA,MANGO,AZUCAR E HILAZA,NO INDICA,FRUTO,NO INDICA,NO INDICA,NO INDICA,0.29,0.1,1.21,0.05,0.06,,0.03,11.43,7.42,,4.55,8.24,MAGDALENA,Mango
760,2023 Jun 30 12:00:00 AM,MAGDALENA,ZONA BANANERA,MANGO,AZUCAR E HILAZA,NO INDICA,FRUTO,NO INDICA,NO INDICA,NO INDICA,0.34,0.08,0.8,0.06,0.05,,0.03,9.38,5.33,,4.55,9.67,MAGDALENA,Mango
761,2023 Jun 30 12:00:00 AM,MAGDALENA,ZONA BANANERA,MANGO,AZUCAR E HILAZA,NO INDICA,FRUTO,NO INDICA,NO INDICA,NO INDICA,0.32,0.1,1.18,0.04,0.06,,0.04,10.68,7.88,,7.62,6.95,MAGDALENA,Mango
762,2023 Jun 30 12:00:00 AM,MAGDALENA,ZONA BANANERA,MANGO,AZUCAR E HILAZA,NO INDICA,FRUTO,NO INDICA,NO INDICA,NO INDICA,0.35,0.08,0.91,0.06,0.06,,0.04,9.31,5.7,,4.97,8.04,MAGDALENA,Mango
763,2023 Jun 30 12:00:00 AM,MAGDALENA,ZONA BANANERA,MANGO,AZUCAR E HILAZA,NO INDICA,FRUTO,NO INDICA,NO INDICA,NO INDICA,0.43,0.12,1.12,0.05,0.05,,0.04,10.43,7.1,,8.07,4.71,MAGDALENA,Mango
764,2023 Jun 30 12:00:00 AM,MAGDALENA,ZONA BANANERA,MANGO,AZUCAR E HILAZA,NO INDICA,FRUTO,NO INDICA,NO INDICA,NO INDICA,0.37,0.08,0.93,0.07,0.05,,0.03,9.34,5.48,,4.9,6.48,MAGDALENA,Mango
765,2023 Jun 30 12:00:00 AM,MAGDALENA,ZONA BANANERA,MANGO,AZUCAR E HILAZA,NO INDICA,FRUTO,NO INDICA,NO INDICA,NO INDICA,0.33,0.09,1.05,0.06,0.07,,0.04,10.25,6.52,,4.92,9.81,MAGDALENA,Mango
766,2023 Jun 30 12:00:00 AM,MAGDALENA,ZONA BANANERA,MANGO,AZUCAR E HILAZA,NO INDICA,FRUTO,NO INDICA,NO INDICA,NO INDICA,0.43,0.09,1.0,0.07,0.06,,0.04,12.02,8.13,7.02,7.98,5.76,MAGDALENA,Mango
767,2023 Jun 30 12:00:00 AM,MAGDALENA,ZONA BANANERA,MANGO,AZUCAR E HILAZA,NO INDICA,FRUTO,NO INDICA,NO INDICA,NO INDICA,0.36,0.1,1.19,0.05,0.06,,0.04,9.75,5.92,,4.64,9.22,MAGDALENA,Mango
768,2023 Jun 30 12:00:00 AM,MAGDALENA,ZONA BANANERA,MANGO,AZUCAR E HILAZA,NO INDICA,FRUTO,NO INDICA,NO INDICA,NO INDICA,0.29,0.07,0.86,0.08,0.07,,0.03,8.32,3.78,,3.84,7.92,MAGDALENA,Mango
769,2023 Jun 30 12:00:00 AM,MAGDALENA,ZONA BANANERA,MANGO,AZUCAR E HILAZA,NO INDICA,FRUTO,NO INDICA,NO INDICA,NO INDICA,0.37,0.09,1.16,0.05,0.06,,0.04,8.69,5.51,,5.07,8.43,MAGDALENA,Mango
770,2023 Jun 30 12:00:00 AM,MAGDALENA,ZONA BANANERA,MANGO,AZUCAR E HILAZA,NO INDICA,FRUTO,NO INDICA,NO INDICA,NO INDICA,0.4,0.1,1.13,0.07,0.06,,0.03,12.65,6.42,,6.91,6.21,MAGDALENA,Mango
771,2023 Jun 30 12:00:00 AM,MAGDALENA,ZONA BANANERA,MANGO,AZUCAR E HILAZA,NO INDICA,FRUTO,NO INDICA,NO INDICA,NO INDICA,0.28,0.08,0.87,0.06,0.06,,0.03,8.97,3.9,,7.53,7.26,MAGDALENA,Mango
772,2023 Jun 30 12:00:00 AM,MAGDALENA,ZONA BANANERA,MANGO,AZUCAR E HILAZA,NO INDICA,FRUTO,NO INDICA,NO INDICA,NO INDICA,0.48,0.12,1.16,0.06,0.05,,0.03,9.44,6.6,,5.91,4.86,MAGDALENA,Mango
773,2023 Jun 30 12:00:00 AM,MAGDALENA,ZONA BANANERA,MANGO,AZUCAR E HILAZA,NO INDICA,FRUTO,NO INDICA,NO INDICA,NO INDICA,0.36,0.11,1.13,0.05,0.06,,0.04,11.27,6.34,,4.28,9.18,MAGDALENA,Mango
774,2023 Jun 30 12:00:00 AM,MAGDALENA,ZONA BANANERA,MANGO,AZUCAR E HILAZA,NO INDICA,FRUTO,NO INDICA,NO INDICA,NO INDICA,0.26,0.08,0.93,0.07,0.04,,0.02,9.52,4.09,,3.64,4.9,MAGDALENA,Mango
775,2023 Jun 30 12:00:00 AM,MAGDALENA,ZONA BANANERA,MANGO,AZUCAR E HILAZA,NO INDICA,FRUTO,NO INDICA,NO INDICA,NO INDICA,0.21,0.09,1.03,0.05,0.04,,0.02,9.32,3.96,,4.24,4.75,MAGDALENA,Mango
776,2023 Jun 30 12:00:00 AM,MAGDALENA,ZONA BANANERA,MANGO,AZUCAR E HILAZA,NO INDICA,FRUTO,NO INDICA,NO INDICA,NO INDICA,0.34,0.09,0.96,0.05,0.06,,0.03,9.47,4.18,,4.36,9.36,MAGDALENA,Mango
777,2023 Jun 30 12:00:00 AM,MAGDALENA,ZONA BANANERA,MANGO,AZUCAR E HILAZA,NO INDICA,FRUTO,NO INDICA,NO INDICA,NO INDICA,0.37,0.09,0.91,0.05,0.05,,0.03,8.57,4.62,,5.46,5.46,MAGDALENA,Mango
778,2023 Jun 30 12:00:00 AM,MAGDALENA,ZONA BANANERA,MANGO,AZUCAR E HILAZA,NO INDICA,FRUTO,NO INDICA,NO INDICA,NO INDICA,0.37,0.12,1.32,0.05,0.06,,0.04,9.15,7.18,,4.84,8.32,MAGDALENA,Mango
779,2023 Jun 30 12:00:00 AM,MAGDALENA,ZONA BANANERA,MANGO,AZUCAR E HILAZA,NO INDICA,FRUTO,NO INDICA,NO INDICA,NO INDICA,0.24,0.09,1.13,0.04,0.05,,0.02,7.75,4.72,,3.24,7.13,MAGDALENA,Mango
780,2023 Jun 30 12:00:00 AM,MAGDALENA,ZONA BANANERA,MANGO,AZUCAR E HILAZA,NO INDICA,FRUTO,NO INDICA,NO INDICA,NO INDICA,0.22,0.11,1.31,0.06,0.07,,0.05,8.65,7.15,,5.13,6.66,MAGDALENA,Mango
781,2023 Jun 30 12:00:00 AM,MAGDALENA,ZONA BANANERA,MANGO,AZUCAR E HILAZA,NO INDICA,FRUTO,NO INDICA,NO INDICA,NO INDICA,0.35,0.08,1.0,0.05,0.05,,0.03,9.06,5.65,,6.78,4.52,MAGDALENA,Mango
782,2023 Jun 30 12:00:00 AM,MAGDALENA,ZONA BANANERA,MANGO,AZUCAR E HILAZA,NO INDICA,FRUTO,NO INDICA,NO INDICA,NO INDICA,0.28,0.1,1.12,0.05,0.05,,0.03,9.54,5.61,,3.56,7.53,MAGDALENA,Mango
783,2023 Jun 30 12:00:00 AM,MAGDALENA,ZONA BANANERA,MANGO,AZUCAR E HILAZA,NO INDICA,FRUTO,NO INDICA,NO INDICA,NO INDICA,0.42,0.09,0.94,0.05,0.05,,0.04,8.31,5.28,,4.13,7.54,MAGDALENA,Mango
784,2023 Jun 30 12:00:00 AM,MAGDALENA,ZONA BANANERA,MANGO,AZUCAR E HILAZA,NO INDICA,FRUTO,NO INDICA,NO INDICA,NO INDICA,0.21,0.08,1.06,0.05,0.05,,0.02,7.76,5.05,,3.99,5.77,MAGDALENA,Mango
785,2023 Jun 30 12:00:00 AM,MAGDALENA,ZONA BANANERA,MANGO,AZUCAR E HILAZA,NO INDICA,FRUTO,NO INDICA,NO INDICA,NO INDICA,0.4,0.09,0.96,0.04,0.05,,0.03,13.87,4.64,,4.03,7.75,MAGDALENA,Mango
786,2023 Jun 30 12:00:00 AM,MAGDALENA,ZONA BANANERA,MANGO,AZUCAR E HILAZA,NO INDICA,FRUTO,NO INDICA,NO INDICA,NO INDICA,0.22,0.1,0.97,0.05,0.06,,0.04,8.0,5.42,,4.0,8.07,MAGDALENA,Mango
787,2023 Jun 30 12:00:00 AM,MAGDALENA,ZONA BANANERA,MANGO,AZUCAR E HILAZA,NO INDICA,FRUTO,NO INDICA,NO INDICA,NO INDICA,0.37,0.1,1.18,0.05,0.06,,0.04,10.82,5.69,,3.93,8.02,MAGDALENA,Mango
788,2023 Jun 30 12:00:00 AM,MAGDALENA,ZONA BANANERA,MANGO,AZUCAR E HILAZA,NO INDICA,FRUTO,NO INDICA,NO INDICA,NO INDICA,0.39,0.1,1.19,0.04,0.06,,0.04,8.84,6.0,,4.05,9.1,MAGDALENA,Mango
789,2023 Jun 30 12:00:00 AM,MAGDALENA,ZONA BANANERA,MANGO,AZUCAR E HILAZA,NO INDICA,FRUTO,NO INDICA,NO INDICA,NO INDICA,0.3,0.09,1.09,0.06,0.06,,0.03,8.28,5.95,,3.8,9.09,MAGDALENA,Mango
790,2023 Jun 30 12:00:00 AM,MAGDALENA,ZONA BANANERA,MANGO,AZUCAR E HILAZA,NO INDICA,FRUTO,NO INDICA,NO INDICA,NO INDICA,0.4,0.1,1.07,0.05,0.05,,0.04,9.28,5.8,,4.76,6.89,MAGDALENA,Mango
858,2023 Jul 24 12:00:00 AM,MAGDALENA,ZONA BANANERA,MARAÑÓN,Clon 4851,NO INDICA,FRUTO,NO INDICA,NO INDICA,BUENO,0.84,0.15,1.27,0.04,0.13,0.03,0.08,20.19,5.8,6.52,11.22,3.03,MAGDALENA,Marañón
859,2023 Jul 24 12:00:00 AM,MAGDALENA,ZONA BANANERA,MARAÑÓN,Clon 4851,NO INDICA,FRUTO,NO INDICA,NO INDICA,BUENO,1.28,0.18,1.65,0.03,0.15,,0.1,20.9,6.42,11.33,12.23,4.39,MAGDALENA,Marañón
860,2023 Jul 24 12:00:00 AM,MAGDALENA,ZONA BANANERA,MARAÑÓN,Clon 4851,NO INDICA,FRUTO,NO INDICA,NO INDICA,BUENO,1.81,0.25,1.87,0.04,0.18,0.04,0.13,28.48,10.6,13.9,15.96,5.52,MAGDALENA,Marañón
861,2023 Jul 24 12:00:00 AM,MAGDALENA,ZONA BANANERA,MARAÑÓN,Clon 4851,NO INDICA,FRUTO,NO INDICA,NO INDICA,BUENO,1.35,0.2,1.42,0.04,0.15,0.03,0.11,20.79,8.91,9.75,16.12,5.65,MAGDALENA,Marañón
862,2023 Jul 24 12:00:00 AM,MAGDALENA,ZONA BANANERA,MARAÑÓN,Clon 4851,NO INDICA,FRUTO,NO INDICA,NO INDICA,BUENO,0.89,0.14,1.25,0.03,0.11,,0.07,16.69,5.55,6.88,10.56,4.47,MAGDALENA,Marañón
863,2023 Jul 24 12:00:00 AM,MAGDALENA,ZONA BANANERA,MARAÑÓN,Clon 4851,NO INDICA,FRUTO,NO INDICA,NO INDICA,BUENO,0.86,0.13,1.14,0.02,0.11,,0.07,16.27,4.96,,6.89,3.26,MAGDALENA,Marañón
864,2023 Jul 24 12:00:00 AM,MAGDALENA,ZONA BANANERA,MARAÑÓN,Clon 4851,NO INDICA,FRUTO,NO INDICA,NO INDICA,BUENO,0.91,0.14,1.25,0.03,0.11,,0.07,17.39,6.11,,9.57,3.85,MAGDALENA,Marañón
865,2023 Jul 24 12:00:00 AM,MAGDALENA,ZONA BANANERA,MARAÑÓN,Clon 4851,NO INDICA,FRUTO,NO INDICA,NO INDICA,BUENO,0.92,0.17,1.32,0.03,0.12,,0.08,18.08,6.7,6.94,10.55,4.05,MAGDALENA,Marañón
866,2023 Jul 24 12:00:00 AM,MAGDALENA,ZONA BANANERA,MARAÑÓN,Clon 4851,NO INDICA,FRUTO,NO INDICA,NO INDICA,BUENO,0.89,0.18,1.2,0.04,0.11,,0.07,19.62,5.49,7.37,11.54,3.59,MAGDALENA,Marañón
867,2023 Jul 24 12:00:00 AM,MAGDALENA,ZONA BANANERA,MARAÑÓN,Clon 4851,NO INDICA,FRUTO,NO INDICA,NO INDICA,BUENO,1.06,0.17,1.4,0.04,0.12,,0.08,28.13,6.83,9.84,11.09,4.35,MAGDALENA,Marañón
868,2023 Jul 24 12:00:00 AM,MAGDALENA,ZONA BANANERA,MARAÑÓN,Mapiria,NO INDICA,FRUTO,NO INDICA,NO INDICA,BUENO,1.47,0.24,1.42,0.04,0.14,0.07,0.13,29.5,9.48,11.27,17.92,5.29,MAGDALENA,Marañón
869,2023 Jul 24 12:00:00 AM,MAGDALENA,ZONA BANANERA,MARAÑÓN,Mapiria,NO INDICA,FRUTO,NO INDICA,NO INDICA,BUENO,1.28,0.17,1.04,0.03,0.1,0.03,0.09,17.08,7.16,8.71,11.61,4.4,MAGDALENA,Marañón
870,2023 Jul 24 12:00:00 AM,MAGDALENA,ZONA BANANERA,MARAÑÓN,Mapiria,NO INDICA,FRUTO,NO INDICA,NO INDICA,BUENO,1.07,0.17,0.91,0.03,0.09,0.04,0.08,22.56,7.05,7.06,12.25,4.82,MAGDALENA,Marañón
871,2023 Jul 24 12:00:00 AM,MAGDALENA,ZONA BANANERA,MARAÑÓN,Mapiria,NO INDICA,FRUTO,NO INDICA,NO INDICA,BUENO,0.98,0.17,1.04,0.03,0.09,,0.08,18.4,7.94,6.54,11.21,5.25,MAGDALENA,Marañón
872,2023 Jul 24 12:00:00 AM,MAGDALENA,ZONA BANANERA,MARAÑÓN,Mapiria,NO INDICA,FRUTO,NO INDICA,NO INDICA,BUENO,1.16,0.16,0.81,0.03,0.08,,0.09,27.75,9.09,6.75,10.88,5.6,MAGDALENA,Marañón
873,2023 Jul 24 12:00:00 AM,MAGDALENA,ZONA BANANERA,MARAÑÓN,Mapiria,NO INDICA,FRUTO,NO INDICA,NO INDICA,BUENO,0.99,0.15,0.9,0.02,0.08,0.04,0.08,18.68,8.68,,9.48,4.99,MAGDALENA,Marañón
874,2023 Jul 24 12:00:00 AM,MAGDALENA,ZONA BANANERA,MARAÑÓN,Mapiria,NO INDICA,FRUTO,NO INDICA,NO INDICA,BUENO,1.04,0.16,0.88,0.03,0.08,0.03,0.08,22.04,8.27,6.66,10.72,5.42,MAGDALENA,Marañón
875,2023 Jul 24 12:00:00 AM,MAGDALENA,ZONA BANANERA,MARAÑÓN,Mapiria,NO INDICA,FRUTO,NO INDICA,NO INDICA,BUENO,1.2,0.16,0.84,0.03,0.08,,0.08,16.65,7.26,7.59,12.4,5.17,MAGDALENA,Marañón
876,2023 Jul 24 12:00:00 AM,MAGDALENA,ZONA BANANERA,MARAÑÓN,Mapiria,NO INDICA,FRUTO,NO INDICA,NO INDICA,BUENO,1.11,0.16,0.91,0.02,0.09,,0.08,19.41,7.32,6.94,11.84,4.8,MAGDALENA,Marañón
877,2023 Jul 24 12:00:00 AM,MAGDALENA,ZONA BANANERA,MARAÑÓN,Mapiria,NO INDICA,FRUTO,NO INDICA,NO INDICA,BUENO,1.28,0.19,1.01,0.02,0.11,0.05,0.1,16.23,6.86,8.74,14.73,4.46,MAGDALENA,Marañón
878,2023 Jul 24 12:00:00 AM,MAGDALENA,ZONA BANANERA,MARAÑÓN,Yopare,NO INDICA,FRUTO,NO INDICA,NO INDICA,BUENO,1.18,0.21,1.45,0.03,0.12,0.03,0.1,19.71,7.02,9.55,15.18,5.69,MAGDALENA,Marañón
879,2023 Jul 24 12:00:00 AM,MAGDALENA,ZONA BANANERA,MARAÑÓN,Clon 4851,NO INDICA,SEMILLA,NO INDICA,NO INDICA,BUENO,1.05,0.23,0.48,0.05,0.13,0.03,0.07,23.65,10.51,8.78,20.46,4.96,MAGDALENA,Marañón
880,2023 Jul 24 12:00:00 AM,MAGDALENA,ZONA BANANERA,MARAÑÓN,Clon 4851,NO INDICA,SEMILLA,NO INDICA,NO INDICA,BUENO,1.02,0.22,0.56,0.03,0.13,,0.06,15.24,8.24,9.62,14.35,7.39,MAGDALENA,Marañón
881,2023 Jul 24 12:00:00 AM,MAGDALENA,ZONA BANANERA,MARAÑÓN,Clon 4851,NO INDICA,SEMILLA,NO INDICA,NO INDICA,BUENO,1.15,0.24,0.53,0.04,0.14,,0.07,20.77,10.5,10.36,17.69,5.97,MAGDALENA,Marañón
882,2023 Jul 24 12:00:00 AM,MAGDALENA,ZONA BANANERA,MARAÑÓN,Clon 4851,NO INDICA,SEMILLA,NO INDICA,NO INDICA,BUENO,1.09,0.21,0.49,0.05,0.12,0.03,0.07,20.46,10.67,11.15,16.45,6.02,MAGDALENA,Marañón
883,2023 Jul 24 12:00:00 AM,MAGDALENA,ZONA BANANERA,MARAÑÓN,Clon 4851,NO INDICA,SEMILLA,NO INDICA,NO INDICA,BUENO,0.99,0.24,0.54,0.06,0.12,,0.06,18.05,9.63,11.21,18.13,5.89,MAGDALENA,Marañón
884,2023 Jul 24 12:00:00 AM,MAGDALENA,ZONA BANANERA,MARAÑÓN,Clon 4851,NO INDICA,SEMILLA,NO INDICA,NO INDICA,BUENO,0.97,0.25,0.6,0.05,0.15,,0.07,18.48,8.92,13.06,16.06,5.85,MAGDALENA,Marañón
885,2023 Jul 24 12:00:00 AM,MAGDALENA,ZONA BANANERA,MARAÑÓN,Clon 4851,NO INDICA,SEMILLA,NO INDICA,NO INDICA,BUENO,1.09,0.22,0.56,0.04,0.13,,0.06,18.91,9.76,10.35,16.66,5.35,MAGDALENA,Marañón
886,2023 Jul 24 12:00:00 AM,MAGDALENA,ZONA BANANERA,MARAÑÓN,Clon 4851,NO INDICA,SEMILLA,NO INDICA,NO INDICA,BUENO,1.05,0.25,0.6,0.05,0.16,,0.07,21.53,9.38,11.14,17.09,5.28,MAGDALENA,Marañón
887,2023 Jul 24 12:00:00 AM,MAGDALENA,ZONA BANANERA,MARAÑÓN,Clon 4851,NO INDICA,SEMILLA,NO INDICA,NO INDICA,BUENO,1.07,0.27,0.49,0.06,0.11,,0.06,21.28,10.0,11.68,16.96,5.17,MAGDALENA,Marañón
888,2023 Jul 24 12:00:00 AM,MAGDALENA,ZONA BANANERA,MARAÑÓN,Clon 4851,NO INDICA,SEMILLA,NO INDICA,NO INDICA,BUENO,1.08,0.23,0.57,0.05,0.13,,0.07,23.43,9.02,10.02,17.13,5.07,MAGDALENA,Marañón
889,2023 Jul 24 12:00:00 AM,MAGDALENA,ZONA BANANERA,MARAÑÓN,Mapiria,NO INDICA,SEMILLA,NO INDICA,NO INDICA,BUENO,1.09,0.19,0.44,0.05,0.13,0.05,0.06,28.7,8.29,9.8,17.69,4.45,MAGDALENA,Marañón
890,2023 Jul 24 12:00:00 AM,MAGDALENA,ZONA BANANERA,MARAÑÓN,Mapiria,NO INDICA,SEMILLA,NO INDICA,NO INDICA,BUENO,1.1,0.22,0.48,0.06,0.15,0.06,0.06,19.2,8.16,12.09,18.79,4.63,MAGDALENA,Marañón
891,2023 Jul 24 12:00:00 AM,MAGDALENA,ZONA BANANERA,MARAÑÓN,Mapiria,NO INDICA,SEMILLA,NO INDICA,NO INDICA,BUENO,1.06,0.25,0.55,0.06,0.16,0.04,0.06,22.38,8.56,13.41,18.96,5.4,MAGDALENA,Marañón
892,2023 Jul 24 12:00:00 AM,MAGDALENA,ZONA BANANERA,MARAÑÓN,Mapiria,NO INDICA,SEMILLA,NO INDICA,NO INDICA,BUENO,1.11,0.23,0.58,0.07,0.14,,0.06,25.01,9.06,12.73,18.6,6.62,MAGDALENA,Marañón
893,2023 Jul 24 12:00:00 AM,MAGDALENA,ZONA BANANERA,MARAÑÓN,Mapiria,NO INDICA,SEMILLA,NO INDICA,NO INDICA,BUENO,1.0,0.27,0.59,0.06,0.13,,0.07,19.63,8.98,10.75,24.57,5.51,MAGDALENA,Marañón
894,2023 Jul 24 12:00:00 AM,MAGDALENA,ZONA BANANERA,MARAÑÓN,Mapiria,NO INDICA,SEMILLA,NO INDICA,NO INDICA,BUENO,1.47,0.28,0.55,0.08,0.18,0.04,0.08,27.33,11.97,16.77,23.92,6.79,MAGDALENA,Marañón
895,2023 Jul 24 12:00:00 AM,MAGDALENA,ZONA BANANERA,MARAÑÓN,Mapiria,NO INDICA,SEMILLA,NO INDICA,NO INDICA,BUENO,1.15,0.26,0.56,0.06,0.15,0.04,0.07,22.43,9.53,14.81,18.21,6.78,MAGDALENA,Marañón
896,2023 Jul 24 12:00:00 AM,MAGDALENA,ZONA BANANERA,MARAÑÓN,Mapiria,NO INDICA,SEMILLA,NO INDICA,NO INDICA,BUENO,1.14,0.25,0.57,0.07,0.15,,0.06,23.21,8.72,13.81,19.1,5.44,MAGDALENA,Marañón
897,2023 Jul 24 12:00:00 AM,MAGDALENA,ZONA BANANERA,MARAÑÓN,Mapiria,NO INDICA,SEMILLA,NO INDICA,NO INDICA,BUENO,1.17,0.25,0.57,0.07,0.16,,0.07,27.16,8.16,12.45,19.29,5.92,MAGDALENA,Marañón
898,2023 Jul 24 12:00:00 AM,MAGDALENA,ZONA BANANERA,MARAÑÓN,Mapiria,NO INDICA,SEMILLA,NO INDICA,NO INDICA,BUENO,1.06,0.21,0.57,0.06,0.15,,0.06,27.23,8.87,12.38,18.17,4.86,MAGDALENA,Marañón
899,2023 Jul 24 12:00:00 AM,MAGDALENA,ZONA BANANERA,MARAÑÓN,Yopare,NO INDICA,SEMILLA,NO INDICA,NO INDICA,BUENO,1.1,0.28,0.58,0.05,0.15,,0.07,19.07,9.67,11.92,16.53,5.16,MAGDALENA,Marañón
930,2023 Jul 26 12:00:00 AM,MAGDALENA,ZONA BANANERA,MANGO,NO INDICA,10 MESES,HOJAS,NO INDICA,NO INDICA,NO INDICA,2.15,0.15,0.86,1.49,0.21,0.08,0.15,141.56,18.93,204.36,26.08,187.21,MAGDALENA,Mango
931,2023 Jul 26 12:00:00 AM,MAGDALENA,ZONA BANANERA,MANGO,NO INDICA,10 MESES,HOJAS,NO INDICA,NO INDICA,NO INDICA,2.09,0.16,0.82,1.37,0.19,0.09,0.15,130.46,17.46,155.82,26.83,169.0,MAGDALENA,Mango
932,2023 Jul 26 12:00:00 AM,MAGDALENA,ZONA BANANERA,MANGO,NO INDICA,10 MESES,HOJAS,NO INDICA,NO INDICA,NO INDICA,1.97,0.15,0.84,1.34,0.22,0.09,0.15,209.97,22.02,445.86,27.09,187.15,MAGDALENA,Mango
933,2023 Jul 26 12:00:00 AM,MAGDALENA,ZONA BANANERA,MANGO,NO INDICA,10 MESES,HOJAS,NO INDICA,NO INDICA,NO INDICA,2.34,0.35,0.81,1.72,0.26,0.05,0.22,140.95,25.69,36.59,44.79,110.05,MAGDALENA,Mango
934,2023 Jul 26 12:00:00 AM,MAGDALENA,ZONA BANANERA,MANGO,NO INDICA,10 MESES,HOJAS,NO INDICA,NO INDICA,NO INDICA,2.24,0.29,0.82,1.77,0.29,0.06,0.16,97.94,10.87,59.21,39.0,99.71,MAGDALENA,Mango
935,2023 Jul 26 12:00:00 AM,MAGDALENA,ZONA BANANERA,MANGO,NO INDICA,10 MESES,HOJAS,NO INDICA,NO INDICA,NO INDICA,2.09,0.26,0.74,1.67,0.25,0.06,0.15,98.14,8.14,42.4,30.04,83.39,MAGDALENA,Mango
936,2023 Jul 26 12:00:00 AM,MAGDALENA,ZONA BANANERA,MANGO,NO INDICA,10 MESES,HOJAS,NO INDICA,NO INDICA,NO INDICA,2.31,0.17,0.59,1.78,0.34,0.1,0.17,124.82,14.75,36.21,20.45,177.23,MAGDALENA,Mango
937,2023 Jul 26 12:00:00 AM,MAGDALENA,ZONA BANANERA,MANGO,NO INDICA,10 MESES,HOJAS,NO INDICA,NO INDICA,NO INDICA,2.11,0.2,1.01,1.59,0.32,0.09,0.15,164.12,12.33,55.88,17.68,146.99,MAGDALENA,Mango
938,2023 Jul 26 12:00:00 AM,MAGDALENA,ZONA BANANERA,MANGO,NO INDICA,10 MESES,HOJAS,NO INDICA,NO INDICA,NO INDICA,2.32,0.14,0.78,1.6,0.27,0.09,0.17,138.9,22.14,37.32,22.51,216.38,MAGDALENA,Mango
939,2023 Jul 26 12:00:00 AM,MAGDALENA,ZONA BANANERA,MANGO,NO INDICA,10 MESES,HOJAS,NO INDICA,NO INDICA,NO INDICA,2.4,0.21,1.06,1.91,0.42,0.11,0.23,156.91,28.32,79.81,35.07,360.29,MAGDALENA,Mango
940,2023 Jul 26 12:00:00 AM,MAGDALENA,ZONA BANANERA,MANGO,NO INDICA,10 MESES,HOJAS,NO INDICA,NO INDICA,NO INDICA,2.42,0.21,1.23,1.91,0.35,0.1,0.22,113.96,37.78,67.09,34.73,346.68,MAGDALENA,Mango
941,2023 Jul 26 12:00:00 AM,MAGDALENA,ZONA BANANERA,MANGO,NO INDICA,10 MESES,HOJAS,NO INDICA,NO INDICA,NO INDICA,2.02,0.25,1.29,2.05,0.53,0.08,0.2,119.67,35.07,90.6,51.45,268.16,MAGDALENA,Mango
942,2023 Jul 26 12:00:00 AM,MAGDALENA,ZONA BANANERA,MANGO,NO INDICA,10 MESES,HOJAS,NO INDICA,NO INDICA,NO INDICA,2.09,0.25,0.69,1.67,0.25,0.08,0.15,120.47,21.21,61.77,25.91,99.26,MAGDALENA,Mango
943,2023 Jul 26 12:00:00 AM,MAGDALENA,ZONA BANANERA,MANGO,NO INDICA,10 MESES,HOJAS,NO INDICA,NO INDICA,NO INDICA,1.86,0.34,1.02,1.75,0.33,0.12,0.17,74.72,17.76,34.06,35.72,93.21,MAGDALENA,Mango
944,2023 Jul 26 12:00:00 AM,MAGDALENA,ZONA BANANERA,MANGO,NO INDICA,10 MESES,HOJAS,NO INDICA,NO INDICA,NO INDICA,1.69,0.21,0.63,1.51,0.23,0.08,0.11,129.15,19.33,81.16,22.08,187.33,MAGDALENA,Mango
945,2023 Jul 26 12:00:00 AM,MAGDALENA,ZONA BANANERA,MANGO,NO INDICA,10 MESES,HOJAS,NO INDICA,NO INDICA,NO INDICA,2.2,0.42,1.18,2.17,0.47,0.16,0.19,89.2,21.14,40.04,27.12,132.19,MAGDALENA,Mango
946,2023 Jul 26 12:00:00 AM,MAGDALENA,ZONA BANANERA,MANGO,NO INDICA,10 MESES,HOJAS,NO INDICA,NO INDICA,NO INDICA,2.14,0.34,1.14,1.93,0.37,0.13,0.19,97.94,18.74,52.36,25.54,149.23,MAGDALENA,Mango
947,2023 Jul 26 12:00:00 AM,MAGDALENA,ZONA BANANERA,MANGO,NO INDICA,10 MESES,HOJAS,NO INDICA,NO INDICA,NO INDICA,2.8,0.4,1.28,2.09,0.43,0.14,0.23,148.65,14.4,35.32,17.98,230.76,MAGDALENA,Mango
948,2023 Jul 26 12:00:00 AM,MAGDALENA,ZONA BANANERA,MANGO,NO INDICA,10 MESES,HOJAS,NO INDICA,NO INDICA,NO INDICA,2.78,0.36,1.0,1.84,0.34,0.05,0.17,99.35,6.53,44.2,24.47,155.55,MAGDALENA,Mango
949,2023 Jul 26 12:00:00 AM,MAGDALENA,ZONA BANANERA,MANGO,NO INDICA,10 MESES,HOJAS,NO INDICA,NO INDICA,NO INDICA,2.57,0.26,0.89,2.06,0.34,0.06,0.17,63.42,15.77,33.24,23.41,148.91,MAGDALENA,Mango
950,2023 Jul 26 12:00:00 AM,MAGDALENA,ZONA BANANERA,MANGO,NO INDICA,10 MESES,HOJAS,NO INDICA,NO INDICA,NO INDICA,2.56,0.33,0.55,2.02,0.32,0.11,0.16,168.96,10.43,25.6,29.48,212.53,MAGDALENA,Mango
951,2023 Jul 26 12:00:00 AM,MAGDALENA,ZONA BANANERA,MANGO,NO INDICA,10 MESES,HOJAS,NO INDICA,NO INDICA,NO INDICA,2.79,0.2,0.96,1.52,0.37,0.05,0.18,86.53,5.49,38.97,24.1,156.54,MAGDALENA,Mango
952,2023 Jul 26 12:00:00 AM,MAGDALENA,ZONA BANANERA,MANGO,NO INDICA,10 MESES,HOJAS,NO INDICA,NO INDICA,NO INDICA,3.08,0.35,0.81,2.04,0.34,0.08,0.19,61.95,11.48,38.66,31.61,174.18,MAGDALENA,Mango
953,2023 Jul 26 12:00:00 AM,MAGDALENA,ZONA BANANERA,MANGO,NO INDICA,10 MESES,HOJAS,NO INDICA,NO INDICA,NO INDICA,2.96,0.26,0.9,1.61,0.34,0.04,0.18,68.93,7.27,24.93,26.94,249.57,MAGDALENA,Mango
954,2023 Jul 26 12:00:00 AM,MAGDALENA,ZONA BANANERA,MANGO,NO INDICA,10 MESES,HOJAS,NO INDICA,NO INDICA,NO INDICA,2.68,0.17,0.71,1.71,0.32,0.11,0.16,145.23,15.2,35.06,19.97,219.74,MAGDALENA,Mango
955,2023 Jul 26 12:00:00 AM,MAGDALENA,ZONA BANANERA,MANGO,NO INDICA,10 MESES,HOJAS,NO INDICA,NO INDICA,NO INDICA,2.56,0.15,0.62,1.57,0.31,0.09,0.15,157.57,20.8,44.85,19.67,192.82,MAGDALENA,Mango
956,2023 Jul 26 12:00:00 AM,MAGDALENA,ZONA BANANERA,MANGO,NO INDICA,10 MESES,HOJAS,NO INDICA,NO INDICA,NO INDICA,3.12,0.38,0.88,1.77,0.35,0.13,0.21,190.36,16.47,30.71,26.63,211.43,MAGDALENA,Mango
957,2023 Jul 26 12:00:00 AM,MAGDALENA,ZONA BANANERA,MANGO,NO INDICA,10 MESES,HOJAS,NO INDICA,NO INDICA,NO INDICA,2.59,0.16,0.77,1.44,0.35,0.11,0.16,150.69,17.5,42.69,23.05,239.15,MAGDALENA,Mango
958,2023 Jul 26 12:00:00 AM,MAGDALENA,ZONA BANANERA,MANGO,NO INDICA,10 MESES,HOJAS,NO INDICA,NO INDICA,NO INDICA,2.73,0.21,0.86,1.48,0.39,0.1,0.18,217.31,14.27,37.67,22.64,240.4,MAGDALENA,Mango
959,2023 Jul 26 12:00:00 AM,MAGDALENA,ZONA BANANERA,MANGO,NO INDICA,10 MESES,HOJAS,NO INDICA,NO INDICA,NO INDICA,2.28,0.14,0.64,1.79,0.34,0.13,0.13,154.88,14.92,51.28,24.92,247.16,MAGDALENA,Mango
960,2023 Jul 26 12:00:00 AM,MAGDALENA,ZONA BANANERA,MANGO,NO INDICA,10 MESES,HOJAS,NO INDICA,NO INDICA,NO INDICA,2.45,0.23,0.81,1.5,0.35,0.06,0.18,95.16,19.76,84.57,25.48,207.81,MAGDALENA,Mango
961,2023 Jul 26 12:00:00 AM,MAGDALENA,ZONA BANANERA,MANGO,NO INDICA,10 MESES,HOJAS,NO INDICA,NO INDICA,NO INDICA,2.32,0.25,0.66,1.73,0.35,0.07,0.16,103.28,22.31,65.46,30.57,262.14,MAGDALENA,Mango
962,2023 Jul 26 12:00:00 AM,MAGDALENA,ZONA BANANERA,MANGO,NO INDICA,10 MESES,HOJAS,NO INDICA,NO INDICA,NO INDICA,2.32,0.2,0.69,1.16,0.31,0.05,0.14,68.2,15.52,58.15,26.34,247.96,MAGDALENA,Mango
963,2023 Jul 26 12:00:00 AM,MAGDALENA,ZONA BANANERA,MANGO,NO INDICA,10 MESES,HOJAS,NO INDICA,NO INDICA,NO INDICA,2.2,0.33,0.79,1.73,0.4,0.06,0.16,155.5,23.42,89.34,27.57,201.77,MAGDALENA,Mango
964,2023 Jul 26 12:00:00 AM,MAGDALENA,ZONA BANANERA,MANGO,NO INDICA,10 MESES,HOJAS,NO INDICA,NO INDICA,NO INDICA,2.24,0.35,0.64,1.59,0.38,0.06,0.16,116.02,14.71,28.64,26.39,172.19,MAGDALENA,Mango
965,2023 Jul 26 12:00:00 AM,MAGDALENA,ZONA BANANERA,MANGO,NO INDICA,10 MESES,HOJAS,NO INDICA,NO INDICA,NO INDICA,2.3,0.35,0.8,1.66,0.38,0.07,0.14,157.4,11.92,47.38,18.63,181.08,MAGDALENA,Mango
966,2023 Jul 26 12:00:00 AM,MAGDALENA,ZONA BANANERA,MANGO,NO INDICA,10 MESES,HOJAS,NO INDICA,NO INDICA,NO INDICA,2.19,0.3,0.88,1.47,0.27,0.04,0.16,62.65,13.89,26.43,37.08,145.95,MAGDALENA,Mango
967,2023 Jul 26 12:00:00 AM,MAGDALENA,ZONA BANANERA,MANGO,NO INDICA,10 MESES,HOJAS,NO INDICA,NO INDICA,NO INDICA,1.87,0.33,1.02,1.35,0.28,0.05,0.17,44.68,15.56,27.81,31.02,125.42,MAGDALENA,Mango
968,2023 Jul 26 12:00:00 AM,MAGDALENA,ZONA BANANERA,MANGO,NO INDICA,10 MESES,HOJAS,NO INDICA,NO INDICA,NO INDICA,1.93,0.24,0.74,1.36,0.22,0.05,0.13,53.87,10.52,20.86,29.73,109.22,MAGDALENA,Mango
969,2023 Jul 26 12:00:00 AM,MAGDALENA,ZONA BANANERA,MANGO,NO INDICA,10 MESES,HOJAS,NO INDICA,NO INDICA,NO INDICA,1.69,0.3,0.8,1.23,0.29,0.07,0.15,112.33,16.92,65.9,31.48,123.25,MAGDALENA,Mango
970,2023 Jul 26 12:00:00 AM,MAGDALENA,ZONA BANANERA,MANGO,NO INDICA,10 MESES,HOJAS,NO INDICA,NO INDICA,NO INDICA,2.63,0.27,1.21,1.45,0.28,0.12,0.25,111.71,19.31,45.28,37.07,179.32,MAGDALENA,Mango
971,2023 Jul 26 12:00:00 AM,MAGDALENA,ZONA BANANERA,MANGO,NO INDICA,10 MESES,HOJAS,NO INDICA,NO INDICA,NO INDICA,2.46,0.25,1.47,1.87,0.35,0.1,0.2,145.72,19.95,49.54,41.29,240.65,MAGDALENA,Mango
972,2023 Jul 26 12:00:00 AM,MAGDALENA,ZONA BANANERA,MANGO,NO INDICA,10 MESES,HOJAS,NO INDICA,NO INDICA,NO INDICA,2.44,0.19,1.02,1.27,0.23,0.08,0.17,150.62,18.15,36.37,21.08,179.16,MAGDALENA,Mango
973,2023 Jul 26 12:00:00 AM,MAGDALENA,ZONA BANANERA,MANGO,NO INDICA,10 MESES,HOJAS,NO INDICA,NO INDICA,NO INDICA,2.91,0.25,0.97,1.64,0.29,0.11,0.28,103.86,17.64,33.56,23.8,202.75,MAGDALENA,Mango
974,2023 Jul 26 12:00:00 AM,MAGDALENA,ZONA BANANERA,MANGO,NO INDICA,10 MESES,HOJAS,NO INDICA,NO INDICA,NO INDICA,2.39,0.15,0.97,1.15,0.16,0.11,0.17,70.16,14.47,30.74,20.31,220.19,MAGDALENA,Mango
975,2023 Jul 26 12:00:00 AM,MAGDALENA,ZONA BANANERA,MANGO,NO INDICA,10 MESES,HOJAS,NO INDICA,NO INDICA,NO INDICA,2.69,0.27,0.62,1.43,0.33,0.09,0.23,165.65,14.71,31.37,79.57,267.91,MAGDALENA,Mango
976,2023 Jul 26 12:00:00 AM,MAGDALENA,ZONA BANANERA,MANGO,NO INDICA,10 MESES,HOJAS,NO INDICA,NO INDICA,NO INDICA,3.15,0.19,0.65,1.35,0.22,0.09,0.21,139.89,15.48,22.55,41.91,226.09,MAGDALENA,Mango
977,2023 Jul 26 12:00:00 AM,MAGDALENA,ZONA BANANERA,MANGO,NO INDICA,10 MESES,HOJAS,NO INDICA,NO INDICA,NO INDICA,1.64,0.33,0.99,1.48,0.2,0.05,0.11,97.57,12.19,89.95,31.45,226.11,MAGDALENA,Mango
978,2023 Jul 26 12:00:00 AM,MAGDALENA,ZONA BANANERA,MANGO,NO INDICA,10 MESES,HOJAS,NO INDICA,NO INDICA,NO INDICA,1.84,0.27,1.05,1.42,0.27,0.05,0.14,123.93,13.66,53.62,25.53,188.78,MAGDALENA,Mango
979,2023 Jul 26 12:00:00 AM,MAGDALENA,ZONA BANANERA,MANGO,NO INDICA,10 MESES,HOJAS,NO INDICA,NO INDICA,NO INDICA,1.98,0.22,0.74,1.28,0.26,0.1,0.14,129.25,12.2,70.87,23.36,216.04,MAGDALENA,Mango
980,2023 Jul 26 12:00:00 AM,MAGDALENA,ZONA BANANERA,MANGO,NO INDICA,10 MESES,HOJAS,NO INDICA,NO INDICA,NO INDICA,1.92,0.22,0.61,1.41,0.29,0.1,0.15,169.44,18.39,55.66,27.54,163.01,MAGDALENA,Mango
981,2023 Jul 26 12:00:00 AM,MAGDALENA,ZONA BANANERA,MANGO,NO INDICA,10 MESES,HOJAS,NO INDICA,NO INDICA,NO INDICA,1.68,0.27,0.54,1.69,0.32,0.1,0.11,201.49,13.52,68.47,21.98,159.87,MAGDALENA,Mango
982,2023 Jul 26 12:00:00 AM,MAGDALENA,ZONA BANANERA,MANGO,NO INDICA,10 MESES,HOJAS,NO INDICA,NO INDICA,NO INDICA,2.03,0.4,0.95,1.34,0.36,0.06,0.14,171.16,11.54,23.68,32.79,91.23,MAGDALENA,Mango
"1,151",2023 Sep 27 12:00:00 AM,MAGDALENA,ZONA BANANERA,MARAÑÓN,PEAS,NO INDICA,HOJAS,NO INDICA,NO INDICA,NO INDICA,1.55,0.27,0.38,0.47,0.24,0.09,0.09,120.23,4.16,47.59,15.05,14.18,MAGDALENA,Marañón
"1,152",2023 Sep 27 12:00:00 AM,MAGDALENA,ZONA BANANERA,MARAÑÓN,PATRON,NO INDICA,HOJAS,NO INDICA,NO INDICA,NO INDICA,2.01,0.19,0.49,0.28,0.22,0.06,0.13,306.73,5.15,50.84,13.74,8.16,MAGDALENA,Marañón
"1,153",2023 Sep 27 12:00:00 AM,MAGDALENA,ZONA BANANERA,MANGO,AZUCAR,NO INDICA,HOJAS,NO INDICA,NO INDICA,NO INDICA,1.63,0.14,0.93,1.92,0.27,,0.11,61.85,9.43,96.51,17.15,24.68,MAGDALENA,Mango
"1,544",2022 Feb 11 12:00:00 AM,MAGDALENA,SANTA MARTA,PALMA DE ACEITE,PALMA DE ACEITE,NO INDICA,FRUTO,NO INDICA,NO INDICA,BUENO,2.6,0.16,0.84,0.62,0.22,,0.17,81.49,5.23,93.1,16.69,26.77,MAGDALENA,Palma de aceite
"1,545",2022 Feb 11 12:00:00 AM,MAGDALENA,SANTA MARTA,PALMA DE ACEITE,PALMA DE ACEITE,NO INDICA,FRUTO,NO INDICA,NO INDICA,BUENO,2.75,0.16,0.97,0.45,0.2,,0.17,81.51,6.34,49.05,18.16,16.86,MAGDALENA,Palma de aceite
"1,546",2022 Feb 11 12:00:00 AM,MAGDALENA,SANTA MARTA,PALMA DE ACEITE,PALMA DE ACEITE,NO INDICA,FRUTO,NO INDICA,NO INDICA,BUENO,2.77,0.16,1.05,0.46,0.19,,0.16,88.69,6.02,55.04,15.2,17.67,MAGDALENA,Palma de aceite
"1,547",2022 Feb 11 12:00:00 AM,MAGDALENA,SANTA MARTA,PALMA DE ACEITE,PALMA DE ACEITE,NO INDICA,FRUTO,NO INDICA,NO INDICA,BUENO,2.81,0.15,1.0,0.46,0.2,,0.16,106.54,6.34,68.32,20.93,14.01,MAGDALENA,Palma de aceite
"1,548",2022 Feb 11 12:00:00 AM,MAGDALENA,SANTA MARTA,PALMA DE ACEITE,PALMA DE ACEITE,NO INDICA,FRUTO,NO INDICA,NO INDICA,BUENO,2.75,0.16,0.93,0.52,0.16,,0.17,82.55,7.39,78.08,23.74,17.2,MAGDALENA,Palma de aceite
"1,549",2022 Feb 11 12:00:00 AM,MAGDALENA,SANTA MARTA,PALMA DE ACEITE,PALMA DE ACEITE,NO INDICA,FRUTO,NO INDICA,NO INDICA,BUENO,2.63,0.15,0.8,0.61,0.2,,0.17,82.63,5.6,88.0,17.48,16.82,MAGDALENA,Palma de aceite
"1,550",2022 Feb 11 12:00:00 AM,MAGDALENA,SANTA MARTA,PALMA DE ACEITE,PALMA DE ACEITE,NO INDICA,FRUTO,NO INDICA,NO INDICA,BUENO,2.74,0.17,0.99,0.55,0.23,,0.18,92.21,5.96,99.68,17.0,13.48,MAGDALENA,Palma de aceite
"1,551",2022 Feb 11 12:00:00 AM,MAGDALENA,SANTA MARTA,PALMA DE ACEITE,PALMA DE ACEITE,NO INDICA,FRUTO,NO INDICA,NO INDICA,BUENO,2.76,0.16,0.73,0.59,0.22,,0.17,89.29,5.98,69.02,14.28,18.1,MAGDALENA,Palma de aceite
"1,552",2022 Feb 11 12:00:00 AM,MAGDALENA,SANTA MARTA,PALMA DE ACEITE,PALMA DE ACEITE,NO INDICA,FRUTO,NO INDICA,NO INDICA,BUENO,2.68,0.16,0.96,0.45,0.19,,0.16,95.08,7.73,66.26,16.44,16.21,MAGDALENA,Palma de aceite
"1,553",2022 Feb 11 12:00:00 AM,MAGDALENA,SANTA MARTA,PALMA DE ACEITE,PALMA DE ACEITE,NO INDICA,FRUTO,NO INDICA,NO INDICA,BUENO,3.0,0.17,1.01,0.4,0.16,,0.18,89.18,6.67,102.48,12.21,21.1,MAGDALENA,Palma de aceite
"1,554",2022 Feb 11 12:00:00 AM,MAGDALENA,SANTA MARTA,PALMA DE ACEITE,PALMA DE ACEITE,NO INDICA,FRUTO,NO INDICA,NO INDICA,BUENO,2.79,0.16,1.03,0.38,0.19,,0.17,77.27,6.86,60.19,19.9,12.49,MAGDALENA,Palma de aceite
"1,555",2022 Feb 11 12:00:00 AM,MAGDALENA,SANTA MARTA,PALMA DE ACEITE,PALMA DE ACEITE,NO INDICA,FRUTO,NO INDICA,NO INDICA,BUENO,2.91,0.17,1.08,0.43,0.21,,0.19,92.37,7.01,63.88,17.9,13.37,MAGDALENA,Palma de aceite
"1,556",2022 Feb 11 12:00:00 AM,MAGDALENA,SANTA MARTA,PALMA DE ACEITE,PALMA DE ACEITE,NO INDICA,FRUTO,NO INDICA,NO INDICA,BUENO,2.78,0.15,0.8,0.49,0.18,,0.16,92.67,11.96,31.92,12.23,26.08,MAGDALENA,Palma de aceite
"1,557",2022 Feb 11 12:00:00 AM,MAGDALENA,SANTA MARTA,PALMA DE ACEITE,PALMA DE ACEITE,NO INDICA,FRUTO,NO INDICA,NO INDICA,BUENO,2.7,0.17,1.0,0.52,0.23,,0.17,84.99,10.16,31.64,16.1,28.9,MAGDALENA,Palma de aceite
"1,558",2022 Feb 11 12:00:00 AM,MAGDALENA,SANTA MARTA,PALMA DE ACEITE,PALMA DE ACEITE,NO INDICA,FRUTO,NO INDICA,NO INDICA,BUENO,2.66,0.16,0.92,0.54,0.18,,0.17,73.99,8.11,33.29,18.8,13.96,MAGDALENA,Palma de aceite
"1,559",2022 Feb 11 12:00:00 AM,MAGDALENA,SANTA MARTA,PALMA DE ACEITE,PALMA DE ACEITE,NO INDICA,HOJAS,NO INDICA,NO INDICA,BUENO,2.55,0.17,1.07,0.47,0.2,,0.17,94.79,12.3,30.26,15.83,17.72,MAGDALENA,Palma de aceite
"1,560",2022 Feb 11 12:00:00 AM,MAGDALENA,SANTA MARTA,PALMA DE ACEITE,PALMA DE ACEITE,NO INDICA,HOJAS,NO INDICA,NO INDICA,BUENO,2.68,0.15,0.96,0.42,0.22,,0.15,81.06,12.9,52.21,15.4,18.14,MAGDALENA,Palma de aceite
"2,061",2022 Aug 31 12:00:00 AM,LA GUAJIRA,DIBULLA,FRIJOL,CAUPI,2 a 3 MESES,HOJAS,NO INDICA,NO INDICA,NO INDICA,4.45,0.31,2.05,2.08,0.38,,0.25,187.28,8.43,88.58,29.61,37.26,LA GUAJIRA,Frijol
"2,062",2022 Aug 31 12:00:00 AM,LA GUAJIRA,DIBULLA,FRIJOL,CAUPI,2 a 3 MESES,HOJAS,NO INDICA,NO INDICA,NO INDICA,4.46,0.31,1.97,2.85,0.49,,0.27,404.73,8.35,97.22,29.27,41.45,LA GUAJIRA,Frijol
"2,063",2022 Aug 31 12:00:00 AM,LA GUAJIRA,DIBULLA,FRIJOL,CAUPI,2 a 3 MESES,HOJAS,NO INDICA,NO INDICA,NO INDICA,5.67,0.38,1.69,2.87,0.54,,0.29,456.07,10.27,78.11,29.56,41.39,LA GUAJIRA,Frijol
"2,064",2022 Aug 31 12:00:00 AM,LA GUAJIRA,DIBULLA,FRIJOL,CAUPI,2 a 3 MESES,HOJAS,NO INDICA,NO INDICA,NO INDICA,4.68,0.37,1.64,4.05,0.44,,0.24,473.45,5.58,80.5,26.76,33.97,LA GUAJIRA,Frijol
"2,065",2022 Aug 31 12:00:00 AM,LA GUAJIRA,DIBULLA,FRIJOL,CAUPI,2 a 3 MESES,HOJAS,NO INDICA,NO INDICA,NO INDICA,4.78,0.33,1.91,2.96,0.51,,0.31,480.02,8.97,102.28,31.86,44.57,LA GUAJIRA,Frijol
"2,066",2022 Aug 31 12:00:00 AM,LA GUAJIRA,DIBULLA,FRIJOL,CAUPI,2 a 3 MESES,HOJAS,NO INDICA,NO INDICA,NO INDICA,4.76,0.32,2.3,2.63,0.49,,0.28,332.85,8.78,90.97,31.67,40.33,LA GUAJIRA,Frijol
"2,067",2022 Aug 31 12:00:00 AM,LA GUAJIRA,DIBULLA,FRIJOL,CAUPI,2 a 3 MESES,HOJAS,NO INDICA,NO INDICA,NO INDICA,4.64,0.29,2.08,2.62,0.47,,0.29,708.33,9.94,107.86,37.16,46.25,LA GUAJIRA,Frijol
"2,068",2022 Aug 31 12:00:00 AM,LA GUAJIRA,DIBULLA,FRIJOL,CAUPI,2 a 3 MESES,HOJAS,NO INDICA,NO INDICA,NO INDICA,4.57,0.26,1.31,2.79,0.58,,0.25,283.95,7.78,146.07,22.6,33.16,LA GUAJIRA,Frijol
"2,069",2022 Aug 31 12:00:00 AM,LA GUAJIRA,DIBULLA,FRIJOL,CAUPI,2 a 3 MESES,HOJAS,NO INDICA,NO INDICA,NO INDICA,4.5,0.24,1.67,3.53,0.4,,0.26,193.74,8.85,220.14,29.61,39.23,LA GUAJIRA,Frijol
"2,070",2022 Aug 31 12:00:00 AM,LA GUAJIRA,DIBULLA,FRIJOL,CAUPI,2 a 3 MESES,HOJAS,NO INDICA,NO INDICA,NO INDICA,4.78,0.32,1.36,2.74,0.48,,0.25,272.51,7.98,138.31,35.47,66.95,LA GUAJIRA,Frijol
"2,071",2022 Aug 31 12:00:00 AM,LA GUAJIRA,DIBULLA,FRIJOL,CAUPI,2 a 3 MESES,HOJAS,NO INDICA,NO INDICA,NO INDICA,4.86,0.3,1.3,2.91,0.47,,0.24,206.34,7.1,151.24,24.37,57.45,LA GUAJIRA,Frijol
"2,072",2022 Aug 31 12:00:00 AM,LA GUAJIRA,DIBULLA,FRIJOL,CAUPI,2 a 3 MESES,HOJAS,NO INDICA,NO INDICA,NO INDICA,5.21,0.37,1.82,2.56,0.44,0.03,0.27,358.35,6.92,172.08,28.42,62.9,LA GUAJIRA,Frijol
"2,073",2022 Aug 31 12:00:00 AM,LA GUAJIRA,DIBULLA,FRIJOL,CAUPI,2 a 3 MESES,HOJAS,NO INDICA,NO INDICA,NO INDICA,5.24,0.35,2.05,2.37,0.48,,0.27,573.28,8.16,98.47,28.63,47.86,LA GUAJIRA,Frijol
"2,074",2022 Aug 31 12:00:00 AM,LA GUAJIRA,DIBULLA,FRIJOL,CAUPI,2 a 3 MESES,HOJAS,NO INDICA,NO INDICA,NO INDICA,5.0,0.32,1.82,2.1,0.43,,0.23,791.22,7.43,98.09,27.55,46.81,LA GUAJIRA,Frijol
"2,075",2022 Aug 31 12:00:00 AM,LA GUAJIRA,DIBULLA,FRIJOL,CAUPI,2 a 3 MESES,HOJAS,NO INDICA,NO INDICA,NO INDICA,4.47,0.3,1.73,2.57,0.4,,0.25,296.13,7.63,111.06,25.37,42.06,LA GUAJIRA,Frijol
"2,076",2022 Aug 31 12:00:00 AM,LA GUAJIRA,DIBULLA,FRIJOL,CAUPI,2 a 3 MESES,HOJAS,NO INDICA,NO INDICA,NO INDICA,5.08,0.4,2.13,2.72,0.48,,0.29,246.63,6.75,138.1,24.58,58.81,LA GUAJIRA,Frijol
"2,077",2022 Aug 31 12:00:00 AM,LA GUAJIRA,DIBULLA,FRIJOL,CAUPI,2 a 3 MESES,HOJAS,NO INDICA,NO INDICA,NO INDICA,5.32,0.38,1.67,3.28,0.41,,0.3,218.34,7.42,290.62,42.64,43.97,LA GUAJIRA,Frijol
"2,078",2022 Aug 31 12:00:00 AM,LA GUAJIRA,DIBULLA,FRIJOL,CAUPI,2 a 3 MESES,HOJAS,NO INDICA,NO INDICA,NO INDICA,5.3,0.46,2.1,2.47,0.49,,0.3,492.13,7.39,250.51,30.83,58.09,LA GUAJIRA,Frijol
"2,079",2022 Aug 31 12:00:00 AM,LA GUAJIRA,DIBULLA,FRIJOL,CAUPI,2 a 3 MESES,HOJAS,NO INDICA,NO INDICA,NO INDICA,5.23,0.33,1.51,2.63,0.41,,0.27,182.4,7.89,175.87,35.3,54.83,LA GUAJIRA,Frijol
"2,080",2022 Aug 31 12:00:00 AM,LA GUAJIRA,DIBULLA,FRIJOL,CAUPI,2 a 3 MESES,HOJAS,NO INDICA,NO INDICA,NO INDICA,5.11,0.34,1.75,2.24,0.44,,0.26,751.51,7.85,145.61,31.02,61.12,LA GUAJIRA,Frijol
"2,081",2022 Aug 31 12:00:00 AM,LA GUAJIRA,DIBULLA,FRIJOL,CAUPI,2 a 3 MESES,HOJAS,NO INDICA,NO INDICA,NO INDICA,5.18,0.32,1.4,2.53,0.57,,0.26,764.67,7.13,117.08,30.13,46.45,LA GUAJIRA,Frijol
"2,082",2022 Aug 31 12:00:00 AM,LA GUAJIRA,DIBULLA,FRIJOL,CAUPI,2 a 3 MESES,HOJAS,NO INDICA,NO INDICA,NO INDICA,5.23,0.3,1.8,2.33,0.39,,0.28,247.99,7.98,221.12,40.45,35.81,LA GUAJIRA,Frijol
"2,083",2022 Aug 31 12:00:00 AM,LA GUAJIRA,DIBULLA,FRIJOL,CAUPI,2 a 3 MESES,HOJAS,NO INDICA,NO INDICA,NO INDICA,5.37,0.29,1.29,2.94,0.56,0.03,0.27,123.75,8.01,91.53,24.92,41.9,LA GUAJIRA,Frijol
"2,084",2022 Aug 31 12:00:00 AM,LA GUAJIRA,DIBULLA,FRIJOL,CAUPI,2 a 3 MESES,HOJAS,NO INDICA,NO INDICA,NO INDICA,4.27,0.26,1.12,3.0,0.63,,0.23,768.59,7.15,140.16,25.79,41.86,LA GUAJIRA,Frijol
"2,085",2022 Aug 31 12:00:00 AM,LA GUAJIRA,DIBULLA,FRIJOL,CAUPI,2 a 3 MESES,HOJAS,NO INDICA,NO INDICA,NO INDICA,5.26,0.34,2.09,2.39,0.46,,0.28,228.91,8.58,60.11,26.24,37.93,LA GUAJIRA,Frijol
"2,086",2022 Aug 31 12:00:00 AM,LA GUAJIRA,DIBULLA,FRIJOL,CAUPI,2 a 3 MESES,HOJAS,NO INDICA,NO INDICA,NO INDICA,4.29,0.35,1.8,2.95,0.48,,0.28,162.58,7.29,112.47,26.04,58.44,LA GUAJIRA,Frijol
"2,087",2022 Aug 31 12:00:00 AM,LA GUAJIRA,DIBULLA,FRIJOL,CAUPI,2 a 3 MESES,HOJAS,NO INDICA,NO INDICA,NO INDICA,4.81,0.28,1.5,3.08,0.42,,0.24,170.29,7.49,108.12,22.3,39.71,LA GUAJIRA,Frijol
"2,088",2022 Aug 31 12:00:00 AM,LA GUAJIRA,DIBULLA,FRIJOL,CAUPI,2 a 3 MESES,HOJAS,NO INDICA,NO INDICA,NO INDICA,4.63,0.34,1.36,3.82,0.41,,0.28,287.28,7.09,239.71,34.94,44.73,LA GUAJIRA,Frijol
"2,089",2022 Aug 31 12:00:00 AM,LA GUAJIRA,DIBULLA,FRIJOL,CAUPI,2 a 3 MESES,HOJAS,NO INDICA,NO INDICA,NO INDICA,4.63,0.3,1.37,3.06,0.47,,0.26,454.66,8.23,124.16,24.3,39.15,LA GUAJIRA,Frijol
"2,090",2022 Aug 31 12:00:00 AM,LA GUAJIRA,DIBULLA,FRIJOL,CAUPI,2 a 3 MESES,HOJAS,NO INDICA,NO INDICA,NO INDICA,4.87,0.42,2.04,3.36,0.54,,0.33,493.98,8.03,624.5,57.6,41.38,LA GUAJIRA,Frijol
"2,091",2022 Aug 31 12:00:00 AM,LA GUAJIRA,DIBULLA,FRIJOL,CAUPI,2 a 3 MESES,HOJAS,NO INDICA,NO INDICA,NO INDICA,5.06,0.4,1.81,2.54,0.43,,0.28,138.3,5.21,104.6,25.43,35.16,LA GUAJIRA,Frijol
"2,092",2022 Aug 31 12:00:00 AM,LA GUAJIRA,DIBULLA,FRIJOL,CAUPI,2 a 3 MESES,HOJAS,NO INDICA,NO INDICA,NO INDICA,4.26,0.28,1.53,3.86,0.36,,0.25,156.99,6.83,255.88,33.92,42.52,LA GUAJIRA,Frijol
"2,093",2022 Aug 31 12:00:00 AM,LA GUAJIRA,DIBULLA,FRIJOL,CAUPI,2 a 3 MESES,HOJAS,NO INDICA,NO INDICA,NO INDICA,3.95,0.3,2.06,3.0,0.54,,0.28,148.67,7.17,81.98,21.46,36.47,LA GUAJIRA,Frijol
"2,094",2022 Aug 31 12:00:00 AM,LA GUAJIRA,DIBULLA,FRIJOL,CAUPI,2 a 3 MESES,HOJAS,NO INDICA,NO INDICA,NO INDICA,4.47,0.31,1.54,2.72,0.42,,0.24,1437.68,6.98,173.88,27.31,40.55,LA GUAJIRA,Frijol
"2,095",2022 Aug 31 12:00:00 AM,LA GUAJIRA,DIBULLA,FRIJOL,CAUPI,2 a 3 MESES,HOJAS,NO INDICA,NO INDICA,NO INDICA,4.84,0.37,1.57,2.52,0.42,,0.26,1696.62,6.95,145.7,25.78,41.94,LA GUAJIRA,Frijol
"2,096",2022 Aug 31 12:00:00 AM,LA GUAJIRA,DIBULLA,FRIJOL,CAUPI,2 a 3 MESES,HOJAS,NO INDICA,NO INDICA,NO INDICA,5.04,0.34,1.67,2.55,0.42,,0.25,175.34,6.41,127.81,22.08,36.55,LA GUAJIRA,Frijol
"2,097",2022 Aug 31 12:00:00 AM,LA GUAJIRA,DIBULLA,FRIJOL,CAUPI,2 a 3 MESES,HOJAS,NO INDICA,NO INDICA,NO INDICA,5.02,0.34,1.46,2.63,0.37,,0.25,178.97,7.37,128.46,24.4,45.08,LA GUAJIRA,Frijol
"2,098",2022 Aug 31 12:00:00 AM,LA GUAJIRA,DIBULLA,FRIJOL,CAUPI,2 a 3 MESES,HOJAS,NO INDICA,NO INDICA,NO INDICA,4.73,0.36,1.98,2.19,0.44,,0.26,120.73,8.63,93.17,29.5,47.48,LA GUAJIRA,Frijol
"2,099",2022 Aug 31 12:00:00 AM,LA GUAJIRA,DIBULLA,FRIJOL,CAUPI,2 a 3 MESES,HOJAS,NO INDICA,NO INDICA,NO INDICA,3.91,0.3,1.87,2.92,0.5,,0.26,318.46,8.46,98.67,28.18,44.52,LA GUAJIRA,Frijol
"2,100",2022 Aug 31 12:00:00 AM,LA GUAJIRA,DIBULLA,FRIJOL,CAUPI,2 a 3 MESES,HOJAS,NO INDICA,NO INDICA,NO INDICA,4.56,0.41,1.68,2.29,0.52,,0.29,2122.06,9.62,115.92,35.0,63.46,LA GUAJIRA,Frijol
"2,101",2022 Aug 31 12:00:00 AM,LA GUAJIRA,DISTRACCIÓN,FRIJOL,CAUPI,2 a 3 MESES,HOJAS,NO INDICA,NO INDICA,NO INDICA,4.08,0.36,1.36,3.03,0.81,,0.3,1398.7,9.56,166.78,31.23,41.91,LA GUAJIRA,Frijol
"2,102",2022 Aug 31 12:00:00 AM,LA GUAJIRA,DISTRACCIÓN,FRIJOL,CAUPI,2 a 3 MESES,HOJAS,NO INDICA,NO INDICA,NO INDICA,4.24,0.36,1.25,2.69,0.62,,0.28,1641.91,9.17,182.15,33.43,36.71,LA GUAJIRA,Frijol
"2,103",2022 Aug 31 12:00:00 AM,LA GUAJIRA,DISTRACCIÓN,FRIJOL,CAUPI,2 a 3 MESES,HOJAS,NO INDICA,NO INDICA,NO INDICA,4.17,0.39,1.48,3.83,0.85,,0.31,1638.18,10.07,184.74,33.76,49.26,LA GUAJIRA,Frijol
"2,104",2022 Aug 31 12:00:00 AM,LA GUAJIRA,DISTRACCIÓN,FRIJOL,CAUPI,2 a 3 MESES,HOJAS,NO INDICA,NO INDICA,NO INDICA,4.27,0.48,1.72,2.5,0.72,0.03,0.31,2169.45,9.87,143.66,41.38,47.93,LA GUAJIRA,Frijol
"2,105",2022 Aug 31 12:00:00 AM,LA GUAJIRA,DISTRACCIÓN,FRIJOL,CAUPI,2 a 3 MESES,HOJAS,NO INDICA,NO INDICA,NO INDICA,4.84,0.48,2.36,3.68,0.38,,0.29,182.19,7.9,155.06,35.9,47.36,LA GUAJIRA,Frijol
"2,106",2022 Aug 31 12:00:00 AM,LA GUAJIRA,DISTRACCIÓN,FRIJOL,CAUPI,2 a 3 MESES,HOJAS,NO INDICA,NO INDICA,NO INDICA,4.04,0.37,1.29,3.15,0.81,,0.31,892.22,9.95,159.01,29.56,38.35,LA GUAJIRA,Frijol
"2,107",2022 Aug 31 12:00:00 AM,LA GUAJIRA,DISTRACCIÓN,FRIJOL,CAUPI,2 a 3 MESES,HOJAS,NO INDICA,NO INDICA,NO INDICA,5.2,0.33,1.66,1.4,0.28,,0.26,97.41,7.52,72.35,27.12,25.63,LA GUAJIRA,Frijol
"2,108",2022 Aug 31 12:00:00 AM,LA GUAJIRA,DISTRACCIÓN,FRIJOL,CAUPI,2 a 3 MESES,HOJAS,NO INDICA,NO INDICA,NO INDICA,4.42,0.43,2.17,2.18,0.35,,0.29,2148.98,8.47,83.98,40.92,43.78,LA GUAJIRA,Frijol
"2,109",2022 Aug 31 12:00:00 AM,LA GUAJIRA,DISTRACCIÓN,FRIJOL,CAUPI,2 a 3 MESES,HOJAS,NO INDICA,NO INDICA,NO INDICA,4.57,0.27,1.54,1.5,0.24,,0.24,107.12,7.33,79.22,32.31,29.01,LA GUAJIRA,Frijol
"2,110",2022 Aug 31 12:00:00 AM,LA GUAJIRA,DISTRACCIÓN,FRIJOL,CAUPI,2 a 3 MESES,HOJAS,NO INDICA,NO INDICA,NO INDICA,5.66,0.49,2.24,1.69,0.35,,0.32,277.88,10.89,77.37,44.34,30.32,LA GUAJIRA,Frijol
"2,111",2022 Aug 31 12:00:00 AM,LA GUAJIRA,DISTRACCIÓN,FRIJOL,CAUPI,2 a 3 MESES,HOJAS,NO INDICA,NO INDICA,NO INDICA,5.36,0.42,1.98,2.8,0.49,,0.32,204.63,10.76,89.35,40.71,46.47,LA GUAJIRA,Frijol
"2,112",2022 Aug 31 12:00:00 AM,LA GUAJIRA,DISTRACCIÓN,FRIJOL,CAUPI,2 a 3 MESES,HOJAS,NO INDICA,NO INDICA,NO INDICA,4.42,0.39,1.42,2.71,0.66,,0.29,1045.64,10.42,158.48,34.93,33.8,LA GUAJIRA,Frijol
"2,113",2022 Aug 31 12:00:00 AM,LA GUAJIRA,DISTRACCIÓN,FRIJOL,CAUPI,2 a 3 MESES,HOJAS,NO INDICA,NO INDICA,NO INDICA,5.06,0.52,2.12,2.27,0.4,0.03,0.31,160.5,7.73,100.72,27.98,40.64,LA GUAJIRA,Frijol
"2,114",2022 Aug 31 12:00:00 AM,LA GUAJIRA,DISTRACCIÓN,FRIJOL,CAUPI,2 a 3 MESES,HOJAS,NO INDICA,NO INDICA,NO INDICA,4.51,0.33,1.87,4.06,0.38,,0.23,262.32,5.37,100.28,23.65,37.9,LA GUAJIRA,Frijol
"2,115",2022 Aug 31 12:00:00 AM,LA GUAJIRA,DISTRACCIÓN,FRIJOL,CAUPI,2 a 3 MESES,HOJAS,NO INDICA,NO INDICA,NO INDICA,5.04,0.43,2.46,4.18,0.45,,0.31,398.05,8.39,127.37,30.59,47.92,LA GUAJIRA,Frijol
"2,116",2022 Aug 31 12:00:00 AM,LA GUAJIRA,DISTRACCIÓN,FRIJOL,CAUPI,2 a 3 MESES,HOJAS,NO INDICA,NO INDICA,NO INDICA,4.68,0.4,2.19,4.73,0.36,,0.29,222.25,7.82,132.09,29.49,48.62,LA GUAJIRA,Frijol
"2,117",2022 Aug 31 12:00:00 AM,LA GUAJIRA,DISTRACCIÓN,FRIJOL,CAUPI,2 a 3 MESES,HOJAS,NO INDICA,NO INDICA,NO INDICA,4.63,0.49,2.45,3.66,0.46,,0.29,261.7,7.8,106.27,25.9,46.25,LA GUAJIRA,Frijol
"2,118",2022 Aug 31 12:00:00 AM,LA GUAJIRA,DISTRACCIÓN,FRIJOL,CAUPI,2 a 3 MESES,HOJAS,NO INDICA,NO INDICA,NO INDICA,4.4,0.45,1.92,2.98,0.58,,0.31,432.57,8.04,131.92,28.48,42.86,LA GUAJIRA,Frijol
"2,119",2022 Aug 31 12:00:00 AM,LA GUAJIRA,DISTRACCIÓN,FRIJOL,CAUPI,2 a 3 MESES,HOJAS,NO INDICA,NO INDICA,NO INDICA,4.51,0.45,2.39,4.98,0.45,,0.31,329.45,8.34,161.2,37.27,49.83,LA GUAJIRA,Frijol
"2,120",2022 Aug 31 12:00:00 AM,LA GUAJIRA,DISTRACCIÓN,FRIJOL,CAUPI,2 a 3 MESES,HOJAS,NO INDICA,NO INDICA,NO INDICA,4.98,0.51,2.64,4.04,0.43,,0.35,285.68,7.98,111.93,29.87,44.44,LA GUAJIRA,Frijol
"2,121",2022 Aug 31 12:00:00 AM,LA GUAJIRA,EL MOLINO,FRIJOL,CAUPI,2 a 3 MESES,HOJAS,NO INDICA,NO INDICA,NO INDICA,3.66,0.38,1.8,6.08,0.39,0.05,0.31,528.77,12.1,387.51,35.84,92.18,LA GUAJIRA,Frijol
"2,122",2022 Aug 31 12:00:00 AM,LA GUAJIRA,EL MOLINO,FRIJOL,CAUPI,2 a 3 MESES,HOJAS,NO INDICA,NO INDICA,NO INDICA,3.77,0.31,1.41,5.72,0.29,0.05,0.24,262.07,10.34,378.33,28.94,95.11,LA GUAJIRA,Frijol
"2,123",2022 Aug 31 12:00:00 AM,LA GUAJIRA,EL MOLINO,FRIJOL,CAUPI,2 a 3 MESES,HOJAS,NO INDICA,NO INDICA,NO INDICA,3.85,0.33,1.87,4.73,0.37,0.05,0.3,301.82,9.68,353.6,34.48,87.49,LA GUAJIRA,Frijol
"2,124",2022 Aug 31 12:00:00 AM,LA GUAJIRA,EL MOLINO,FRIJOL,CAUPI,2 a 3 MESES,HOJAS,NO INDICA,NO INDICA,NO INDICA,3.72,0.31,1.56,5.27,0.33,,0.25,263.05,9.64,409.79,34.8,78.88,LA GUAJIRA,Frijol
"2,125",2022 Aug 31 12:00:00 AM,LA GUAJIRA,EL MOLINO,FRIJOL,CAUPI,2 a 3 MESES,HOJAS,NO INDICA,NO INDICA,NO INDICA,4.17,0.39,2.18,4.23,0.38,,0.33,324.79,10.92,338.3,47.78,62.42,LA GUAJIRA,Frijol
"2,126",2022 Aug 31 12:00:00 AM,LA GUAJIRA,EL MOLINO,FRIJOL,CAUPI,2 a 3 MESES,HOJAS,NO INDICA,NO INDICA,NO INDICA,4.25,0.43,2.35,4.58,0.43,,0.39,295.98,11.54,292.17,34.8,58.67,LA GUAJIRA,Frijol
"2,129",2022 Sep 02 12:00:00 AM,LA GUAJIRA,EL MOLINO,FRIJOL,CAUPI,2 a 3 MESES,HOJAS,NO INDICA,NO INDICA,NO INDICA,4.19,0.37,2.02,4.07,0.4,0.06,0.21,400.16,9.96,338.43,36.69,70.25,LA GUAJIRA,Frijol
"2,130",2022 Sep 02 12:00:00 AM,LA GUAJIRA,EL MOLINO,FRIJOL,CAUPI,2 a 3 MESES,HOJAS,NO INDICA,NO INDICA,NO INDICA,4.59,0.39,2.3,3.67,0.44,,0.34,412.99,10.18,255.54,37.39,50.0,LA GUAJIRA,Frijol
"2,131",2022 Sep 02 12:00:00 AM,LA GUAJIRA,EL MOLINO,FRIJOL,CAUPI,2 a 3 MESES,HOJAS,NO INDICA,NO INDICA,NO INDICA,3.85,0.32,1.99,4.8,0.38,,0.25,655.46,9.96,319.16,33.16,67.13,LA GUAJIRA,Frijol
"2,132",2022 Sep 02 12:00:00 AM,LA GUAJIRA,EL MOLINO,FRIJOL,CAUPI,2 a 3 MESES,HOJAS,NO INDICA,NO INDICA,NO INDICA,3.41,0.33,1.69,6.03,0.41,0.04,0.3,259.94,6.0,291.56,24.39,88.25,LA GUAJIRA,Frijol
"2,133",2022 Sep 02 12:00:00 AM,LA GUAJIRA,EL MOLINO,FRIJOL,CAUPI,2 a 3 MESES,HOJAS,NO INDICA,NO INDICA,NO INDICA,5.23,0.46,2.54,2.44,0.41,0.04,0.43,279.33,10.39,192.5,38.21,57.0,LA GUAJIRA,Frijol
"2,134",2022 Sep 02 12:00:00 AM,LA GUAJIRA,EL MOLINO,FRIJOL,CAUPI,2 a 3 MESES,HOJAS,NO INDICA,NO INDICA,NO INDICA,4.06,0.35,2.16,4.13,0.41,0.04,0.32,516.04,9.31,283.28,34.58,70.38,LA GUAJIRA,Frijol
"2,135",2022 Sep 02 12:00:00 AM,LA GUAJIRA,EL MOLINO,FRIJOL,CAUPI,2 a 3 MESES,HOJAS,NO INDICA,NO INDICA,NO INDICA,4.31,0.39,2.28,4.15,0.42,,0.34,380.3,8.68,300.63,37.13,53.75,LA GUAJIRA,Frijol
"2,136",2022 Sep 02 12:00:00 AM,LA GUAJIRA,EL MOLINO,FRIJOL,CAUPI,2 a 3 MESES,HOJAS,NO INDICA,NO INDICA,NO INDICA,3.6,0.34,2.04,5.28,0.4,0.03,0.33,696.99,8.14,342.6,33.71,66.63,LA GUAJIRA,Frijol
"2,137",2022 Sep 02 12:00:00 AM,LA GUAJIRA,EL MOLINO,FRIJOL,CAUPI,2 a 3 MESES,HOJAS,NO INDICA,NO INDICA,NO INDICA,4.64,0.45,2.37,3.53,0.45,0.05,0.47,376.23,9.85,250.58,38.59,65.88,LA GUAJIRA,Frijol
"2,138",2022 Sep 02 12:00:00 AM,LA GUAJIRA,FONSECA,FRIJOL,CAUPI,2 a 3 MESES,HOJAS,NO INDICA,NO INDICA,NO INDICA,4.85,0.35,1.37,3.23,0.44,,0.44,178.95,6.85,173.43,47.69,37.5,LA GUAJIRA,Frijol
"2,139",2022 Sep 02 12:00:00 AM,LA GUAJIRA,FONSECA,FRIJOL,CAUPI,2 a 3 MESES,HOJAS,NO INDICA,NO INDICA,NO INDICA,4.36,0.37,1.85,2.92,0.4,,0.4,365.73,5.04,190.49,34.39,35.25,LA GUAJIRA,Frijol
"2,140",2022 Sep 02 12:00:00 AM,LA GUAJIRA,FONSECA,FRIJOL,CAUPI,2 a 3 MESES,HOJAS,NO INDICA,NO INDICA,NO INDICA,4.91,0.34,1.53,3.36,0.44,,0.42,294.26,6.54,188.4,37.89,37.0,LA GUAJIRA,Frijol
"2,141",2022 Sep 02 12:00:00 AM,LA GUAJIRA,FONSECA,FRIJOL,CAUPI,2 a 3 MESES,HOJAS,NO INDICA,NO INDICA,NO INDICA,4.25,0.42,2.44,2.62,0.45,,0.46,1010.97,5.46,130.53,31.75,35.75,LA GUAJIRA,Frijol
"2,142",2022 Sep 02 12:00:00 AM,LA GUAJIRA,FONSECA,FRIJOL,CAUPI,2 a 3 MESES,HOJAS,NO INDICA,NO INDICA,NO INDICA,4.79,0.34,1.45,3.08,0.44,,0.45,253.39,6.31,189.0,41.56,36.88,LA GUAJIRA,Frijol
"2,143",2022 Sep 02 12:00:00 AM,LA GUAJIRA,FONSECA,FRIJOL,CAUPI,2 a 3 MESES,HOJAS,NO INDICA,NO INDICA,NO INDICA,4.41,0.35,1.98,2.83,0.42,,0.56,729.09,6.0,161.25,32.21,34.38,LA GUAJIRA,Frijol
"2,144",2022 Sep 02 12:00:00 AM,LA GUAJIRA,FONSECA,FRIJOL,CAUPI,2 a 3 MESES,HOJAS,NO INDICA,NO INDICA,NO INDICA,4.64,0.38,2.25,2.85,0.45,,0.21,883.16,5.46,142.26,27.26,40.13,LA GUAJIRA,Frijol
"2,145",2022 Sep 02 12:00:00 AM,LA GUAJIRA,FONSECA,FRIJOL,CAUPI,2 a 3 MESES,HOJAS,NO INDICA,NO INDICA,NO INDICA,4.81,0.3,1.16,3.57,0.47,,0.35,161.4,5.04,191.05,40.05,34.38,LA GUAJIRA,Frijol
"2,146",2022 Sep 02 12:00:00 AM,LA GUAJIRA,SAN JUAN DEL CESAR,FRIJOL,CAUPI,2 a 3 MESES,HOJAS,NO INDICA,NO INDICA,NO INDICA,5.08,0.47,2.4,3.19,0.56,,0.51,364.03,4.5,186.83,33.81,54.25,LA GUAJIRA,Frijol
"2,147",2022 Sep 02 12:00:00 AM,LA GUAJIRA,SAN JUAN DEL CESAR,FRIJOL,CAUPI,2 a 3 MESES,HOJAS,NO INDICA,NO INDICA,NO INDICA,5.06,0.49,1.97,3.09,0.53,,0.53,400.74,7.18,138.7,34.09,40.75,LA GUAJIRA,Frijol
"2,148",2022 Sep 02 12:00:00 AM,LA GUAJIRA,SAN JUAN DEL CESAR,FRIJOL,CAUPI,2 a 3 MESES,HOJAS,NO INDICA,NO INDICA,NO INDICA,4.9,0.49,2.27,2.93,0.48,,0.55,532.74,4.71,135.7,34.53,39.75,LA GUAJIRA,Frijol
"2,149",2022 Sep 02 12:00:00 AM,LA GUAJIRA,SAN JUAN DEL CESAR,FRIJOL,CAUPI,2 a 3 MESES,HOJAS,NO INDICA,NO INDICA,NO INDICA,4.01,0.43,1.94,3.95,0.45,,0.45,803.69,6.31,140.6,24.58,42.25,LA GUAJIRA,Frijol
"2,150",2022 Sep 02 12:00:00 AM,LA GUAJIRA,SAN JUAN DEL CESAR,FRIJOL,CAUPI,2 a 3 MESES,HOJAS,NO INDICA,NO INDICA,NO INDICA,5.0,0.47,2.25,2.58,0.52,,0.55,385.21,3.75,202.23,48.66,24.13,LA GUAJIRA,Frijol
"2,151",2022 Sep 02 12:00:00 AM,LA GUAJIRA,SAN JUAN DEL CESAR,FRIJOL,CAUPI,2 a 3 MESES,HOJAS,NO INDICA,NO INDICA,NO INDICA,4.62,0.23,1.76,3.3,0.4,0.03,0.58,285.85,5.46,109.69,51.33,44.5,LA GUAJIRA,Frijol
"2,152",2022 Sep 02 12:00:00 AM,LA GUAJIRA,SAN JUAN DEL CESAR,FRIJOL,CAUPI,2 a 3 MESES,HOJAS,NO INDICA,NO INDICA,NO INDICA,4.97,0.4,2.18,2.72,0.52,0.03,0.55,324.38,3.85,156.09,34.3,37.5,LA GUAJIRA,Frijol
"2,153",2022 Sep 02 12:00:00 AM,LA GUAJIRA,SAN JUAN DEL CESAR,FRIJOL,CAUPI,2 a 3 MESES,HOJAS,NO INDICA,NO INDICA,NO INDICA,4.52,0.27,1.7,3.77,0.38,,0.3,1131.97,6.0,177.39,32.08,52.13,LA GUAJIRA,Frijol
"2,154",2022 Sep 02 12:00:00 AM,LA GUAJIRA,SAN JUAN DEL CESAR,FRIJOL,CAUPI,2 a 3 MESES,HOJAS,NO INDICA,NO INDICA,NO INDICA,5.51,0.53,2.76,3.02,0.42,,0.46,144.56,6.31,220.04,44.4,41.63,LA GUAJIRA,Frijol
"2,155",2022 Sep 02 12:00:00 AM,LA GUAJIRA,SAN JUAN DEL CESAR,FRIJOL,CAUPI,2 a 3 MESES,HOJAS,NO INDICA,NO INDICA,NO INDICA,4.95,0.3,2.96,2.03,0.44,,0.47,130.56,7.8,75.3,34.19,42.13,LA GUAJIRA,Frijol
"2,156",2022 Sep 02 12:00:00 AM,LA GUAJIRA,SAN JUAN DEL CESAR,FRIJOL,CAUPI,2 a 3 MESES,HOJAS,NO INDICA,NO INDICA,NO INDICA,4.74,0.28,2.67,2.52,0.43,0.04,0.5,272.34,7.28,94.19,39.81,43.25,LA GUAJIRA,Frijol
"2,157",2022 Sep 02 12:00:00 AM,LA GUAJIRA,SAN JUAN DEL CESAR,FRIJOL,CAUPI,2 a 3 MESES,HOJAS,NO INDICA,NO INDICA,NO INDICA,3.4,0.21,1.25,4.23,0.4,,0.48,777.22,5.88,436.0,22.73,51.0,LA GUAJIRA,Frijol
"2,158",2022 Sep 02 12:00:00 AM,LA GUAJIRA,SAN JUAN DEL CESAR,FRIJOL,CAUPI,2 a 3 MESES,HOJAS,NO INDICA,NO INDICA,NO INDICA,4.69,0.4,2.23,3.15,0.49,,0.58,378.65,6.53,129.0,39.44,34.75,LA GUAJIRA,Frijol
"2,159",2022 Sep 02 12:00:00 AM,LA GUAJIRA,SAN JUAN DEL CESAR,FRIJOL,CAUPI,2 a 3 MESES,HOJAS,NO INDICA,NO INDICA,NO INDICA,4.08,0.3,1.67,3.4,0.55,,0.57,595.99,6.74,222.43,35.21,23.13,LA GUAJIRA,Frijol
"2,160",2022 Sep 02 12:00:00 AM,LA GUAJIRA,SAN JUAN DEL CESAR,FRIJOL,CAUPI,2 a 3 MESES,HOJAS,NO INDICA,NO INDICA,NO INDICA,4.76,0.24,2.44,2.58,0.47,,0.67,406.18,7.7,289.66,33.73,39.63,LA GUAJIRA,Frijol
"2,161",2022 Sep 02 12:00:00 AM,LA GUAJIRA,SAN JUAN DEL CESAR,FRIJOL,CAUPI,2 a 3 MESES,HOJAS,NO INDICA,NO INDICA,NO INDICA,5.0,0.31,2.95,1.78,0.46,0.03,0.61,145.84,8.88,154.63,43.44,41.75,LA GUAJIRA,Frijol
"2,162",2022 Sep 02 12:00:00 AM,LA GUAJIRA,SAN JUAN DEL CESAR,FRIJOL,CAUPI,2 a 3 MESES,HOJAS,NO INDICA,NO INDICA,NO INDICA,4.55,0.29,1.62,4.4,0.45,,0.38,510.19,16.68,173.31,32.54,42.13,LA GUAJIRA,Frijol
"2,163",2022 Sep 02 12:00:00 AM,LA GUAJIRA,SAN JUAN DEL CESAR,FRIJOL,CAUPI,2 a 3 MESES,HOJAS,NO INDICA,NO INDICA,NO INDICA,4.25,0.27,1.39,5.31,0.42,,0.58,408.18,11.55,199.89,35.24,30.75,LA GUAJIRA,Frijol
"2,164",2022 Sep 02 12:00:00 AM,LA GUAJIRA,SAN JUAN DEL CESAR,FRIJOL,CAUPI,2 a 3 MESES,HOJAS,NO INDICA,NO INDICA,NO INDICA,4.66,0.31,1.75,4.24,0.43,,0.69,612.63,10.16,163.61,37.16,41.75,LA GUAJIRA,Frijol
"2,165",2022 Sep 02 12:00:00 AM,LA GUAJIRA,SAN JUAN DEL CESAR,FRIJOL,CAUPI,2 a 3 MESES,HOJAS,NO INDICA,NO INDICA,NO INDICA,4.75,0.5,2.1,4.11,0.47,0.04,0.76,1407.79,11.76,132.26,39.98,45.5,LA GUAJIRA,Frijol
"2,166",2022 Sep 02 12:00:00 AM,LA GUAJIRA,SAN JUAN DEL CESAR,FRIJOL,CAUPI,2 a 3 MESES,HOJAS,NO INDICA,NO INDICA,NO INDICA,4.14,0.25,1.3,5.62,0.47,,0.68,381.83,9.41,192.38,34.56,37.88,LA GUAJIRA,Frijol
"2,167",2022 Sep 02 12:00:00 AM,LA GUAJIRA,SAN JUAN DEL CESAR,FRIJOL,CAUPI,2 a 3 MESES,HOJAS,NO INDICA,NO INDICA,NO INDICA,4.81,0.28,1.88,3.68,0.32,,0.7,283.3,9.41,137.91,34.14,39.0,LA GUAJIRA,Frijol
"2,168",2022 Sep 02 12:00:00 AM,LA GUAJIRA,SAN JUAN DEL CESAR,FRIJOL,CAUPI,2 a 3 MESES,HOJAS,NO INDICA,NO INDICA,NO INDICA,3.82,0.26,1.13,5.7,0.45,,0.72,1020.87,27.86,226.45,35.05,39.63,LA GUAJIRA,Frijol
"2,169",2022 Sep 02 12:00:00 AM,LA GUAJIRA,SAN JUAN DEL CESAR,FRIJOL,CAUPI,2 a 3 MESES,HOJAS,NO INDICA,NO INDICA,NO INDICA,5.06,0.4,1.15,3.72,0.58,0.03,0.8,216.75,12.4,153.25,35.86,41.88,LA GUAJIRA,Frijol
"2,170",2022 Sep 02 12:00:00 AM,LA GUAJIRA,SAN JUAN DEL CESAR,FRIJOL,CAUPI,2 a 3 MESES,HOJAS,NO INDICA,NO INDICA,NO INDICA,4.64,0.44,2.04,5.29,0.5,0.03,0.51,1046.44,13.48,179.18,43.21,51.63,LA GUAJIRA,Frijol
"2,171",2022 Sep 02 12:00:00 AM,LA GUAJIRA,SAN JUAN DEL CESAR,FRIJOL,CAUPI,2 a 3 MESES,HOJAS,NO INDICA,NO INDICA,NO INDICA,4.91,0.44,2.16,3.26,0.37,,0.3,166.51,7.59,95.93,26.61,39.38,LA GUAJIRA,Frijol
"2,172",2022 Sep 02 12:00:00 AM,LA GUAJIRA,SAN JUAN DEL CESAR,FRIJOL,CAUPI,2 a 3 MESES,HOJAS,NO INDICA,NO INDICA,NO INDICA,4.55,0.43,1.9,3.79,0.43,,0.14,419.86,6.2,131.51,25.38,41.13,LA GUAJIRA,Frijol
"2,173",2022 Sep 02 12:00:00 AM,LA GUAJIRA,SAN JUAN DEL CESAR,FRIJOL,CAUPI,2 a 3 MESES,HOJAS,NO INDICA,NO INDICA,NO INDICA,4.92,0.44,1.72,3.92,0.54,0.04,0.31,735.14,10.48,176.9,47.65,39.63,LA GUAJIRA,Frijol
"2,174",2022 Sep 02 12:00:00 AM,LA GUAJIRA,SAN JUAN DEL CESAR,FRIJOL,CAUPI,2 a 3 MESES,HOJAS,NO INDICA,NO INDICA,NO INDICA,4.42,0.36,1.37,4.56,0.47,,0.33,1831.29,10.69,187.03,45.93,41.13,LA GUAJIRA,Frijol
"2,175",2022 Sep 02 12:00:00 AM,LA GUAJIRA,SAN JUAN DEL CESAR,FRIJOL,CAUPI,2 a 3 MESES,HOJAS,NO INDICA,NO INDICA,NO INDICA,4.6,0.4,1.56,4.34,0.53,0.03,0.36,961.06,9.84,194.49,34.84,48.13,LA GUAJIRA,Frijol
"2,176",2022 Sep 02 12:00:00 AM,LA GUAJIRA,SAN JUAN DEL CESAR,FRIJOL,CAUPI,2 a 3 MESES,HOJAS,NO INDICA,NO INDICA,NO INDICA,4.69,0.43,1.52,4.14,0.51,0.04,0.37,627.41,10.59,204.0,49.33,40.25,LA GUAJIRA,Frijol
"2,177",2022 Sep 02 12:00:00 AM,LA GUAJIRA,SAN JUAN DEL CESAR,FRIJOL,CAUPI,2 a 3 MESES,HOJAS,NO INDICA,NO INDICA,NO INDICA,3.88,0.34,1.81,3.69,0.43,0.03,0.11,1951.81,8.99,167.59,43.21,41.75,LA GUAJIRA,Frijol
"2,178",2022 Sep 02 12:00:00 AM,LA GUAJIRA,SAN JUAN DEL CESAR,FRIJOL,CAUPI,2 a 3 MESES,HOJAS,NO INDICA,NO INDICA,NO INDICA,4.92,0.34,1.78,4.1,0.42,,0.26,337.73,9.09,140.91,36.19,36.63,LA GUAJIRA,Frijol
"2,179",2022 Sep 02 12:00:00 AM,LA GUAJIRA,SAN JUAN DEL CESAR,FRIJOL,CAUPI,2 a 3 MESES,HOJAS,NO INDICA,NO INDICA,NO INDICA,4.08,0.24,1.23,5.26,0.48,,0.36,776.26,8.24,218.4,36.79,35.38,LA GUAJIRA,Frijol
"2,180",2022 Sep 02 12:00:00 AM,LA GUAJIRA,SAN JUAN DEL CESAR,FRIJOL,CAUPI,2 a 3 MESES,HOJAS,NO INDICA,NO INDICA,NO INDICA,4.04,0.25,1.58,4.34,0.42,,0.42,847.41,8.45,176.95,30.24,35.0,LA GUAJIRA,Frijol
"2,181",2022 Sep 02 12:00:00 AM,LA GUAJIRA,SAN JUAN DEL CESAR,FRIJOL,CAUPI,2 a 3 MESES,HOJAS,NO INDICA,NO INDICA,NO INDICA,4.56,0.33,1.84,4.19,0.42,,0.44,684.13,11.13,140.36,36.73,36.13,LA GUAJIRA,Frijol
"2,182",2022 Sep 02 12:00:00 AM,LA GUAJIRA,SAN JUAN DEL CESAR,FRIJOL,CAUPI,2 a 3 MESES,HOJAS,NO INDICA,NO INDICA,NO INDICA,5.48,0.49,2.45,3.69,0.47,0.03,0.55,288.69,8.45,125.49,32.08,31.88,LA GUAJIRA,Frijol
"2,183",2022 Sep 02 12:00:00 AM,LA GUAJIRA,SAN JUAN DEL CESAR,FRIJOL,CAUPI,2 a 3 MESES,HOJAS,NO INDICA,NO INDICA,NO INDICA,4.29,0.47,2.0,4.14,0.5,0.03,0.52,574.82,11.13,132.51,39.49,44.5,LA GUAJIRA,Frijol
"2,184",2022 Sep 02 12:00:00 AM,LA GUAJIRA,SAN JUAN DEL CESAR,FRIJOL,CAUPI,2 a 3 MESES,HOJAS,NO INDICA,NO INDICA,NO INDICA,3.16,0.28,1.11,5.45,0.4,,0.41,202.25,6.1,144.13,27.45,51.75,LA GUAJIRA,Frijol
"2,185",2022 Sep 02 12:00:00 AM,LA GUAJIRA,SAN JUAN DEL CESAR,FRIJOL,CAUPI,2 a 3 MESES,HOJAS,NO INDICA,NO INDICA,NO INDICA,5.13,0.41,1.79,3.67,0.52,,0.35,132.64,8.34,200.61,34.51,35.75,LA GUAJIRA,Frijol
"2,186",2022 Sep 02 12:00:00 AM,LA GUAJIRA,VILLANUEVA,FRIJOL,CAUPI,2 a 3 MESES,HOJAS,NO INDICA,NO INDICA,NO INDICA,5.12,0.24,2.35,2.55,0.63,,0.39,749.31,9.63,149.09,37.51,32.0,LA GUAJIRA,Frijol
"2,187",2022 Sep 02 12:00:00 AM,LA GUAJIRA,VILLANUEVA,FRIJOL,CAUPI,2 a 3 MESES,HOJAS,NO INDICA,NO INDICA,NO INDICA,5.66,0.38,1.9,3.28,0.38,,0.39,113.75,7.7,289.55,27.86,42.25,LA GUAJIRA,Frijol
"2,188",2022 Sep 02 12:00:00 AM,LA GUAJIRA,VILLANUEVA,FRIJOL,CAUPI,2 a 3 MESES,HOJAS,NO INDICA,NO INDICA,NO INDICA,4.77,0.34,1.47,3.94,0.46,,0.37,429.61,8.24,243.33,27.38,30.13,LA GUAJIRA,Frijol
"2,189",2022 Sep 02 12:00:00 AM,LA GUAJIRA,VILLANUEVA,FRIJOL,CAUPI,2 a 3 MESES,HOJAS,NO INDICA,NO INDICA,NO INDICA,4.23,0.25,1.29,4.39,0.22,,0.34,217.63,6.1,278.23,34.35,27.63,LA GUAJIRA,Frijol
"2,190",2022 Sep 02 12:00:00 AM,LA GUAJIRA,VILLANUEVA,FRIJOL,CAUPI,2 a 3 MESES,HOJAS,NO INDICA,NO INDICA,NO INDICA,4.71,0.35,1.35,4.24,0.46,,0.37,186.56,6.63,220.73,24.45,66.38,LA GUAJIRA,Frijol
"2,191",2022 Sep 02 12:00:00 AM,LA GUAJIRA,VILLANUEVA,FRIJOL,CAUPI,2 a 3 MESES,HOJAS,NO INDICA,NO INDICA,NO INDICA,4.56,0.34,1.75,4.43,0.54,,0.43,299.73,7.59,219.36,25.75,45.0,LA GUAJIRA,Frijol
"2,192",2022 Sep 02 12:00:00 AM,LA GUAJIRA,VILLANUEVA,FRIJOL,CAUPI,2 a 3 MESES,HOJAS,NO INDICA,NO INDICA,NO INDICA,4.52,0.32,1.82,3.66,0.47,,0.38,134.8,8.03,192.79,25.8,47.38,LA GUAJIRA,Frijol
"2,193",2022 Sep 02 12:00:00 AM,LA GUAJIRA,VILLANUEVA,FRIJOL,CAUPI,2 a 3 MESES,HOJAS,NO INDICA,NO INDICA,NO INDICA,4.75,0.32,1.56,3.02,0.41,,0.38,485.86,7.06,189.88,25.19,40.5,LA GUAJIRA,Frijol
"2,194",2022 Sep 02 12:00:00 AM,LA GUAJIRA,VILLANUEVA,FRIJOL,CAUPI,2 a 3 MESES,HOJAS,NO INDICA,NO INDICA,NO INDICA,4.45,0.3,1.7,3.02,0.46,,0.39,165.34,7.8,184.25,28.19,42.88,LA GUAJIRA,Frijol
"2,195",2022 Sep 02 12:00:00 AM,LA GUAJIRA,VILLANUEVA,FRIJOL,CAUPI,2 a 3 MESES,HOJAS,NO INDICA,NO INDICA,NO INDICA,4.88,0.33,1.86,2.91,0.44,,0.43,130.93,8.66,199.04,27.91,44.0,LA GUAJIRA,Frijol
"2,196",2022 Sep 02 12:00:00 AM,LA GUAJIRA,VILLANUEVA,FRIJOL,CAUPI,2 a 3 MESES,HOJAS,NO INDICA,NO INDICA,NO INDICA,4.73,0.38,2.12,3.33,0.43,,0.38,119.34,8.34,175.06,27.54,45.0,LA GUAJIRA,Frijol
"2,197",2022 Sep 02 12:00:00 AM,LA GUAJIRA,VILLANUEVA,FRIJOL,CAUPI,2 a 3 MESES,HOJAS,NO INDICA,NO INDICA,NO INDICA,4.75,0.36,2.07,3.21,0.46,,0.41,154.35,8.66,186.33,27.26,47.0,LA GUAJIRA,Frijol
"2,198",2022 Sep 02 12:00:00 AM,LA GUAJIRA,VILLANUEVA,FRIJOL,CAUPI,2 a 3 MESES,HOJAS,NO INDICA,NO INDICA,NO INDICA,4.37,0.33,3.43,4.03,0.52,,0.43,285.16,9.86,238.39,34.85,40.88,LA GUAJIRA,Frijol
"2,199",2022 Sep 02 12:00:00 AM,LA GUAJIRA,VILLANUEVA,FRIJOL,CAUPI,2 a 3 MESES,HOJAS,NO INDICA,NO INDICA,NO INDICA,4.66,0.4,2.05,3.54,0.49,,0.39,1176.66,10.5,289.3,30.53,35.5,LA GUAJIRA,Frijol
"2,200",2022 Sep 02 12:00:00 AM,LA GUAJIRA,VILLANUEVA,FRIJOL,CAUPI,2 a 3 MESES,HOJAS,NO INDICA,NO INDICA,NO INDICA,4.43,0.32,1.46,4.17,0.53,,0.36,765.26,9.96,251.88,25.34,47.13,LA GUAJIRA,Frijol
"2,201",2022 Sep 02 12:00:00 AM,LA GUAJIRA,VILLANUEVA,FRIJOL,CAUPI,2 a 3 MESES,HOJAS,NO INDICA,NO INDICA,NO INDICA,4.83,0.43,2.16,2.92,0.48,,0.41,1097.66,10.93,266.65,34.69,38.13,LA GUAJIRA,Frijol
"2,202",2022 Sep 02 12:00:00 AM,LA GUAJIRA,VILLANUEVA,FRIJOL,CAUPI,2 a 3 MESES,HOJAS,NO INDICA,NO INDICA,NO INDICA,4.56,0.35,1.88,3.8,0.43,,0.38,141.88,9.0,202.65,28.2,46.63,LA GUAJIRA,Frijol
"2,203",2022 Sep 02 12:00:00 AM,LA GUAJIRA,VILLANUEVA,FRIJOL,CAUPI,2 a 3 MESES,HOJAS,NO INDICA,NO INDICA,NO INDICA,4.92,0.48,2.25,3.04,0.5,,0.41,641.99,11.25,248.81,31.83,36.25,LA GUAJIRA,Frijol
"2,204",2022 Sep 02 12:00:00 AM,LA GUAJIRA,VILLANUEVA,FRIJOL,CAUPI,2 a 3 MESES,HOJAS,NO INDICA,NO INDICA,NO INDICA,4.99,0.36,1.29,3.61,0.59,,0.4,375.51,9.21,210.78,22.63,38.75,LA GUAJIRA,Frijol
"2,205",2022 Sep 02 12:00:00 AM,LA GUAJIRA,DISTRACCIÓN,FRIJOL,CAUPI,2 a 3 MESES,HOJAS,NO INDICA,NO INDICA,NO INDICA,5.31,0.47,2.97,2.51,0.48,,0.43,122.06,7.08,83.81,42.38,34.13,LA GUAJIRA,Frijol
"2,206",2022 Sep 02 12:00:00 AM,LA GUAJIRA,DISTRACCIÓN,FRIJOL,CAUPI,2 a 3 MESES,HOJAS,NO INDICA,NO INDICA,NO INDICA,4.57,0.38,2.95,3.06,0.39,,0.36,124.88,8.04,73.56,40.59,40.88,LA GUAJIRA,Frijol
"2,207",2022 Sep 02 12:00:00 AM,LA GUAJIRA,DISTRACCIÓN,FRIJOL,CAUPI,2 a 3 MESES,HOJAS,NO INDICA,NO INDICA,NO INDICA,5.16,0.41,3.08,2.42,0.43,,0.36,129.43,9.43,107.95,58.54,33.75,LA GUAJIRA,Frijol
"2,208",2022 Sep 02 12:00:00 AM,LA GUAJIRA,DISTRACCIÓN,FRIJOL,CAUPI,2 a 3 MESES,HOJAS,NO INDICA,NO INDICA,NO INDICA,3.73,0.24,2.96,3.85,0.29,,0.43,121.95,7.29,68.06,30.41,46.88,LA GUAJIRA,Frijol
"2,209",2022 Sep 02 12:00:00 AM,LA GUAJIRA,DISTRACCIÓN,FRIJOL,CAUPI,2 a 3 MESES,HOJAS,NO INDICA,NO INDICA,NO INDICA,5.65,0.52,2.72,1.85,0.51,,0.41,162.23,7.61,160.38,37.71,32.13,LA GUAJIRA,Frijol
"2,210",2022 Sep 02 12:00:00 AM,LA GUAJIRA,DISTRACCIÓN,FRIJOL,CAUPI,2 a 3 MESES,HOJAS,NO INDICA,NO INDICA,NO INDICA,4.99,0.41,2.07,2.61,0.51,,0.38,194.14,6.0,240.2,33.88,53.13,LA GUAJIRA,Frijol
"2,211",2022 Sep 02 12:00:00 AM,LA GUAJIRA,DISTRACCIÓN,FRIJOL,CAUPI,2 a 3 MESES,HOJAS,NO INDICA,NO INDICA,NO INDICA,5.05,0.44,2.67,2.95,0.41,,0.38,904.06,9.65,125.6,54.05,37.13,LA GUAJIRA,Frijol
"2,212",2022 Sep 02 12:00:00 AM,LA GUAJIRA,DISTRACCIÓN,FRIJOL,CAUPI,2 a 3 MESES,HOJAS,NO INDICA,NO INDICA,NO INDICA,5.37,0.52,2.7,2.23,0.51,,0.36,287.21,6.33,143.58,29.01,30.5,LA GUAJIRA,Frijol
"2,213",2022 Sep 02 12:00:00 AM,LA GUAJIRA,DISTRACCIÓN,FRIJOL,CAUPI,2 a 3 MESES,HOJAS,NO INDICA,NO INDICA,NO INDICA,4.62,0.42,2.34,1.8,0.52,,0.32,151.4,4.94,251.91,31.83,37.13,LA GUAJIRA,Frijol
"2,214",2022 Sep 02 12:00:00 AM,LA GUAJIRA,DISTRACCIÓN,FRIJOL,CAUPI,2 a 3 MESES,HOJAS,NO INDICA,NO INDICA,NO INDICA,5.58,0.45,2.71,1.81,0.45,,0.41,143.74,6.65,144.54,34.96,26.75,LA GUAJIRA,Frijol
"2,215",2022 Sep 02 12:00:00 AM,LA GUAJIRA,DISTRACCIÓN,FRIJOL,CAUPI,2 a 3 MESES,HOJAS,NO INDICA,NO INDICA,NO INDICA,5.56,0.58,2.65,1.98,0.45,,0.36,122.66,5.79,127.69,32.09,28.0,LA GUAJIRA,Frijol
"2,216",2022 Sep 02 12:00:00 AM,LA GUAJIRA,DISTRACCIÓN,FRIJOL,CAUPI,2 a 3 MESES,HOJAS,NO INDICA,NO INDICA,NO INDICA,5.49,0.43,3.11,2.45,0.47,,0.39,131.71,9.0,122.0,58.11,28.75,LA GUAJIRA,Frijol
"2,217",2022 Sep 02 12:00:00 AM,LA GUAJIRA,DISTRACCIÓN,FRIJOL,CAUPI,2 a 3 MESES,HOJAS,NO INDICA,NO INDICA,NO INDICA,5.5,0.45,2.68,2.28,0.5,,0.4,185.11,8.15,173.0,37.29,31.88,LA GUAJIRA,Frijol
"2,218",2022 Sep 02 12:00:00 AM,LA GUAJIRA,DISTRACCIÓN,FRIJOL,CAUPI,2 a 3 MESES,HOJAS,NO INDICA,NO INDICA,NO INDICA,5.64,0.59,2.38,2.95,0.51,,0.42,150.79,7.71,114.7,29.11,29.88,LA GUAJIRA,Frijol
"2,219",2022 Sep 02 12:00:00 AM,LA GUAJIRA,DISTRACCIÓN,FRIJOL,CAUPI,2 a 3 MESES,HOJAS,NO INDICA,NO INDICA,NO INDICA,5.45,0.5,3.64,2.63,0.47,,0.43,113.8,8.58,106.6,47.94,33.75,LA GUAJIRA,Frijol
"2,220",2022 Sep 02 12:00:00 AM,LA GUAJIRA,DISTRACCIÓN,FRIJOL,CAUPI,2 a 3 MESES,HOJAS,NO INDICA,NO INDICA,NO INDICA,5.68,0.61,3.19,2.16,0.6,,0.39,159.15,6.0,202.91,30.25,37.63,LA GUAJIRA,Frijol
"2,221",2022 Sep 02 12:00:00 AM,LA GUAJIRA,DISTRACCIÓN,FRIJOL,CAUPI,2 a 3 MESES,HOJAS,NO INDICA,NO INDICA,NO INDICA,4.17,0.38,2.81,4.05,0.48,,0.42,136.29,8.15,101.73,34.85,40.38,LA GUAJIRA,Frijol
"2,222",2022 Sep 02 12:00:00 AM,LA GUAJIRA,EL MOLINO,FRIJOL,CAUPI,2 a 3 MESES,HOJAS,NO INDICA,NO INDICA,NO INDICA,4.75,0.47,2.71,3.55,0.51,,0.53,269.79,13.29,252.36,37.13,44.5,LA GUAJIRA,Frijol
"2,415",2022 Sep 13 12:00:00 AM,LA GUAJIRA,FONSECA,FRIJOL,CAUPI,2 a 3 MESES,HOJAS,NO INDICA,NO INDICA,BUENO,5.09,0.5,1.95,3.23,0.46,,0.33,978.25,9.5,126.88,26.75,26.29,LA GUAJIRA,Frijol
"2,416",2022 Sep 13 12:00:00 AM,LA GUAJIRA,FONSECA,FRIJOL,CAUPI,2 a 3 MESES,HOJAS,NO INDICA,NO INDICA,BUENO,4.81,0.53,2.2,2.75,0.47,,0.33,323.88,8.38,181.38,22.63,35.36,LA GUAJIRA,Frijol
"2,417",2022 Sep 13 12:00:00 AM,LA GUAJIRA,FONSECA,FRIJOL,CAUPI,2 a 3 MESES,HOJAS,NO INDICA,NO INDICA,BUENO,5.32,0.36,2.53,2.06,0.35,,0.32,229.13,9.5,176.13,50.13,22.29,LA GUAJIRA,Frijol
"2,418",2022 Sep 13 12:00:00 AM,LA GUAJIRA,FONSECA,FRIJOL,CAUPI,2 a 3 MESES,HOJAS,NO INDICA,NO INDICA,BUENO,5.0,0.33,2.05,3.06,0.34,,0.36,276.0,9.13,160.13,48.5,25.0,LA GUAJIRA,Frijol
"2,419",2022 Sep 13 12:00:00 AM,LA GUAJIRA,FONSECA,FRIJOL,CAUPI,2 a 3 MESES,HOJAS,NO INDICA,NO INDICA,BUENO,4.13,0.37,1.7,3.06,0.52,,0.36,888.25,8.38,150.0,40.63,33.71,LA GUAJIRA,Frijol
"2,420",2022 Sep 13 12:00:00 AM,LA GUAJIRA,FONSECA,FRIJOL,CAUPI,2 a 3 MESES,HOJAS,NO INDICA,NO INDICA,BUENO,3.95,0.36,1.92,3.22,0.35,,0.3,344.5,8.63,224.5,28.5,50.19,LA GUAJIRA,Frijol
"2,421",2022 Sep 13 12:00:00 AM,LA GUAJIRA,FONSECA,FRIJOL,CAUPI,2 a 3 MESES,HOJAS,NO INDICA,NO INDICA,BUENO,3.99,0.32,1.35,3.27,0.29,,0.3,186.88,7.13,212.88,24.5,55.16,LA GUAJIRA,Frijol
"2,422",2022 Sep 13 12:00:00 AM,LA GUAJIRA,FONSECA,FRIJOL,CAUPI,2 a 3 MESES,HOJAS,NO INDICA,NO INDICA,BUENO,5.0,0.48,2.4,2.46,0.36,,0.34,219.88,6.5,143.75,29.63,45.7,LA GUAJIRA,Frijol
"2,423",2022 Sep 13 12:00:00 AM,LA GUAJIRA,FONSECA,FRIJOL,CAUPI,2 a 3 MESES,HOJAS,NO INDICA,NO INDICA,BUENO,4.93,0.44,2.69,2.27,0.35,,0.3,452.25,6.75,154.0,25.0,43.56,LA GUAJIRA,Frijol
"2,424",2022 Sep 13 12:00:00 AM,LA GUAJIRA,FONSECA,FRIJOL,CAUPI,2 a 3 MESES,HOJAS,NO INDICA,NO INDICA,BUENO,4.89,0.53,2.81,2.5,0.45,,0.34,162.13,6.5,145.25,28.0,43.89,LA GUAJIRA,Frijol
"2,425",2022 Sep 13 12:00:00 AM,LA GUAJIRA,FONSECA,FRIJOL,CAUPI,2 a 3 MESES,HOJAS,NO INDICA,NO INDICA,BUENO,4.86,0.42,2.21,1.9,0.35,,0.28,126.88,6.0,109.89,25.25,35.3,LA GUAJIRA,Frijol
"2,426",2022 Sep 13 12:00:00 AM,LA GUAJIRA,FONSECA,FRIJOL,CAUPI,2 a 3 MESES,HOJAS,NO INDICA,NO INDICA,BUENO,6.0,0.48,3.3,2.02,0.4,,0.37,199.25,9.0,67.01,40.25,39.33,LA GUAJIRA,Frijol
"2,427",2022 Sep 13 12:00:00 AM,LA GUAJIRA,FONSECA,FRIJOL,CAUPI,2 a 3 MESES,HOJAS,NO INDICA,NO INDICA,BUENO,5.01,0.47,2.47,2.23,0.37,,0.35,201.5,6.25,98.78,29.13,42.04,LA GUAJIRA,Frijol
"2,428",2022 Sep 13 12:00:00 AM,LA GUAJIRA,FONSECA,FRIJOL,CAUPI,2 a 3 MESES,HOJAS,NO INDICA,NO INDICA,BUENO,4.21,0.4,2.15,3.36,0.45,,0.24,200.13,6.25,237.25,19.25,51.26,LA GUAJIRA,Frijol
"2,429",2022 Sep 13 12:00:00 AM,LA GUAJIRA,FONSECA,FRIJOL,CAUPI,2 a 3 MESES,HOJAS,NO INDICA,NO INDICA,BUENO,5.53,0.59,2.48,2.24,0.4,,0.38,190.03,6.63,103.86,44.41,38.88,LA GUAJIRA,Frijol
"2,430",2022 Sep 13 12:00:00 AM,LA GUAJIRA,FONSECA,FRIJOL,CAUPI,2 a 3 MESES,HOJAS,NO INDICA,NO INDICA,BUENO,5.6,0.57,3.1,2.07,0.34,,0.39,167.23,7.25,63.38,45.87,38.62,LA GUAJIRA,Frijol
"2,431",2022 Sep 13 12:00:00 AM,LA GUAJIRA,FONSECA,FRIJOL,CAUPI,2 a 3 MESES,HOJAS,NO INDICA,NO INDICA,BUENO,5.4,0.53,2.65,2.33,0.39,,0.33,170.48,6.13,130.63,35.54,47.95,LA GUAJIRA,Frijol
"2,432",2022 Sep 13 12:00:00 AM,LA GUAJIRA,DIBULLA,FRIJOL,CAUPI,2 a 3 MESES,HOJAS,NO INDICA,NO INDICA,BUENO,5.19,0.46,2.4,2.04,0.3,,0.32,173.45,7.88,98.11,32.17,38.36,LA GUAJIRA,Frijol
"2,433",2022 Sep 13 12:00:00 AM,LA GUAJIRA,FONSECA,FRIJOL,CAUPI,2 a 3 MESES,HOJAS,NO INDICA,NO INDICA,BUENO,5.24,0.46,2.49,2.59,0.34,,0.32,218.7,6.5,124.5,30.65,38.51,LA GUAJIRA,Frijol
"2,434",2022 Sep 13 12:00:00 AM,LA GUAJIRA,FONSECA,FRIJOL,CAUPI,2 a 3 MESES,HOJAS,NO INDICA,NO INDICA,BUENO,4.84,0.39,2.28,2.84,0.31,,0.27,185.22,6.5,143.83,31.85,40.33,LA GUAJIRA,Frijol
"2,435",2022 Sep 13 12:00:00 AM,LA GUAJIRA,FONSECA,FRIJOL,CAUPI,2 a 3 MESES,HOJAS,NO INDICA,NO INDICA,BUENO,5.8,0.5,2.64,1.93,0.35,,0.36,180.06,8.63,82.95,42.46,36.34,LA GUAJIRA,Frijol
"2,436",2022 Sep 13 12:00:00 AM,LA GUAJIRA,FONSECA,FRIJOL,CAUPI,2 a 3 MESES,HOJAS,NO INDICA,NO INDICA,BUENO,5.27,0.52,2.62,2.36,0.41,,0.36,249.72,7.88,149.25,42.73,44.71,LA GUAJIRA,Frijol
"2,451",2022 Sep 14 12:00:00 AM,LA GUAJIRA,EL MOLINO,FRIJOL,CAUPI,2 a 3 MESES,HOJAS,NO INDICA,NO INDICA,BUENO,5.23,0.53,2.15,2.52,0.42,,0.31,181.75,4.75,102.63,21.13,41.05,LA GUAJIRA,Frijol
"2,452",2022 Sep 14 12:00:00 AM,LA GUAJIRA,EL MOLINO,FRIJOL,CAUPI,2 a 3 MESES,HOJAS,NO INDICA,NO INDICA,BUENO,4.98,0.41,1.21,2.3,0.49,,0.28,204.0,5.5,110.0,22.5,31.7,LA GUAJIRA,Frijol
"2,453",2022 Sep 14 12:00:00 AM,LA GUAJIRA,EL MOLINO,FRIJOL,CAUPI,2 a 3 MESES,HOJAS,NO INDICA,NO INDICA,BUENO,4.47,0.42,1.83,2.57,0.31,,0.26,144.75,4.75,90.88,17.0,41.92,LA GUAJIRA,Frijol
"2,454",2022 Sep 14 12:00:00 AM,LA GUAJIRA,EL MOLINO,FRIJOL,CAUPI,2 a 3 MESES,HOJAS,NO INDICA,NO INDICA,BUENO,4.61,0.57,2.41,2.22,0.33,,0.27,147.13,4.13,90.88,19.63,42.9,LA GUAJIRA,Frijol
"2,455",2022 Sep 14 12:00:00 AM,LA GUAJIRA,EL MOLINO,FRIJOL,CAUPI,2 a 3 MESES,HOJAS,NO INDICA,NO INDICA,BUENO,5.19,0.42,2.09,2.12,0.32,,0.26,397.25,5.25,91.0,18.25,39.96,LA GUAJIRA,Frijol
"2,456",2022 Sep 14 12:00:00 AM,LA GUAJIRA,EL MOLINO,FRIJOL,CAUPI,2 a 3 MESES,HOJAS,NO INDICA,NO INDICA,BUENO,5.19,0.39,1.09,2.31,0.49,,0.26,155.63,4.88,101.25,19.0,35.54,LA GUAJIRA,Frijol
"2,457",2022 Sep 14 12:00:00 AM,LA GUAJIRA,EL MOLINO,FRIJOL,CAUPI,2 a 3 MESES,HOJAS,NO INDICA,NO INDICA,BUENO,5.37,0.5,2.17,2.1,0.37,,0.28,283.75,5.75,94.38,22.0,41.21,LA GUAJIRA,Frijol
"2,458",2022 Sep 14 12:00:00 AM,LA GUAJIRA,EL MOLINO,FRIJOL,CAUPI,2 a 3 MESES,HOJAS,NO INDICA,NO INDICA,BUENO,4.95,0.57,2.01,2.25,0.37,,0.28,173.38,4.75,82.25,20.5,44.13,LA GUAJIRA,Frijol
"2,459",2022 Sep 14 12:00:00 AM,LA GUAJIRA,DIBULLA,FRIJOL,CAUPI,2 a 3 MESES,HOJAS,NO INDICA,NO INDICA,BUENO,4.86,0.41,1.31,2.27,0.49,,0.28,193.88,5.0,97.0,20.0,33.59,LA GUAJIRA,Frijol
"2,460",2022 Sep 14 12:00:00 AM,LA GUAJIRA,DIBULLA,FRIJOL,CAUPI,2 a 3 MESES,HOJAS,NO INDICA,NO INDICA,BUENO,4.72,0.57,2.19,2.66,0.4,,0.3,118.75,4.5,77.38,19.13,39.22,LA GUAJIRA,Frijol
"2,461",2022 Sep 14 12:00:00 AM,LA GUAJIRA,DIBULLA,FRIJOL,CAUPI,2 a 3 MESES,HOJAS,NO INDICA,NO INDICA,BUENO,6.0,0.59,1.93,2.15,0.38,,0.31,123.63,4.5,102.5,21.38,37.41,LA GUAJIRA,Frijol
"2,462",2022 Sep 14 12:00:00 AM,LA GUAJIRA,DIBULLA,FRIJOL,CAUPI,2 a 3 MESES,HOJAS,NO INDICA,NO INDICA,BUENO,5.03,0.44,1.27,2.25,0.49,,0.28,287.75,5.25,96.5,20.88,34.64,LA GUAJIRA,Frijol
"2,463",2022 Sep 14 12:00:00 AM,LA GUAJIRA,DIBULLA,FRIJOL,CAUPI,2 a 3 MESES,HOJAS,NO INDICA,NO INDICA,BUENO,4.97,0.4,1.35,2.39,0.48,,0.28,190.0,5.25,101.13,21.88,33.67,LA GUAJIRA,Frijol
"2,464",2022 Sep 14 12:00:00 AM,LA GUAJIRA,DIBULLA,FRIJOL,CAUPI,2 a 3 MESES,HOJAS,NO INDICA,NO INDICA,BUENO,5.12,0.52,2.18,2.56,0.33,,0.29,177.25,5.13,86.88,21.75,43.72,LA GUAJIRA,Frijol
"2,465",2022 Sep 15 12:00:00 AM,LA GUAJIRA,VILLANUEVA,FRIJOL,CAUPI,2 a 3 MESES,HOJAS,NO INDICA,NO INDICA,BUENO,4.29,0.38,0.95,3.8,0.23,,0.25,138.88,5.13,195.13,14.88,21.57,LA GUAJIRA,Frijol
"2,466",2022 Sep 15 12:00:00 AM,LA GUAJIRA,VILLANUEVA,FRIJOL,CAUPI,2 a 3 MESES,HOJAS,NO INDICA,NO INDICA,BUENO,3.66,0.29,0.88,3.98,0.16,,0.21,160.88,4.75,209.38,13.0,14.87,LA GUAJIRA,Frijol
"2,467",2022 Sep 15 12:00:00 AM,LA GUAJIRA,VILLANUEVA,FRIJOL,CAUPI,2 a 3 MESES,HOJAS,NO INDICA,NO INDICA,BUENO,3.14,0.32,1.04,5.03,0.12,,0.22,172.25,4.75,223.38,12.75,20.88,LA GUAJIRA,Frijol
"2,468",2022 Sep 15 12:00:00 AM,LA GUAJIRA,FONSECA,FRIJOL,CAUPI,2 a 3 MESES,HOJAS,NO INDICA,NO INDICA,BUENO,5.53,0.61,2.33,2.49,0.36,,0.42,145.63,5.88,57.25,33.5,36.85,LA GUAJIRA,Frijol
"2,469",2022 Sep 15 12:00:00 AM,LA GUAJIRA,VILLANUEVA,FRIJOL,CAUPI,2 a 3 MESES,HOJAS,NO INDICA,NO INDICA,BUENO,2.95,0.21,0.91,4.61,0.17,,0.19,156.88,4.88,220.88,13.88,20.2,LA GUAJIRA,Frijol
"2,470",2022 Sep 15 12:00:00 AM,LA GUAJIRA,VILLANUEVA,FRIJOL,CAUPI,2 a 3 MESES,HOJAS,NO INDICA,NO INDICA,BUENO,3.39,0.31,1.05,4.2,0.27,,0.2,251.13,8.0,242.38,16.5,20.5,LA GUAJIRA,Frijol
"2,471",2022 Sep 15 12:00:00 AM,LA GUAJIRA,FONSECA,FRIJOL,CAUPI,2 a 3 MESES,HOJAS,NO INDICA,NO INDICA,BUENO,4.84,0.5,2.06,3.79,0.45,,0.38,660.88,6.63,89.63,28.25,44.63,LA GUAJIRA,Frijol
"2,472",2022 Sep 15 12:00:00 AM,LA GUAJIRA,FONSECA,FRIJOL,CAUPI,2 a 3 MESES,HOJAS,NO INDICA,NO INDICA,BUENO,5.08,0.42,1.78,3.37,0.4,,0.34,153.63,6.63,196.75,19.63,49.25,LA GUAJIRA,Frijol
"2,473",2022 Sep 15 12:00:00 AM,LA GUAJIRA,FONSECA,FRIJOL,CAUPI,2 a 3 MESES,HOJAS,NO INDICA,NO INDICA,BUENO,4.93,0.4,2.02,2.64,0.29,,0.3,125.75,8.38,94.38,27.0,41.22,LA GUAJIRA,Frijol
"2,474",2022 Sep 15 12:00:00 AM,LA GUAJIRA,FONSECA,FRIJOL,CAUPI,2 a 3 MESES,HOJAS,NO INDICA,NO INDICA,NO INDICA,5.6,0.5,2.19,2.51,0.35,,0.35,142.88,8.25,72.75,29.13,42.2,LA GUAJIRA,Frijol
"2,475",2022 Sep 15 12:00:00 AM,LA GUAJIRA,FONSECA,FRIJOL,CAUPI,2 a 3 MESES,HOJAS,NO INDICA,NO INDICA,NO INDICA,3.33,0.24,0.94,4.52,0.18,,0.2,134.88,4.88,255.13,14.75,30.41,LA GUAJIRA,Frijol
"2,476",2022 Sep 15 12:00:00 AM,LA GUAJIRA,VILLANUEVA,FRIJOL,CAUPI,2 a 3 MESES,HOJAS,NO INDICA,NO INDICA,NO INDICA,3.35,0.29,1.22,4.84,0.11,,0.22,151.13,5.38,205.5,13.0,18.27,LA GUAJIRA,Frijol
"2,477",2022 Sep 15 12:00:00 AM,LA GUAJIRA,VILLANUEVA,FRIJOL,CAUPI,2 a 3 MESES,HOJAS,NO INDICA,NO INDICA,NO INDICA,3.33,0.3,1.18,4.28,0.22,,0.2,122.38,5.13,250.88,16.88,27.55,LA GUAJIRA,Frijol
"2,478",2022 Sep 15 12:00:00 AM,LA GUAJIRA,VILLANUEVA,FRIJOL,CAUPI,2 a 3 MESES,HOJAS,NO INDICA,NO INDICA,NO INDICA,3.02,0.32,1.43,4.36,0.14,,0.22,174.38,4.25,174.5,11.88,14.66,LA GUAJIRA,Frijol
"2,479",2022 Sep 15 12:00:00 AM,LA GUAJIRA,VILLANUEVA,FRIJOL,CAUPI,2 a 3 MESES,HOJAS,NO INDICA,NO INDICA,NO INDICA,4.55,0.44,1.11,4.14,0.25,,0.28,100.75,5.25,209.5,16.38,29.51,LA GUAJIRA,Frijol
"2,480",2022 Sep 15 12:00:00 AM,LA GUAJIRA,FONSECA,FRIJOL,CAUPI,2 a 3 MESES,HOJAS,NO INDICA,NO INDICA,NO INDICA,5.03,0.33,1.14,3.37,0.35,,0.46,111.75,6.38,115.13,24.5,40.54,LA GUAJIRA,Frijol
"2,481",2022 Sep 15 12:00:00 AM,LA GUAJIRA,VILLANUEVA,FRIJOL,CAUPI,2 a 3 MESES,HOJAS,NO INDICA,NO INDICA,NO INDICA,3.78,0.38,1.07,4.29,0.19,,0.25,194.63,4.63,195.25,13.25,26.97,LA GUAJIRA,Frijol
"2,482",2022 Sep 15 12:00:00 AM,LA GUAJIRA,VILLANUEVA,FRIJOL,CAUPI,2 a 3 MESES,HOJAS,NO INDICA,NO INDICA,NO INDICA,3.77,0.28,1.09,4.76,0.15,,0.23,196.63,4.63,243.25,12.38,22.23,LA GUAJIRA,Frijol
"2,483",2022 Sep 15 12:00:00 AM,LA GUAJIRA,VILLANUEVA,FRIJOL,CAUPI,2 a 3 MESES,HOJAS,NO INDICA,NO INDICA,NO INDICA,2.75,0.24,0.81,4.26,0.13,,0.21,100.75,4.0,191.25,12.88,25.1,LA GUAJIRA,Frijol
"2,484",2022 Sep 15 12:00:00 AM,LA GUAJIRA,VILLANUEVA,FRIJOL,CAUPI,2 a 3 MESES,HOJAS,NO INDICA,NO INDICA,NO INDICA,3.44,0.3,0.85,4.33,0.18,,0.23,121.75,4.13,170.5,12.0,16.03,LA GUAJIRA,Frijol
"2,485",2022 Sep 15 12:00:00 AM,LA GUAJIRA,VILLANUEVA,FRIJOL,CAUPI,2 a 3 MESES,HOJAS,NO INDICA,NO INDICA,NO INDICA,3.57,0.32,1.11,3.78,0.14,,0.24,143.63,4.38,175.25,12.63,18.8,LA GUAJIRA,Frijol
"2,486",2022 Sep 15 12:00:00 AM,LA GUAJIRA,VILLANUEVA,FRIJOL,CAUPI,2 a 3 MESES,HOJAS,NO INDICA,NO INDICA,NO INDICA,5.41,0.31,1.2,4.16,0.15,,0.21,151.38,4.38,208.13,11.5,21.56,LA GUAJIRA,Frijol
"2,487",2022 Sep 15 12:00:00 AM,LA GUAJIRA,VILLANUEVA,FRIJOL,CAUPI,2 a 3 MESES,HOJAS,NO INDICA,NO INDICA,NO INDICA,3.01,0.27,0.85,4.77,0.32,,0.21,158.13,4.63,287.25,13.88,24.34,LA GUAJIRA,Frijol
"2,488",2022 Sep 15 12:00:00 AM,LA GUAJIRA,EL MOLINO,FRIJOL,CAUPI,2 a 3 MESES,HOJAS,NO INDICA,NO INDICA,NO INDICA,5.02,0.39,0.88,2.62,0.41,,0.29,156.75,5.25,83.5,17.88,32.4,LA GUAJIRA,Frijol
"2,673",2022 Oct 12 12:00:00 AM,ATLÁNTICO,MANATÍ,YUCA,"CHIROZA, CAUPI","30 DÍAS, 30 DÍAS",HOJAS,VERDE,NO APLICA,NO INDICA,4.19,0.37,1.92,1.14,0.41,0.04,0.4,208.37,7.26,57.9,85.62,44.82,ATLANTICO,Yuca
"2,674",2022 Oct 12 12:00:00 AM,ATLÁNTICO,MANATÍ,YUCA,CHIROZA,15 DÍAS,HOJAS,VERDE,NO APLICA,NO INDICA,4.4,0.35,1.57,0.89,0.32,,0.35,74.58,7.22,98.98,124.15,32.1,ATLANTICO,Yuca
"2,675",2022 Oct 12 12:00:00 AM,ATLÁNTICO,MANATÍ,MAÍZ,"V 109, CAUPI","35 DÍAS, 35 DÍAS",HOJAS,VERDE,NO APLICA,NO INDICA,2.71,0.28,2.58,0.23,0.1,,0.17,113.81,8.89,33.54,24.78,5.69,ATLANTICO,Maíz
"2,676",2022 Oct 12 12:00:00 AM,ATLÁNTICO,MANATÍ,FRIJOL,"CAUPI, CHIROZA","40 DÍAS, 40 DÍAS",HOJAS,VERDE,NO APLICA,NO INDICA,6.21,0.57,2.81,1.33,0.4,0.04,0.43,191.36,7.86,70.86,49.81,38.33,ATLANTICO,Frijol
"2,677",2022 Oct 12 12:00:00 AM,ATLÁNTICO,MANATÍ,FRIJOL,"V 109, CAUPI","60 DÍAS, 60 DÍAS",HOJAS,VERDE,NO APLICA,NO INDICA,4.37,0.44,1.68,3.67,0.44,0.03,0.3,174.94,11.4,54.86,54.9,54.27,ATLANTICO,Frijol
"2,678",2022 Oct 12 12:00:00 AM,ATLÁNTICO,SANTO TOMÁS,YUCA,NO INDICA,60 DÍAS,HOJAS,SANA,NO APLICA,BUENO,4.3,0.46,1.78,1.47,0.61,,0.3,85.39,7.06,141.53,46.33,45.88,ATLANTICO,Yuca
"2,679",2022 Oct 12 12:00:00 AM,ATLÁNTICO,PONEDERA,MAÍZ,ICA 109,60.DÍAS,HOJAS,VERDE,NINGUNO,NO INDICA,3.39,0.3,2.99,0.34,0.13,,0.23,151.65,9.4,33.4,23.12,7.73,ATLANTICO,Maíz
"2,680",2022 Oct 12 12:00:00 AM,ATLÁNTICO,PONEDERA,FRIJOL,CAUPI,38 DÍAS,HOJAS,VERDE,NINGUNO,NO INDICA,4.49,0.62,4.48,1.53,0.52,,0.3,287.53,4.2,117.51,49.16,52.3,ATLANTICO,Frijol
"2,681",2022 Oct 12 12:00:00 AM,ATLÁNTICO,PONEDERA,MAÍZ,ICA 109,15 DÍAS,HOJAS,VERDE,NINGUNO,NO INDICA,3.29,0.31,3.31,0.41,0.17,,0.26,162.94,9.48,29.16,27.72,7.58,ATLANTICO,Maíz
"2,682",2022 Oct 12 12:00:00 AM,ATLÁNTICO,PONEDERA,MAÍZ,ICA 109,35 DÍAS,HOJAS,VERDE,NINGUNO,NO INDICA,2.49,0.13,2.1,0.15,0.08,,0.17,91.49,8.12,41.31,15.91,5.24,ATLANTICO,Maíz
"2,683",2022 Oct 12 12:00:00 AM,ATLÁNTICO,CANDELARIA,FRIJOL,CAUPI,30 DÍAS,HOJAS,SANA,NO APLICA,BUENO,5.45,0.42,2.64,2.19,0.43,0.03,0.33,169.66,9.77,302.55,46.17,42.89,ATLANTICO,Frijol
"2,684",2022 Oct 12 12:00:00 AM,ATLÁNTICO,SABANAGRANDE,FRIJOL,CAUPI,40 DÍAS,HOJAS,VERDE,NINGUNO,NO INDICA,5.79,0.45,2.21,1.36,0.5,0.03,0.3,152.25,9.55,236.21,46.35,37.89,ATLANTICO,Frijol
"2,685",2022 Oct 12 12:00:00 AM,ATLÁNTICO,SABANAGRANDE,FRIJOL,CAUPI,45 DÍAS,HOJAS,VERDE,NINGUNO,NO INDICA,5.76,0.53,2.23,1.63,0.49,0.05,0.32,131.04,6.51,176.81,42.02,43.48,ATLANTICO,Frijol
"2,686",2022 Oct 12 12:00:00 AM,ATLÁNTICO,SABANAGRANDE,FRIJOL,CAUPI,11 DÍAS,HOJAS,VERDE,NINGUNO,NO INDICA,4.22,0.51,1.94,2.27,0.58,0.07,0.34,206.38,13.53,282.96,82.54,57.13,ATLANTICO,Frijol
"2,687",2022 Oct 12 12:00:00 AM,ATLÁNTICO,SABANAGRANDE,FRIJOL,CAUPI,40 DÍAS,HOJAS,VERDE,NINGUNO,NO INDICA,4.78,0.5,1.68,2.34,0.74,0.06,0.36,142.11,11.72,364.46,77.08,50.53,ATLANTICO,Frijol
"2,688",2022 Oct 12 12:00:00 AM,ATLÁNTICO,SABANAGRANDE,FRIJOL,CAUPI,45 DÍAS,HOJAS,VERDE,NINGUNO,NO INDICA,5.13,0.49,1.87,2.36,0.61,0.06,0.36,162.02,9.7,349.88,56.16,50.7,ATLANTICO,Frijol
"2,689",2022 Oct 12 12:00:00 AM,ATLÁNTICO,PONEDERA,PLÁTANO,HARTON,15 DÍAS,HOJAS,VERDE,NINGUNO,NO INDICA,3.92,0.33,5.57,0.57,0.42,,0.29,288.15,7.33,141.86,23.43,15.85,ATLANTICO,Plátano
"2,690",2022 Oct 12 12:00:00 AM,ATLÁNTICO,MANATÍ,MAÍZ,V 109,60 DÍAS,HOJAS,VERDE,NO APLICA,NO INDICA,2.67,0.36,2.18,0.37,0.11,,0.22,99.32,10.97,49.85,42.26,8.19,ATLANTICO,Maíz
"3,019",2022 Nov 30 12:00:00 AM,ATLÁNTICO,BARRANQUILLA,MAÍZ,V109,2 MESES,HOJAS,SANA,NINGUNO,BUENO,2.44,0.28,2.86,0.19,0.1,,0.18,71.11,6.23,26.78,27.27,9.25,ATLANTICO,Maíz
"3,020",2022 Nov 30 12:00:00 AM,ATLÁNTICO,MANATÍ,MAÍZ,NO INDICA,NO INDICA,HOJAS,SANA,NINGUNO,BUENO,2.34,0.41,2.37,0.26,0.12,,0.19,74.38,7.33,32.67,28.25,12.17,ATLANTICO,Maíz
"3,026",2022 Dec 05 12:00:00 AM,ATLÁNTICO,SABANAGRANDE,FRIJOL,CAUPI,65 DÍAS,HOJAS,VERDE,NINGUNO,NO INDICA,3.95,0.37,1.66,2.42,0.33,0.05,0.23,150.69,5.26,185.17,25.63,34.97,ATLANTICO,Frijol
"3,027",2022 Dec 05 12:00:00 AM,ATLÁNTICO,SABANAGRANDE,FRIJOL,CAUPI,60 DÍAS,HOJAS,VERDE,NINGUNO,NO INDICA,4.11,0.37,1.41,3.73,0.37,0.06,0.25,247.5,7.78,333.9,41.42,40.9,ATLANTICO,Frijol
"3,028",2022 Dec 05 12:00:00 AM,ATLÁNTICO,SABANAGRANDE,FRIJOL,CAUPI,60 DÍAS,HOJAS,VERDE,NINGUNO,NO INDICA,3.81,0.35,1.04,3.04,0.42,0.06,0.25,163.41,7.8,270.07,37.0,38.79,ATLANTICO,Frijol
"3,029",2022 Dec 05 12:00:00 AM,ATLÁNTICO,SABANAGRANDE,FRIJOL,CAUPI,60 DÍAS,HOJAS,VERDE,NINGUNO,NO INDICA,4.88,0.44,1.22,3.39,0.39,0.06,0.3,128.86,5.95,229.56,26.96,39.02,ATLANTICO,Frijol
"3,030",2022 Dec 05 12:00:00 AM,ATLÁNTICO,SABANAGRANDE,FRIJOL,CAUPI,65 DÍAS,HOJAS,VERDE,NINGUNO,NO INDICA,4.43,0.35,1.29,2.72,0.43,0.06,0.25,290.36,7.04,287.88,42.17,40.16,ATLANTICO,Frijol
"3,031",2022 Dec 05 12:00:00 AM,ATLÁNTICO,SABANAGRANDE,FRIJOL,CAUPI,25 DÍAS,HOJAS,VERDE,NINGUNO,NO INDICA,4.84,0.41,1.36,1.78,0.43,0.05,0.26,128.05,7.9,229.04,38.07,34.47,ATLANTICO,Frijol
"3,032",2022 Dec 05 12:00:00 AM,ATLÁNTICO,SANTO TOMÁS,FRIJOL,"CAUPI , ICA 109",35  DÍAS,HOJAS,SANA,NINGUNO,BUENO,4.28,0.51,2.99,2.78,0.3,,0.27,119.21,4.86,196.25,34.74,32.13,ATLANTICO,Frijol
"3,033",2022 Dec 05 12:00:00 AM,ATLÁNTICO,SANTO TOMÁS,MAÍZ,NO INDICA,35  DÍAS,HOJAS,SANA,NINGUNO,BUENO,2.97,0.27,2.68,0.34,0.14,,0.18,90.58,6.22,26.46,23.56,4.9,ATLANTICO,Maíz
"3,034",2022 Dec 05 12:00:00 AM,ATLÁNTICO,SANTO TOMÁS,FRIJOL,CAUPI,2 MESES,HOJAS,SANA,NINGUNO,BUENO,4.5,0.25,1.62,3.28,0.42,,0.24,100.37,6.06,222.27,31.66,25.9,ATLANTICO,Frijol
"3,035",2022 Dec 05 12:00:00 AM,ATLÁNTICO,SANTO TOMÁS,FRIJOL,CAUPI,3 MESES,HOJAS,SANA,NINGUNO,BUENO,5.86,0.53,2.77,2.17,0.54,,0.34,177.23,6.99,240.95,44.15,37.28,ATLANTICO,Frijol
"3,036",2022 Dec 05 12:00:00 AM,ATLÁNTICO,SANTO TOMÁS,FRIJOL,CAUPI,2 MESES,HOJAS,SANA,NINGUNO,BUENO,5.15,0.4,2.12,1.99,0.47,,0.31,104.8,8.89,242.6,53.14,30.67,ATLANTICO,Frijol
"3,037",2022 Dec 05 12:00:00 AM,ATLÁNTICO,PONEDERA,FRIJOL,CAUPI,2 MESES,HOJAS,SANA,NINGUNO,BUENO,5.29,0.33,2.18,1.73,0.33,,0.25,116.71,5.41,80.34,28.27,38.7,ATLANTICO,Frijol
"3,038",2022 Dec 05 12:00:00 AM,ATLÁNTICO,PONEDERA,FRIJOL,CAUPI,3 MESES,HOJAS,SANA,NINGUNO,BUENO,5.68,0.51,2.57,1.91,0.39,,0.31,86.87,3.45,46.4,21.13,23.8,ATLANTICO,Frijol
"3,039",2022 Dec 05 12:00:00 AM,ATLÁNTICO,PONEDERA,FRIJOL,CAUPI,3 MESES,HOJAS,SANA,NINGUNO,BUENO,5.78,0.54,3.19,1.69,0.43,,0.31,90.84,4.56,73.17,33.55,33.01,ATLANTICO,Frijol
"3,040",2022 Dec 05 12:00:00 AM,ATLÁNTICO,PONEDERA,FRIJOL,CAUPI,3 MESES,HOJAS,SANA,NINGUNO,BUENO,4.52,0.24,1.91,3.53,0.4,,0.29,123.31,9.63,294.24,62.46,51.53,ATLANTICO,Frijol
"3,041",2022 Dec 05 12:00:00 AM,ATLÁNTICO,LURUACO,FRIJOL,CAUPI,35 DÍAS,HOJAS,VERDE,NINGUNO,NO INDICA,3.66,0.28,1.78,3.12,0.24,0.04,0.2,170.72,7.3,95.08,49.79,46.26,ATLANTICO,Frijol
"3,042",2022 Dec 05 12:00:00 AM,ATLÁNTICO,LURUACO,FRIJOL,CAUPI,28 DÍAS,HOJAS,VERDE,NINGUNO,NO INDICA,3.51,0.27,1.84,3.27,0.21,0.03,0.23,554.68,7.45,34.23,28.56,39.25,ATLANTICO,Frijol
"3,043",2022 Dec 05 12:00:00 AM,ATLÁNTICO,LURUACO,FRIJOL,CAUPI,30 DÍAS,HOJAS,VERDE,NINGUNO,NO INDICA,3.52,0.19,1.67,2.14,0.15,0.04,0.2,356.17,6.95,42.02,64.05,36.94,ATLANTICO,Frijol
"3,044",2022 Dec 05 12:00:00 AM,ATLÁNTICO,LURUACO,FRIJOL,CAUPI,40 DÍAS,HOJAS,VERDE,NINGUNO,NO INDICA,3.41,0.17,2.39,2.34,0.15,0.03,0.2,188.77,4.48,58.79,41.6,34.66,ATLANTICO,Frijol
"3,045",2022 Dec 05 12:00:00 AM,ATLÁNTICO,LURUACO,FRIJOL,CAUPI,18 DÍAS,HOJAS,VERDE,NINGUNO,NO INDICA,3.17,0.13,2.07,2.81,0.13,0.03,0.2,109.79,6.01,60.81,49.13,45.14,ATLANTICO,Frijol
"3,046",2022 Dec 05 12:00:00 AM,ATLÁNTICO,LURUACO,FRIJOL,CAUPI,40 DÍAS,HOJAS,VERDE,NINGUNO,NO INDICA,3.35,0.21,2.04,2.2,0.38,0.03,0.21,1062.17,7.41,47.89,40.08,45.68,ATLANTICO,Frijol
"3,084",2022 Dec 07 12:00:00 AM,ATLÁNTICO,PONEDERA,MAÍZ,NO INDICA,2 MESES,HOJAS,SANA,NINGUNO,BUENO,1.98,0.42,2.71,0.18,0.11,,0.16,82.18,6.35,29.96,20.91,8.04,ATLANTICO,Maíz
"3,085",2022 Dec 07 12:00:00 AM,ATLÁNTICO,SANTO TOMÁS,FRIJOL,CAUPI,2 MESES,HOJAS,SANA,NINGUNO,BUENO,4.66,0.35,1.74,2.7,0.55,0.03,0.28,134.11,8.62,292.21,47.22,46.2,ATLANTICO,Frijol
"3,086",2022 Dec 07 12:00:00 AM,ATLÁNTICO,SANTO TOMÁS,FRIJOL,NO INDICA,3 MESES,HOJAS,SANA,NINGUNO,BUENO,5.14,0.47,2.22,2.28,0.36,,0.28,157.07,6.37,218.65,42.4,42.08,ATLANTICO,Frijol
"3,087",2022 Dec 07 12:00:00 AM,ATLÁNTICO,SANTO TOMÁS,FRIJOL,CAUPI,2 MESES,HOJAS,SANA,NINGUNO,BUENO,4.8,0.36,2.02,2.17,0.35,,0.25,125.29,7.31,243.47,40.88,33.57,ATLANTICO,Frijol
"3,088",2022 Dec 07 12:00:00 AM,ATLÁNTICO,SABANAGRANDE,FRIJOL,CAUPI,65 DÍAS,FRUTO,VERDE,NINGUNO,NO INDICA,5.04,0.42,1.23,2.06,0.38,0.08,0.27,264.46,7.31,344.66,48.46,36.4,ATLANTICO,Frijol
"3,089",2022 Dec 07 12:00:00 AM,ATLÁNTICO,SABANAGRANDE,FRIJOL,CAUPI,65 DÍAS,HOJAS,VERDE,NINGUNO,NO INDICA,3.17,0.38,0.87,2.26,0.33,0.07,0.18,342.66,4.7,271.01,37.1,41.56,ATLANTICO,Frijol
"3,090",2022 Dec 07 12:00:00 AM,ATLÁNTICO,SABANAGRANDE,FRIJOL,CAUPI,35 DÍAS,HOJAS,VERDE,NINGUNO,NO INDICA,5.15,0.64,2.1,2.08,0.46,0.04,0.28,153.23,8.68,348.8,70.88,45.74,ATLANTICO,Frijol
"3,091",2022 Dec 07 12:00:00 AM,ATLÁNTICO,PONEDERA,FRIJOL,CAUPI,2 MESES,HOJAS,SANA,NINGUNO,BUENO,4.62,0.45,2.5,1.92,0.38,,0.25,138.98,6.48,100.44,32.72,46.98,ATLANTICO,Frijol
"3,092",2022 Dec 07 12:00:00 AM,ATLÁNTICO,PONEDERA,FRIJOL,CAUPI,3 MESES,HOJAS,SANA,NINGUNO,BUENO,4.59,0.43,2.08,1.55,0.3,,0.21,97.81,4.42,137.61,40.82,40.55,ATLANTICO,Frijol
"3,093",2022 Dec 07 12:00:00 AM,ATLÁNTICO,SANTO TOMÁS,MAÍZ,NO INDICA,3 MESES,HOJAS,SANA,NINGUNO,BUENO,3.19,0.44,2.13,0.27,0.1,,0.16,89.95,8.76,36.44,28.07,10.96,ATLANTICO,Maíz
"3,094",2022 Dec 07 12:00:00 AM,ATLÁNTICO,BARRANQUILLA,FRIJOL,CAUPI,2 MESES,HOJAS,SANA,NINGUNO,BUENO,4.5,0.45,1.29,3.01,0.43,0.07,0.37,1074.58,12.05,180.49,84.84,62.81,ATLANTICO,Frijol
"3,095",2022 Dec 07 12:00:00 AM,ATLÁNTICO,BARRANQUILLA,MAÍZ,V109,1 MES,HOJAS,SANA,NINGUNO,BUENO,2.52,0.42,2.46,0.26,0.11,,0.17,179.93,7.74,36.62,28.42,7.37,ATLANTICO,Maíz
"3,187",2022 Dec 13 12:00:00 AM,ATLÁNTICO,SANTO TOMÁS,FIRJOL,CAUPI,2 MESES,HOJAS,SANA,NINGUNO,BUENO,5.3,0.6,2.72,2.37,0.47,,0.35,178.53,9.25,256.64,53.19,39.71,ATLANTICO,Firjol
"3,232",2022 Dec 23 12:00:00 AM,ATLÁNTICO,SABANAGRANDE,YUCA,CHIROSA,90 DÍAS,HOJAS,VERDE,NINGUNO,NO INDICA,5.09,0.44,1.33,0.77,0.37,,0.3,120.51,6.97,108.07,90.44,32.76,ATLANTICO,Yuca
"3,233",2022 Dec 23 12:00:00 AM,ATLÁNTICO,SABANAGRANDE,YUCA,CHIROSA,90 DÍAS,HOJAS,VERDE,NINGUNO,NO INDICA,4.2,0.3,1.66,1.57,0.55,0.03,0.36,105.44,6.19,78.1,64.31,35.39,ATLANTICO,Yuca
"3,234",2022 Dec 23 12:00:00 AM,ATLÁNTICO,SABANAGRANDE,YUCA,CHIROSA,90 DÍAS,HOJAS,VERDE,NINGUNO,NO INDICA,5.14,0.35,1.2,0.55,0.3,,0.32,114.21,7.81,121.14,87.06,25.77,ATLANTICO,Yuca
"3,235",2022 Dec 23 12:00:00 AM,ATLÁNTICO,SABANAGRANDE,FRIJOL,CAUPI,40 DÍAS,HOJAS,VERDE,NINGUNO,NO INDICA,4.16,0.2,1.02,3.03,0.68,0.04,0.19,113.17,6.12,361.22,36.47,43.33,ATLANTICO,Frijol
"3,236",2022 Dec 23 12:00:00 AM,ATLÁNTICO,MANATÍ,PLÁTANO,HARTON,4 MESES,HOJAS,VERDE,"MICORRISAS ,LOMBRICOMPOST",BUENO,3.87,0.21,5.04,1.15,0.38,,0.26,102.55,9.58,104.22,16.98,12.87,ATLANTICO,Plátano
"3,237",2022 Dec 23 12:00:00 AM,ATLÁNTICO,MANATÍ,YUCA,CHIROZA,2 MESES,HOJAS,VERDE,NO APLICA,BUENO,5.0,0.47,1.81,0.67,0.32,,0.38,89.6,8.2,68.17,158.7,38.8,ATLANTICO,Yuca
"3,238",2022 Dec 23 12:00:00 AM,ATLÁNTICO,MANATÍ,YUCA,CHIROZA,2 MESES,HOJAS,VERDE,NO APLICA,BUENO,4.8,0.37,1.52,0.97,0.46,0.03,0.37,90.27,7.42,121.87,155.2,44.93,ATLANTICO,Yuca
"3,239",2022 Dec 23 12:00:00 AM,ATLÁNTICO,MANATÍ,YUCA,CHIROZA,2 MESES,HOJAS,VERDE,NO APLICA,BUENO,5.5,0.35,1.55,0.93,0.39,,0.33,105.89,8.53,94.98,161.26,50.12,ATLANTICO,Yuca
"3,240",2022 Dec 23 12:00:00 AM,ATLÁNTICO,SANTO TOMÁS,FRIJOL,CAUPI,60 DÍAS,HOJAS,SANA,NINGUNO,BUENO,4.31,0.37,1.94,3.65,0.47,,0.26,131.58,7.16,352.26,44.28,37.84,ATLANTICO,Frijol
"3,241",2022 Dec 23 12:00:00 AM,ATLÁNTICO,SANTO TOMÁS,FRIJOL,CAUPI,60 DÍAS,HOJAS,SANA,NINGUNO,BUENO,4.96,0.58,2.62,2.75,0.47,,0.23,100.08,5.53,261.15,53.05,34.32,ATLANTICO,Frijol
"3,242",2022 Dec 23 12:00:00 AM,ATLÁNTICO,SANTO TOMÁS,FIRJOL,CAUPI,60 DÍAS,HOJAS,SANA,NINGUNO,BUENO,4.67,0.29,1.61,2.95,0.46,,0.22,104.17,6.67,374.55,44.15,31.14,ATLANTICO,Firjol
"3,243",2022 Dec 23 12:00:00 AM,ATLÁNTICO,SANTO TOMÁS,FRIJOL,CAUPI,60 DÍAS,HOJAS,SANA,NINGUNO,BUENO,4.55,0.45,2.51,2.92,0.46,,0.27,143.19,6.47,305.82,46.52,38.62,ATLANTICO,Frijol
"3,244",2022 Dec 23 12:00:00 AM,ATLÁNTICO,SANTO TOMÁS,YUCA,NO INDICA,60 DÍAS,HOJAS,SANA,NINGUNO,BUENO,4.65,0.52,1.92,0.81,0.36,,0.32,77.29,7.18,87.6,87.04,25.13,ATLANTICO,Yuca
"3,245",2022 Dec 23 12:00:00 AM,ATLÁNTICO,CANDELARIA,YUCA,CHIROZA,3 MESES,HOJAS,SANA,NINGUNO,BUENO,5.25,0.31,1.65,0.58,0.31,,0.31,125.69,8.11,43.3,85.19,45.41,ATLANTICO,Yuca
"3,246",2022 Dec 23 12:00:00 AM,ATLÁNTICO,CANDELARIA,MAÍZ,V109,2 MESES,HOJAS,SANA,NINGUNO,BUENO,2.8,0.42,2.19,0.5,0.16,0.03,0.17,84.61,6.33,40.88,21.78,18.72,ATLANTICO,Maíz
"3,247",2022 Dec 23 12:00:00 AM,ATLÁNTICO,CANDELARIA,YUCA,CHIROZA,3 MESES,HOJAS,SANA,NINGUNO,BUENO,5.01,0.39,1.66,0.58,0.31,,0.32,74.25,7.47,101.57,72.02,43.32,ATLANTICO,Yuca
"3,248",2022 Dec 23 12:00:00 AM,ATLÁNTICO,CANDELARIA,YUCA,CHIROZA,3 MESES,HOJAS,SANA,NINGUNO,BUENO,5.07,0.35,1.58,0.71,0.34,,0.33,91.6,7.42,57.13,93.26,44.59,ATLANTICO,Yuca
"3,249",2022 Dec 23 12:00:00 AM,ATLÁNTICO,LURUACO,FRIJOL,CAUPI,65 DÍAS,HOJAS,VERDE,NINGUNO,NO INDICA,4.84,0.29,0.99,2.0,0.64,0.03,0.2,153.61,2.69,443.15,28.0,21.91,ATLANTICO,Frijol
"3,250",2022 Dec 23 12:00:00 AM,ATLÁNTICO,LURUACO,YUCA,CHIROZA,40 DÍAS,HOJAS,VERDE,NINGUNO,NO INDICA,4.83,0.39,1.16,0.53,0.34,,0.31,73.1,7.67,115.46,68.33,20.63,ATLANTICO,Yuca
"3,251",2022 Dec 23 12:00:00 AM,ATLÁNTICO,PONEDERA,YUCA,CHIROZA-VARIEDAD,3 MESES,HOJAS,SANA,NINGUNO,BUENO,5.37,0.59,1.83,0.69,0.35,,0.36,95.23,6.43,59.96,80.0,44.86,ATLANTICO,Yuca
"3,256",2021 Mar 01 12:00:00 AM,MAGDALENA,SANTA MARTA,PALMA DE ACEITE,PALMA DE ACEITE,NO INDICA,HOJAS,NO INDICA,NO INDICA,BUENO,0.76,0.16,0.97,0.56,0.2,,0.15,100.5,9.27,46.81,12.67,34.66,MAGDALENA,Palma de aceite
"3,257",2021 Mar 01 12:00:00 AM,MAGDALENA,SANTA MARTA,PALMA DE ACEITE,PALMA DE ACEITE,NO INDICA,HOJAS,NO INDICA,NO INDICA,BUENO,1.08,0.15,0.97,0.49,0.17,,0.14,88.74,7.83,38.53,11.52,44.34,MAGDALENA,Palma de aceite
"3,258",2021 Mar 01 12:00:00 AM,MAGDALENA,SANTA MARTA,PALMA DE ACEITE,PALMA DE ACEITE,NO INDICA,HOJAS,NO INDICA,NO INDICA,BUENO,0.69,0.15,0.88,0.55,0.18,,0.15,86.91,6.53,50.52,16.79,27.66,MAGDALENA,Palma de aceite
"3,259",2021 Mar 01 12:00:00 AM,MAGDALENA,SANTA MARTA,PALMA DE ACEITE,PALMA DE ACEITE,NO INDICA,HOJAS,NO INDICA,NO INDICA,BUENO,2.84,0.17,1.02,0.56,0.18,,0.15,103.58,7.86,25.49,12.29,40.0,MAGDALENA,Palma de aceite
"3,260",2021 Mar 01 12:00:00 AM,MAGDALENA,SANTA MARTA,PALMA DE ACEITE,PALMA DE ACEITE,NO INDICA,HOJAS,NO INDICA,NO INDICA,BUENO,3.02,0.18,0.95,0.52,0.22,,0.15,81.26,8.37,91.18,17.5,30.83,MAGDALENA,Palma de aceite
"3,261",2021 Mar 01 12:00:00 AM,MAGDALENA,SANTA MARTA,PALMA DE ACEITE,PALMA DE ACEITE,NO INDICA,HOJAS,NO INDICA,NO INDICA,BUENO,1.29,0.17,0.89,0.5,0.2,,0.16,169.29,5.99,55.4,18.71,31.33,MAGDALENA,Palma de aceite
"3,262",2021 Mar 01 12:00:00 AM,MAGDALENA,SANTA MARTA,PALMA DE ACEITE,PALMA DE ACEITE,NO INDICA,HOJAS,NO INDICA,NO INDICA,BUENO,2.24,0.18,1.01,0.55,0.21,,0.16,197.23,5.4,71.9,18.24,56.19,MAGDALENA,Palma de aceite
"3,263",2021 Mar 01 12:00:00 AM,MAGDALENA,SANTA MARTA,PALMA DE ACEITE,PALMA DE ACEITE,NO INDICA,HOJAS,NO INDICA,NO INDICA,BUENO,1.13,0.18,1.02,0.53,0.15,,0.16,140.62,5.1,50.28,15.78,55.52,MAGDALENA,Palma de aceite
"3,264",2021 Mar 01 12:00:00 AM,MAGDALENA,SANTA MARTA,PALMA DE ACEITE,PALMA DE ACEITE,NO INDICA,HOJAS,NO INDICA,NO INDICA,BUENO,2.81,0.17,0.97,0.44,0.18,,0.15,131.53,5.26,83.9,16.39,30.16,MAGDALENA,Palma de aceite
"3,265",2021 Mar 01 12:00:00 AM,MAGDALENA,SANTA MARTA,PALMA DE ACEITE,PALMA DE ACEITE,NO INDICA,HOJAS,NO INDICA,NO INDICA,BUENO,2.98,0.16,1.08,0.44,0.17,,0.15,93.25,5.57,58.88,15.46,54.02,MAGDALENA,Palma de aceite
"3,266",2021 Mar 01 12:00:00 AM,MAGDALENA,SANTA MARTA,PALMA DE ACEITE,PALMA DE ACEITE,NO INDICA,HOJAS,NO INDICA,NO INDICA,BUENO,2.1,0.16,1.05,0.42,0.19,,0.15,98.24,5.16,64.1,16.52,28.49,MAGDALENA,Palma de aceite
"3,267",2021 Mar 01 12:00:00 AM,MAGDALENA,SANTA MARTA,PALMA DE ACEITE,PALMA DE ACEITE,NO INDICA,HOJAS,NO INDICA,NO INDICA,BUENO,0.83,0.17,1.21,0.39,0.19,,0.16,90.35,5.79,97.2,14.68,37.83,MAGDALENA,Palma de aceite
"3,268",2021 Mar 01 12:00:00 AM,MAGDALENA,SANTA MARTA,PALMA DE ACEITE,PALMA DE ACEITE,NO INDICA,HOJAS,NO INDICA,NO INDICA,BUENO,2.3,0.16,0.87,0.5,0.17,,0.16,101.38,4.87,58.65,13.89,25.82,MAGDALENA,Palma de aceite
"3,269",2021 Mar 01 12:00:00 AM,MAGDALENA,SANTA MARTA,PALMA DE ACEITE,PALMA DE ACEITE,NO INDICA,HOJAS,NO INDICA,NO INDICA,BUENO,3.24,0.16,0.84,0.46,0.2,,0.15,96.16,7.5,96.12,13.04,23.15,MAGDALENA,Palma de aceite
"3,270",2021 Mar 01 12:00:00 AM,MAGDALENA,SANTA MARTA,PALMA DE ACEITE,PALMA DE ACEITE,NO INDICA,HOJAS,NO INDICA,NO INDICA,BUENO,3.54,0.17,0.92,0.37,0.21,,0.16,84.93,6.39,54.78,13.15,23.48,MAGDALENA,Palma de aceite
"3,271",2021 Mar 01 12:00:00 AM,MAGDALENA,SANTA MARTA,PALMA DE ACEITE,PALMA DE ACEITE,NO INDICA,HOJAS,NO INDICA,NO INDICA,BUENO,3.06,0.15,0.81,0.51,0.19,,0.15,73.75,4.97,76.39,13.75,25.32,MAGDALENA,Palma de aceite
"3,295",2019 May 16 12:00:00 AM,CÓRDOBA,CERETÉ,CAOBA,NO INDICA,NO INDICA,HOJAS,NO INDICA,NO INDICA,NO INDICA,1.25,0.12,0.59,2.3,0.15,0.05,0.27,95.59,4.73,13.33,7.25,44.36,CORDOBA,Caoba
"3,296",2019 May 16 12:00:00 AM,CÓRDOBA,CERETÉ,CAOBA,NO INDICA,NO INDICA,HOJAS,NO INDICA,NO INDICA,NO INDICA,0.65,0.16,1.02,1.57,0.12,0.04,0.12,34.37,5.54,7.15,10.5,32.68,CORDOBA,Caoba
"3,297",2019 May 16 12:00:00 AM,CÓRDOBA,CERETÉ,CAOBA,NO INDICA,NO INDICA,HOJAS,NO INDICA,NO INDICA,NO INDICA,0.41,0.08,0.51,1.02,0.07,,0.08,51.83,5.41,,3.67,14.79,CORDOBA,Caoba
"3,298",2019 May 16 12:00:00 AM,CÓRDOBA,CERETÉ,CAOBA,NO INDICA,NO INDICA,HOJAS,NO INDICA,NO INDICA,NO INDICA,0.34,0.06,0.48,1.0,0.06,,0.07,55.37,3.08,,5.05,8.4,CORDOBA,Caoba
"3,299",2019 May 16 12:00:00 AM,CÓRDOBA,CERETÉ,CAOBA,NO INDICA,NO INDICA,HOJAS,NO INDICA,NO INDICA,NO INDICA,0.21,0.04,0.18,0.34,,,0.03,17.9,1.7,,,3.47,CORDOBA,Caoba
"3,300",2019 May 16 12:00:00 AM,CÓRDOBA,CERETÉ,CAOBA,NO INDICA,NO INDICA,HOJAS,NO INDICA,NO INDICA,NO INDICA,0.79,0.05,1.01,1.8,0.05,,0.13,29.46,1.93,,2.26,21.54,CORDOBA,Caoba
"3,301",2019 May 20 12:00:00 AM,CÓRDOBA,TIERRALTA,CACAO,NO INDICA,NO INDICA,HOJAS,NO INDICA,NO INDICA,NO INDICA,2.71,0.19,1.74,1.03,0.33,0.08,0.23,1096.19,4.48,604.58,31.06,134.19,CORDOBA,Cacao
"3,302",2019 May 20 12:00:00 AM,CÓRDOBA,TIERRALTA,CACAO,NO INDICA,NO INDICA,HOJAS,NO INDICA,NO INDICA,NO INDICA,2.41,0.15,1.91,0.9,0.28,0.08,0.23,157.28,4.28,1011.91,30.11,92.86,CORDOBA,Cacao
"3,303",2019 May 20 12:00:00 AM,CÓRDOBA,TIERRALTA,CACAO,NO INDICA,NO INDICA,HOJAS,NO INDICA,NO INDICA,NO INDICA,2.11,0.17,1.95,0.95,0.28,0.1,0.25,77.77,5.7,804.87,28.83,117.72,CORDOBA,Cacao
"3,304",2019 May 20 12:00:00 AM,CÓRDOBA,TIERRALTA,CACAO,NO INDICA,NO INDICA,HOJAS,NO INDICA,NO INDICA,NO INDICA,2.34,0.19,1.91,0.9,0.38,0.05,0.26,423.47,3.75,951.7,34.46,80.73,CORDOBA,Cacao
"3,305",2019 May 20 12:00:00 AM,CÓRDOBA,TIERRALTA,CACAO,NO INDICA,NO INDICA,HOJAS,NO INDICA,NO INDICA,NO INDICA,2.45,0.16,2.32,0.99,0.3,0.09,0.23,81.95,3.64,1009.07,27.42,86.39,CORDOBA,Cacao
"3,306",2019 May 20 12:00:00 AM,CÓRDOBA,TIERRALTA,CACAO,NO INDICA,NO INDICA,HOJAS,NO INDICA,NO INDICA,NO INDICA,2.45,0.14,1.57,0.96,0.29,0.1,0.22,61.1,2.88,876.48,25.47,63.05,CORDOBA,Cacao
"3,307",2019 May 20 12:00:00 AM,CÓRDOBA,TIERRALTA,CACAO,NO INDICA,NO INDICA,HOJAS,NO INDICA,NO INDICA,NO INDICA,2.39,0.19,2.68,0.95,0.37,0.06,0.25,63.77,4.28,710.03,40.4,75.84,CORDOBA,Cacao
"3,308",2019 May 20 12:00:00 AM,CÓRDOBA,TIERRALTA,CACAO,NO INDICA,NO INDICA,HOJAS,NO INDICA,NO INDICA,NO INDICA,2.57,0.19,2.15,1.02,0.4,0.09,0.28,262.04,5.44,584.46,33.32,76.89,CORDOBA,Cacao
"3,309",2019 May 20 12:00:00 AM,CÓRDOBA,TIERRALTA,CACAO,NO INDICA,NO INDICA,HOJAS,NO INDICA,NO INDICA,NO INDICA,2.1,0.14,1.61,1.0,0.37,0.1,0.24,70.62,3.76,976.17,35.77,75.03,CORDOBA,Cacao
"3,310",2019 May 20 12:00:00 AM,CÓRDOBA,TIERRALTA,CACAO,NO INDICA,NO INDICA,HOJAS,NO INDICA,NO INDICA,NO INDICA,2.39,0.14,1.65,1.15,0.39,0.1,0.23,75.78,3.6,1089.77,36.36,72.11,CORDOBA,Cacao
"3,311",2019 May 20 12:00:00 AM,CÓRDOBA,TIERRALTA,CACAO,NO INDICA,NO INDICA,HOJAS,NO INDICA,NO INDICA,NO INDICA,2.34,0.13,1.66,1.01,0.45,0.13,0.25,79.56,5.3,1091.35,36.17,71.47,CORDOBA,Cacao
"3,312",2019 May 20 12:00:00 AM,CÓRDOBA,TIERRALTA,CACAO,NO INDICA,NO INDICA,HOJAS,NO INDICA,NO INDICA,NO INDICA,2.11,0.2,2.63,1.11,0.37,0.07,0.26,78.75,4.69,718.4,37.67,103.38,CORDOBA,Cacao
"3,313",2019 May 20 12:00:00 AM,CÓRDOBA,TIERRALTA,CACAO,NO INDICA,NO INDICA,HOJAS,NO INDICA,NO INDICA,NO INDICA,2.26,0.16,1.94,1.06,0.44,0.07,0.28,98.38,6.33,658.12,40.49,94.48,CORDOBA,Cacao
"3,314",2019 May 20 12:00:00 AM,CÓRDOBA,TIERRALTA,CACAO,NO INDICA,NO INDICA,HOJAS,NO INDICA,NO INDICA,NO INDICA,2.62,0.19,1.92,0.94,0.37,0.15,0.24,235.53,6.96,787.65,34.67,92.05,CORDOBA,Cacao
"3,315",2019 May 20 12:00:00 AM,CÓRDOBA,TIERRALTA,CACAO,NO INDICA,NO INDICA,HOJAS,NO INDICA,NO INDICA,NO INDICA,2.16,0.17,2.16,0.93,0.36,0.07,0.22,93.13,6.5,764.63,34.93,98.53,CORDOBA,Cacao
"3,316",2019 May 20 12:00:00 AM,CÓRDOBA,TIERRALTA,CACAO,NO INDICA,NO INDICA,HOJAS,NO INDICA,NO INDICA,NO INDICA,1.97,0.16,1.59,0.97,0.42,0.08,0.23,75.73,3.93,557.01,28.9,66.77,CORDOBA,Cacao
"3,317",2019 May 20 12:00:00 AM,CÓRDOBA,TIERRALTA,CACAO,NO INDICA,NO INDICA,HOJAS,NO INDICA,NO INDICA,NO INDICA,2.47,0.21,2.57,0.96,0.32,0.08,0.25,158.99,3.49,731.19,35.93,91.24,CORDOBA,Cacao
"3,318",2019 May 20 12:00:00 AM,CÓRDOBA,TIERRALTA,CACAO,NO INDICA,NO INDICA,HOJAS,NO INDICA,NO INDICA,NO INDICA,2.17,0.15,1.82,0.88,0.34,0.05,0.21,124.71,6.08,562.5,33.31,72.11,CORDOBA,Cacao
"3,319",2019 May 20 12:00:00 AM,CÓRDOBA,TIERRALTA,CACAO,NO INDICA,NO INDICA,HOJAS,NO INDICA,NO INDICA,NO INDICA,1.94,0.17,1.91,0.88,0.38,0.05,0.27,207.29,7.85,785.26,34.16,,CORDOBA,Cacao
"3,320",2019 May 20 12:00:00 AM,CÓRDOBA,TIERRALTA,CACAO,NO INDICA,NO INDICA,HOJAS,NO INDICA,NO INDICA,NO INDICA,2.45,0.24,2.02,1.05,0.3,0.04,0.24,157.1,5.78,142.1,37.21,74.54,CORDOBA,Cacao
"3,321",2019 May 20 12:00:00 AM,CÓRDOBA,TIERRALTA,CACAO,NO INDICA,NO INDICA,HOJAS,NO INDICA,NO INDICA,NO INDICA,2.41,0.19,2.22,1.06,0.37,0.05,0.25,218.13,4.4,147.82,24.2,77.29,CORDOBA,Cacao
"3,322",2019 May 20 12:00:00 AM,CÓRDOBA,TIERRALTA,CACAO,NO INDICA,NO INDICA,HOJAS,NO INDICA,NO INDICA,NO INDICA,2.17,0.19,1.86,1.16,0.37,0.04,0.26,158.35,5.9,80.56,21.2,74.86,CORDOBA,Cacao
"3,323",2019 May 20 12:00:00 AM,CÓRDOBA,TIERRALTA,CACAO,NO INDICA,NO INDICA,HOJAS,NO INDICA,NO INDICA,NO INDICA,2.25,0.21,1.84,1.09,0.46,0.03,0.26,139.79,5.79,132.32,29.35,63.21,CORDOBA,Cacao
"3,324",2019 May 20 12:00:00 AM,CÓRDOBA,TIERRALTA,CACAO,NO INDICA,NO INDICA,HOJAS,NO INDICA,NO INDICA,NO INDICA,2.03,0.19,2.1,1.07,0.33,0.04,0.23,211.33,3.18,81.21,22.2,77.62,CORDOBA,Cacao
"3,325",2019 May 20 12:00:00 AM,CÓRDOBA,TIERRALTA,CACAO,NO INDICA,NO INDICA,HOJAS,NO INDICA,NO INDICA,NO INDICA,2.5,0.19,1.92,1.21,0.35,0.06,0.27,93.4,7.39,132.78,28.7,75.03,CORDOBA,Cacao
"3,326",2019 May 20 12:00:00 AM,CÓRDOBA,TIERRALTA,CACAO,NO INDICA,NO INDICA,HOJAS,NO INDICA,NO INDICA,NO INDICA,2.25,0.2,2.56,1.18,0.37,0.04,0.25,91.4,5.79,114.44,27.05,89.63,CORDOBA,Cacao
"3,327",2019 May 20 12:00:00 AM,CÓRDOBA,TIERRALTA,CACAO,NO INDICA,NO INDICA,HOJAS,NO INDICA,NO INDICA,NO INDICA,2.07,0.19,1.97,1.03,0.4,0.05,0.25,100.41,6.72,146.3,31.75,107.64,CORDOBA,Cacao
"3,328",2019 May 20 12:00:00 AM,CÓRDOBA,TIERRALTA,CACAO,NO INDICA,NO INDICA,HOJAS,NO INDICA,NO INDICA,NO INDICA,2.01,0.17,1.77,1.1,0.34,0.04,0.23,83.71,4.14,113.69,27.35,89.63,CORDOBA,Cacao
"3,329",2019 May 20 12:00:00 AM,CÓRDOBA,TIERRALTA,CACAO,NO INDICA,NO INDICA,HOJAS,NO INDICA,NO INDICA,NO INDICA,2.2,0.15,1.9,1.05,0.33,0.05,0.22,94.43,4.83,153.35,28.38,73.73,CORDOBA,Cacao
"3,330",2019 May 20 12:00:00 AM,CÓRDOBA,TIERRALTA,CACAO,NO INDICA,NO INDICA,HOJAS,NO INDICA,NO INDICA,NO INDICA,2.52,0.15,1.79,1.21,0.42,0.05,0.25,117.18,7.06,185.36,32.08,77.94,CORDOBA,Cacao
"3,331",2019 May 20 12:00:00 AM,CÓRDOBA,TIERRALTA,CACAO,NO INDICA,NO INDICA,HOJAS,NO INDICA,NO INDICA,NO INDICA,2.02,0.22,2.65,1.22,0.34,0.05,0.25,74.49,4.62,159.33,28.23,106.67,CORDOBA,Cacao
"3,332",2019 May 20 12:00:00 AM,CÓRDOBA,TIERRALTA,CACAO,NO INDICA,NO INDICA,HOJAS,NO INDICA,NO INDICA,NO INDICA,2.21,0.19,1.89,1.13,0.45,0.04,0.29,118.46,7.07,145.26,32.52,98.53,CORDOBA,Cacao
"3,333",2019 May 20 12:00:00 AM,CÓRDOBA,TIERRALTA,CACAO,NO INDICA,NO INDICA,HOJAS,NO INDICA,NO INDICA,NO INDICA,2.36,0.18,1.72,1.0,0.41,0.04,0.23,155.94,5.74,107.99,22.81,70.01,CORDOBA,Cacao
"3,334",2019 May 20 12:00:00 AM,CÓRDOBA,TIERRALTA,CACAO,NO INDICA,NO INDICA,HOJAS,NO INDICA,NO INDICA,NO INDICA,2.24,0.2,2.37,0.97,0.35,0.04,0.25,105.28,7.53,133.75,28.46,122.25,CORDOBA,Cacao
"3,335",2019 May 20 12:00:00 AM,CÓRDOBA,TIERRALTA,CACAO,NO INDICA,NO INDICA,HOJAS,NO INDICA,NO INDICA,NO INDICA,2.34,0.23,2.07,1.13,0.5,0.04,0.28,113.93,4.31,123.59,26.8,75.51,CORDOBA,Cacao
"3,336",2019 May 20 12:00:00 AM,CÓRDOBA,TIERRALTA,CACAO,NO INDICA,NO INDICA,HOJAS,NO INDICA,NO INDICA,NO INDICA,2.04,0.25,2.25,0.99,0.3,0.05,0.25,102.67,3.49,146.12,32.77,91.24,CORDOBA,Cacao
"3,337",2019 May 20 12:00:00 AM,CÓRDOBA,TIERRALTA,CACAO,NO INDICA,NO INDICA,HOJAS,NO INDICA,NO INDICA,NO INDICA,2.1,0.21,1.72,1.12,0.36,0.04,0.27,81.43,8.15,135.01,31.63,99.34,CORDOBA,Cacao
"3,338",2019 May 20 12:00:00 AM,CÓRDOBA,TIERRALTA,CACAO,NO INDICA,NO INDICA,HOJAS,NO INDICA,NO INDICA,NO INDICA,1.77,0.18,1.93,0.87,0.36,0.03,0.24,94.72,6.85,128.62,24.03,103.38,CORDOBA,Cacao
"3,339",2019 Jul 05 12:00:00 AM,CÓRDOBA,CERETÉ,CACAO,NO INDICA,60 DÍAS,HOJAS,NO INDICA,NO INDICA,NO INDICA,2.08,0.18,1.25,1.03,0.4,0.08,0.25,110.15,4.8,877.0,28.7,78.01,CORDOBA,Cacao
"3,340",2019 Jul 05 12:00:00 AM,CÓRDOBA,CERETÉ,CACAO,NO INDICA,60 DÍAS,HOJAS,NO INDICA,NO INDICA,NO INDICA,1.73,0.15,0.87,0.89,0.32,0.11,0.19,110.14,5.29,505.01,30.63,93.42,CORDOBA,Cacao
"3,341",2019 Jul 05 12:00:00 AM,CÓRDOBA,CERETÉ,CACAO,NO INDICA,60 DÍAS,HOJAS,NO INDICA,NO INDICA,NO INDICA,1.72,0.14,1.12,0.76,0.3,0.04,0.23,50.65,5.07,1080.79,33.13,85.54,CORDOBA,Cacao
"3,342",2019 Jul 05 12:00:00 AM,CÓRDOBA,CERETÉ,CACAO,NO INDICA,60 DÍAS,HOJAS,NO INDICA,NO INDICA,NO INDICA,2.37,0.19,0.9,0.95,0.39,0.03,0.25,84.84,6.78,2002.2,33.67,70.11,CORDOBA,Cacao
"3,343",2019 Jul 05 12:00:00 AM,CÓRDOBA,CERETÉ,CACAO,NO INDICA,60 DÍAS,HOJAS,NO INDICA,NO INDICA,NO INDICA,1.88,0.11,0.93,0.84,0.24,0.14,0.19,79.68,3.72,1455.52,23.44,76.48,CORDOBA,Cacao
"3,344",2019 Jul 05 12:00:00 AM,CÓRDOBA,CERETÉ,CACAO,NO INDICA,60 DÍAS,HOJAS,NO INDICA,NO INDICA,NO INDICA,2.19,0.12,1.0,0.97,0.3,0.11,0.21,85.42,4.56,1904.85,29.62,74.36,CORDOBA,Cacao
"3,345",2019 Jul 05 12:00:00 AM,CÓRDOBA,CERETÉ,CACAO,NO INDICA,60 DÍAS,HOJAS,NO INDICA,NO INDICA,NO INDICA,1.95,0.12,1.39,1.07,0.31,0.12,0.2,84.63,3.78,879.06,30.75,95.56,CORDOBA,Cacao
"3,346",2019 Jul 05 12:00:00 AM,CÓRDOBA,CERETÉ,CACAO,NO INDICA,60 DÍAS,HOJAS,NO INDICA,NO INDICA,NO INDICA,2.02,0.11,1.04,0.82,0.38,0.07,0.2,87.06,5.87,1105.04,33.18,71.63,CORDOBA,Cacao
"3,347",2019 Jul 05 12:00:00 AM,CÓRDOBA,CERETÉ,CACAO,NO INDICA,60 DÍAS,HOJAS,NO INDICA,NO INDICA,NO INDICA,1.77,0.2,1.18,0.82,0.33,0.04,0.25,60.88,7.21,1313.53,33.78,78.75,CORDOBA,Cacao
"3,348",2019 Jul 05 12:00:00 AM,CÓRDOBA,CERETÉ,CACAO,NO INDICA,60 DÍAS,HOJAS,NO INDICA,NO INDICA,NO INDICA,1.5,0.12,0.84,0.76,0.29,0.06,0.2,54.53,5.72,1371.17,35.4,60.24,CORDOBA,Cacao
"3,349",2019 Jul 05 12:00:00 AM,CÓRDOBA,CERETÉ,CACAO,NO INDICA,60 DÍAS,HOJAS,NO INDICA,NO INDICA,NO INDICA,2.01,0.12,0.84,0.8,0.34,0.1,0.22,71.76,4.92,1812.05,36.82,73.91,CORDOBA,Cacao
"3,350",2019 Jul 05 12:00:00 AM,CÓRDOBA,CERETÉ,CACAO,NO INDICA,60 DÍAS,HOJAS,NO INDICA,NO INDICA,NO INDICA,1.98,0.13,1.47,0.96,0.3,0.09,0.2,60.99,6.32,1243.86,33.3,62.67,CORDOBA,Cacao
"3,351",2019 Jul 05 12:00:00 AM,CÓRDOBA,CERETÉ,CACAO,NO INDICA,60 DÍAS,HOJAS,NO INDICA,NO INDICA,NO INDICA,2.04,0.14,1.39,0.91,0.35,0.05,0.27,51.56,7.7,1228.05,37.39,77.23,CORDOBA,Cacao
"3,352",2019 Jul 05 12:00:00 AM,CÓRDOBA,CERETÉ,CACAO,NO INDICA,60 DÍAS,HOJAS,NO INDICA,NO INDICA,NO INDICA,1.92,0.12,1.15,0.87,0.33,0.12,0.19,79.7,5.65,1096.12,30.35,70.42,CORDOBA,Cacao
"3,353",2019 Jul 05 12:00:00 AM,CÓRDOBA,CERETÉ,CACAO,NO INDICA,60 DÍAS,HOJAS,NO INDICA,NO INDICA,NO INDICA,2.22,0.15,1.06,1.08,0.4,0.13,0.23,84.28,7.0,949.85,35.72,79.51,CORDOBA,Cacao
"3,354",2019 Jul 05 12:00:00 AM,CÓRDOBA,CERETÉ,CACAO,NO INDICA,60 DÍAS,HOJAS,NO INDICA,NO INDICA,NO INDICA,1.48,0.13,1.08,1.02,0.37,0.07,0.19,53.45,5.31,593.53,28.95,74.96,CORDOBA,Cacao
"3,355",2019 Jul 05 12:00:00 AM,CÓRDOBA,CERETÉ,CACAO,NO INDICA,60 DÍAS,HOJAS,NO INDICA,NO INDICA,NO INDICA,2.05,0.13,1.31,0.79,0.31,0.07,0.19,65.56,3.51,1246.26,36.51,74.06,CORDOBA,Cacao
"3,356",2019 Jul 05 12:00:00 AM,CÓRDOBA,CERETÉ,CACAO,NO INDICA,60 DÍAS,HOJAS,NO INDICA,NO INDICA,NO INDICA,1.73,0.1,0.64,0.65,0.27,0.09,0.19,52.39,4.9,1186.37,23.58,68.44,CORDOBA,Cacao
"3,357",2019 Jul 05 12:00:00 AM,CÓRDOBA,CERETÉ,CACAO,NO INDICA,60 DÍAS,HOJAS,NO INDICA,NO INDICA,NO INDICA,1.42,0.12,0.89,0.97,0.25,0.05,0.17,50.54,4.56,605.71,24.93,54.93,CORDOBA,Cacao
"3,358",2019 Jul 05 12:00:00 AM,CÓRDOBA,CERETÉ,CACAO,NO INDICA,60 DÍAS,HOJAS,NO INDICA,NO INDICA,NO INDICA,1.6,0.18,1.0,1.02,0.41,0.03,0.22,73.94,3.98,83.31,24.9,90.1,CORDOBA,Cacao
"3,359",2019 Jul 05 12:00:00 AM,CÓRDOBA,CERETÉ,CACAO,NO INDICA,60 DÍAS,HOJAS,NO INDICA,NO INDICA,NO INDICA,1.81,0.15,1.07,1.09,0.32,0.06,0.22,72.55,5.09,121.74,15.25,81.03,CORDOBA,Cacao
"3,360",2019 Jul 05 12:00:00 AM,CÓRDOBA,CERETÉ,CACAO,NO INDICA,60 DÍAS,HOJAS,NO INDICA,NO INDICA,NO INDICA,1.52,0.17,1.17,1.41,0.35,0.03,0.25,40.82,7.1,84.78,22.0,59.02,CORDOBA,Cacao
"3,361",2019 Jul 05 12:00:00 AM,CÓRDOBA,CERETÉ,CACAO,NO INDICA,60 DÍAS,HOJAS,NO INDICA,NO INDICA,NO INDICA,2.07,0.19,0.9,1.22,0.4,,0.25,72.21,5.89,118.04,25.91,61.31,CORDOBA,Cacao
"3,362",2019 Jul 05 12:00:00 AM,CÓRDOBA,CERETÉ,CACAO,NO INDICA,60 DÍAS,HOJAS,NO INDICA,NO INDICA,NO INDICA,1.85,0.16,1.21,1.12,0.26,0.05,0.2,58.09,4.93,116.53,17.03,104.67,CORDOBA,Cacao
"3,363",2019 Jul 05 12:00:00 AM,CÓRDOBA,CERETÉ,CACAO,NO INDICA,60 DÍAS,HOJAS,NO INDICA,NO INDICA,NO INDICA,1.49,0.09,0.9,1.29,0.33,0.03,0.17,51.19,3.51,81.35,13.75,51.44,CORDOBA,Cacao
"3,364",2019 Jul 05 12:00:00 AM,CÓRDOBA,CERETÉ,CACAO,NO INDICA,60 DÍAS,HOJAS,NO INDICA,NO INDICA,NO INDICA,1.83,0.15,1.28,1.29,0.33,0.05,0.2,59.38,5.86,109.63,21.85,76.79,CORDOBA,Cacao
"3,365",2019 Jul 05 12:00:00 AM,CÓRDOBA,CERETÉ,CACAO,NO INDICA,60 DÍAS,HOJAS,NO INDICA,NO INDICA,NO INDICA,1.69,0.14,1.59,1.11,0.38,0.04,0.2,64.32,5.96,94.24,26.06,69.81,CORDOBA,Cacao
"3,366",2019 Jul 05 12:00:00 AM,CÓRDOBA,CERETÉ,CACAO,NO INDICA,60 DÍAS,HOJAS,NO INDICA,NO INDICA,NO INDICA,1.74,0.14,1.23,1.16,0.33,0.03,0.21,47.42,5.12,80.43,22.64,87.1,CORDOBA,Cacao
"3,367",2019 Jul 05 12:00:00 AM,CÓRDOBA,CERETÉ,CACAO,NO INDICA,60 DÍAS,HOJAS,NO INDICA,NO INDICA,NO INDICA,2.03,0.13,0.63,0.97,0.33,0.06,0.21,72.26,4.72,118.31,17.58,63.89,CORDOBA,Cacao
"3,368",2019 Jul 05 12:00:00 AM,CÓRDOBA,CERETÉ,CACAO,NO INDICA,60 DÍAS,HOJAS,NO INDICA,NO INDICA,NO INDICA,1.8,0.17,0.98,1.17,0.38,0.03,0.21,66.99,5.86,97.75,20.37,62.37,CORDOBA,Cacao
"3,369",2019 Jul 05 12:00:00 AM,CÓRDOBA,CERETÉ,CACAO,NO INDICA,60 DÍAS,HOJAS,NO INDICA,NO INDICA,NO INDICA,1.8,0.15,1.37,1.08,0.29,0.03,0.21,65.98,4.18,112.54,14.45,61.29,CORDOBA,Cacao
"3,370",2019 Jul 05 12:00:00 AM,CÓRDOBA,CERETÉ,CACAO,NO INDICA,60 DÍAS,HOJAS,NO INDICA,NO INDICA,NO INDICA,1.73,0.17,1.27,1.0,0.44,0.03,0.25,56.89,7.88,113.68,21.26,96.47,CORDOBA,Cacao
"3,371",2019 Jul 05 12:00:00 AM,CÓRDOBA,CERETÉ,CACAO,NO INDICA,60 DÍAS,HOJAS,NO INDICA,NO INDICA,NO INDICA,1.56,0.17,1.33,1.15,0.34,0.03,0.2,58.33,6.78,70.82,18.16,67.53,CORDOBA,Cacao
"3,372",2019 Jul 05 12:00:00 AM,CÓRDOBA,CERETÉ,CACAO,NO INDICA,60 DÍAS,HOJAS,NO INDICA,NO INDICA,NO INDICA,1.92,0.15,0.95,1.06,0.4,0.04,0.19,59.67,6.27,85.48,16.47,97.39,CORDOBA,Cacao
"3,373",2019 Jul 05 12:00:00 AM,CÓRDOBA,CERETÉ,CACAO,NO INDICA,60 DÍAS,HOJAS,NO INDICA,NO INDICA,NO INDICA,1.44,0.17,1.04,1.19,0.42,0.04,0.19,74.9,4.83,130.2,24.07,77.23,CORDOBA,Cacao
"3,374",2019 Jul 05 12:00:00 AM,CÓRDOBA,CERETÉ,CACAO,NO INDICA,60 DÍAS,HOJAS,NO INDICA,NO INDICA,NO INDICA,1.66,0.2,1.54,0.9,0.37,0.04,0.23,58.86,4.62,81.5,27.29,79.51,CORDOBA,Cacao
"3,375",2019 Jul 05 12:00:00 AM,CÓRDOBA,CERETÉ,CACAO,NO INDICA,60 DÍAS,HOJAS,NO INDICA,NO INDICA,NO INDICA,1.72,0.16,0.83,0.9,0.37,0.03,0.2,56.06,6.22,94.17,22.54,69.81,CORDOBA,Cacao
"3,376",2019 Jul 05 12:00:00 AM,CÓRDOBA,CERETÉ,CACAO,NO INDICA,60 DÍAS,HOJAS,NO INDICA,NO INDICA,NO INDICA,1.64,0.15,0.78,0.81,0.31,0.03,0.19,47.9,5.79,66.19,18.21,63.74,CORDOBA,Cacao
"3,377",2019 Jul 05 12:00:00 AM,CÓRDOBA,CERETÉ,CACAO,NO INDICA,60 DÍAS,HOJAS,NO INDICA,NO INDICA,NO INDICA,1.83,0.18,1.1,0.93,0.33,0.05,0.21,62.73,3.82,850.54,27.7,94.65,CORDOBA,Cacao
"3,378",2019 Jul 05 12:00:00 AM,CÓRDOBA,CERETÉ,CACAO,NO INDICA,60 DÍAS,HOJAS,NO INDICA,NO INDICA,NO INDICA,2.24,0.17,1.08,0.71,0.35,0.15,0.25,102.42,4.97,1297.23,31.01,103.11,CORDOBA,Cacao
"3,379",2019 Jul 05 12:00:00 AM,CÓRDOBA,CERETÉ,CACAO,NO INDICA,60 DÍAS,HOJAS,NO INDICA,NO INDICA,NO INDICA,1.77,0.17,1.3,0.91,0.3,0.05,0.26,48.67,7.15,1590.79,34.46,106.3,CORDOBA,Cacao
"3,380",2019 Jul 05 12:00:00 AM,CÓRDOBA,CERETÉ,CACAO,NO INDICA,60 DÍAS,HOJAS,NO INDICA,NO INDICA,NO INDICA,2.17,0.17,1.23,0.93,0.39,0.05,0.26,61.91,6.47,1415.4,34.76,83.31,CORDOBA,Cacao
"3,381",2019 Jul 05 12:00:00 AM,CÓRDOBA,CERETÉ,CACAO,NO INDICA,60 DÍAS,HOJAS,NO INDICA,NO INDICA,NO INDICA,2.14,0.13,1.16,1.04,0.27,0.11,0.2,80.72,2.95,1309.29,24.59,102.85,CORDOBA,Cacao
"3,382",2019 Jul 05 12:00:00 AM,CÓRDOBA,CERETÉ,CACAO,NO INDICA,60 DÍAS,HOJAS,NO INDICA,NO INDICA,NO INDICA,2.15,0.16,1.07,1.02,0.33,0.09,0.25,67.0,4.54,1824.52,31.49,95.56,CORDOBA,Cacao
"3,383",2019 Jul 05 12:00:00 AM,CÓRDOBA,CERETÉ,CACAO,NO INDICA,60 DÍAS,HOJAS,NO INDICA,NO INDICA,NO INDICA,1.88,0.12,1.31,0.75,0.31,0.11,0.21,73.42,3.81,1072.1,39.14,90.42,CORDOBA,Cacao
"3,384",2019 Jul 05 12:00:00 AM,CÓRDOBA,CERETÉ,CACAO,NO INDICA,60 DÍAS,HOJAS,NO INDICA,NO INDICA,NO INDICA,1.45,0.14,1.06,0.9,0.33,0.06,0.2,55.24,3.32,805.64,31.44,77.42,CORDOBA,Cacao
"3,385",2019 Jul 05 12:00:00 AM,CÓRDOBA,CERETÉ,CACAO,NO INDICA,60 DÍAS,HOJAS,NO INDICA,NO INDICA,NO INDICA,1.88,0.15,0.79,1.0,0.39,0.07,0.25,60.53,4.69,1645.33,35.52,100.17,CORDOBA,Cacao
"3,386",2019 Jul 05 12:00:00 AM,CÓRDOBA,CERETÉ,CACAO,NO INDICA,60 DÍAS,HOJAS,NO INDICA,NO INDICA,NO INDICA,2.3,0.16,1.08,0.83,0.33,0.05,0.24,64.76,6.51,1228.96,31.7,92.05,CORDOBA,Cacao
"3,387",2019 Jul 05 12:00:00 AM,CÓRDOBA,CERETÉ,CACAO,NO INDICA,60 DÍAS,HOJAS,NO INDICA,NO INDICA,NO INDICA,2.03,0.13,1.13,0.96,0.33,0.07,0.21,75.37,4.05,1429.69,31.91,87.98,CORDOBA,Cacao
"3,388",2019 Jul 05 12:00:00 AM,CÓRDOBA,CERETÉ,CACAO,NO INDICA,60 DÍAS,HOJAS,NO INDICA,NO INDICA,NO INDICA,1.96,0.14,1.16,1.02,0.33,0.07,0.23,49.86,2.55,841.77,26.47,76.79,CORDOBA,Cacao
"3,389",2019 Jul 05 12:00:00 AM,CÓRDOBA,CERETÉ,CACAO,NO INDICA,60 DÍAS,HOJAS,NO INDICA,NO INDICA,NO INDICA,2.42,0.19,1.53,0.95,0.45,0.05,0.26,78.45,7.89,780.98,43.44,134.07,CORDOBA,Cacao
"3,390",2019 Jul 05 12:00:00 AM,CÓRDOBA,CERETÉ,CACAO,NO INDICA,60 DÍAS,HOJAS,NO INDICA,NO INDICA,NO INDICA,2.09,0.12,1.54,0.88,0.35,0.22,0.23,84.89,5.47,1157.46,37.64,83.11,CORDOBA,Cacao
"3,391",2019 Jul 05 12:00:00 AM,CÓRDOBA,CERETÉ,CACAO,NO INDICA,60 DÍAS,HOJAS,NO INDICA,NO INDICA,NO INDICA,1.92,0.11,1.43,0.75,0.3,0.1,0.19,67.85,4.34,1001.41,26.55,113.99,CORDOBA,Cacao
"3,392",2019 Jul 05 12:00:00 AM,CÓRDOBA,CERETÉ,CACAO,NO INDICA,60 DÍAS,HOJAS,NO INDICA,NO INDICA,NO INDICA,2.16,0.11,1.06,0.94,0.49,0.12,0.22,85.17,2.79,533.69,32.65,126.18,CORDOBA,Cacao
"3,393",2019 Jul 05 12:00:00 AM,CÓRDOBA,CERETÉ,CACAO,NO INDICA,60 DÍAS,HOJAS,NO INDICA,NO INDICA,NO INDICA,1.66,0.13,1.7,0.69,0.26,0.08,0.19,48.61,3.04,690.24,35.07,76.61,CORDOBA,Cacao
"3,394",2019 Jul 05 12:00:00 AM,CÓRDOBA,CERETÉ,CACAO,NO INDICA,60 DÍAS,HOJAS,NO INDICA,NO INDICA,NO INDICA,1.32,0.1,1.38,0.52,0.25,0.07,0.17,57.49,3.17,666.4,27.9,95.3,CORDOBA,Cacao
"3,395",2019 Jul 05 12:00:00 AM,CÓRDOBA,CERETÉ,CACAO,NO INDICA,60 DÍAS,HOJAS,NO INDICA,NO INDICA,NO INDICA,1.94,0.11,1.41,0.63,0.28,0.07,0.2,55.73,3.68,1329.66,24.16,63.79,CORDOBA,Cacao
"3,396",2019 Jul 05 12:00:00 AM,CÓRDOBA,CERETÉ,CACAO,NO INDICA,60 DÍAS,HOJAS,NO INDICA,NO INDICA,NO INDICA,1.59,0.22,1.85,1.05,0.48,0.04,0.26,48.26,4.62,89.7,24.15,107.49,CORDOBA,Cacao
"3,397",2019 Jul 05 12:00:00 AM,CÓRDOBA,CERETÉ,CACAO,NO INDICA,60 DÍAS,HOJAS,NO INDICA,NO INDICA,NO INDICA,2.01,0.19,1.43,1.02,0.33,0.05,0.25,84.62,4.51,170.88,22.59,116.52,CORDOBA,Cacao
"3,398",2019 Jul 05 12:00:00 AM,CÓRDOBA,CERETÉ,CACAO,NO INDICA,60 DÍAS,HOJAS,NO INDICA,NO INDICA,NO INDICA,1.92,0.1,1.07,0.92,0.27,0.07,0.2,45.61,4.43,114.21,19.16,,CORDOBA,Cacao
"3,399",2019 Jul 05 12:00:00 AM,CÓRDOBA,CERETÉ,CACAO,NO INDICA,60 DÍAS,HOJAS,NO INDICA,NO INDICA,NO INDICA,1.73,0.22,1.47,1.11,0.53,0.03,0.27,59.14,6.5,83.88,27.83,76.61,CORDOBA,Cacao
"3,400",2019 Jul 05 12:00:00 AM,CÓRDOBA,CERETÉ,CACAO,NO INDICA,60 DÍAS,HOJAS,NO INDICA,NO INDICA,NO INDICA,2.06,0.12,1.35,0.93,0.28,0.06,0.21,57.64,2.84,104.7,11.26,79.86,CORDOBA,Cacao
"3,401",2019 Jul 05 12:00:00 AM,CÓRDOBA,CERETÉ,CACAO,NO INDICA,60 DÍAS,HOJAS,NO INDICA,NO INDICA,NO INDICA,2.16,0.21,1.59,1.23,0.44,0.04,0.28,66.03,5.63,120.83,19.72,80.67,CORDOBA,Cacao
"3,402",2019 Jul 05 12:00:00 AM,CÓRDOBA,CERETÉ,CACAO,NO INDICA,60 DÍAS,HOJAS,NO INDICA,NO INDICA,NO INDICA,1.78,0.23,2.07,0.79,0.34,0.03,0.24,54.9,6.78,80.34,25.74,92.05,CORDOBA,Cacao
"3,403",2019 Jul 05 12:00:00 AM,CÓRDOBA,CERETÉ,CACAO,NO INDICA,60 DÍAS,HOJAS,NO INDICA,NO INDICA,NO INDICA,1.52,0.22,1.76,0.76,0.36,0.03,0.23,52.11,5.88,94.21,26.29,81.08,CORDOBA,Cacao
"3,404",2019 Jul 05 12:00:00 AM,CÓRDOBA,CERETÉ,CACAO,NO INDICA,60 DÍAS,HOJAS,NO INDICA,NO INDICA,NO INDICA,2.07,0.21,1.36,1.19,0.47,0.03,0.28,69.9,7.88,85.35,27.7,76.61,CORDOBA,Cacao
"3,405",2019 Jul 05 12:00:00 AM,CÓRDOBA,CERETÉ,CACAO,NO INDICA,60 DÍAS,HOJAS,NO INDICA,NO INDICA,NO INDICA,1.46,0.19,1.69,0.98,0.42,0.03,0.28,51.15,5.47,106.85,26.16,81.48,CORDOBA,Cacao
"3,406",2019 Jul 05 12:00:00 AM,CÓRDOBA,CERETÉ,CACAO,NO INDICA,60 DÍAS,HOJAS,NO INDICA,NO INDICA,NO INDICA,1.59,0.19,1.5,0.77,0.39,0.03,0.22,47.87,5.07,107.01,23.09,83.92,CORDOBA,Cacao
"3,407",2019 Jul 05 12:00:00 AM,CÓRDOBA,CERETÉ,CACAO,NO INDICA,60 DÍAS,HOJAS,NO INDICA,NO INDICA,NO INDICA,1.72,0.19,2.03,1.0,0.36,0.03,0.24,49.61,4.23,118.05,21.53,94.49,CORDOBA,Cacao
"3,408",2019 Jul 05 12:00:00 AM,CÓRDOBA,CERETÉ,CACAO,NO INDICA,60 DÍAS,HOJAS,NO INDICA,NO INDICA,NO INDICA,2.24,0.2,1.72,0.88,0.39,0.03,0.24,49.99,6.66,117.31,23.16,113.17,CORDOBA,Cacao
"3,409",2019 Jul 05 12:00:00 AM,CÓRDOBA,CERETÉ,CACAO,NO INDICA,60 DÍAS,HOJAS,NO INDICA,NO INDICA,NO INDICA,1.54,0.2,1.78,0.84,0.44,0.03,0.24,48.44,5.91,86.11,25.08,97.74,CORDOBA,Cacao
"3,410",2019 Jul 05 12:00:00 AM,CÓRDOBA,CERETÉ,CACAO,NO INDICA,60 DÍAS,HOJAS,NO INDICA,NO INDICA,NO INDICA,1.82,0.21,1.71,0.87,0.4,0.03,0.24,47.68,5.84,84.49,21.98,74.17,CORDOBA,Cacao
"3,411",2019 Jul 05 12:00:00 AM,CÓRDOBA,CERETÉ,CACAO,NO INDICA,60 DÍAS,HOJAS,NO INDICA,NO INDICA,NO INDICA,2.15,0.18,1.64,0.86,0.42,0.06,0.25,74.4,4.18,97.74,17.64,84.99,CORDOBA,Cacao
"3,412",2019 Jul 05 12:00:00 AM,CÓRDOBA,CERETÉ,CACAO,NO INDICA,60 DÍAS,HOJAS,NO INDICA,NO INDICA,NO INDICA,1.92,0.16,1.72,0.93,0.31,0.05,0.25,73.51,2.99,122.41,19.89,76.61,CORDOBA,Cacao
"3,413",2019 Jul 05 12:00:00 AM,CÓRDOBA,CERETÉ,CACAO,NO INDICA,60 DÍAS,HOJAS,NO INDICA,NO INDICA,NO INDICA,1.82,0.17,1.52,0.7,0.31,0.03,0.22,46.87,4.84,70.52,13.84,100.6,CORDOBA,Cacao
"3,414",2019 Jul 05 12:00:00 AM,CÓRDOBA,CERETÉ,CACAO,NO INDICA,60 DÍAS,HOJAS,NO INDICA,NO INDICA,NO INDICA,1.57,0.19,1.59,0.82,0.42,0.03,0.24,47.39,5.95,82.6,23.62,65.41,CORDOBA,Cacao
"3,444",2019 Jan 18 12:00:00 AM,CÓRDOBA,MONTERÍA,ARROZ,FEDEARROZ 70,NO INDICA,RAIZ,NO INDICA,SI,NO INDICA,1.5,0.16,1.73,0.22,0.39,0.04,0.29,17176.15,49.0,221.96,94.42,21.1,CORDOBA,Arroz
"3,445",2019 Jan 18 12:00:00 AM,CÓRDOBA,MONTERÍA,ARROZ,FEDEARROZ 70,NO INDICA,RAIZ,NO INDICA,SI,NO INDICA,1.17,0.13,1.69,0.2,0.39,0.06,0.28,17534.61,51.45,230.18,91.91,66.25,CORDOBA,Arroz
"3,446",2019 Jan 18 12:00:00 AM,CÓRDOBA,MONTERÍA,ARROZ,FEDEARROZ 70,NO INDICA,RAIZ,NO INDICA,SI,NO INDICA,1.11,0.1,0.95,0.25,0.51,,0.16,26253.46,42.22,325.72,93.59,11.21,CORDOBA,Arroz
"3,447",2019 Jan 18 12:00:00 AM,CÓRDOBA,MONTERÍA,ARROZ,FEDEARROZ 70,NO INDICA,RAIZ,NO INDICA,SI,NO INDICA,1.81,0.15,1.52,0.25,0.33,0.04,0.38,13850.9,77.52,163.1,88.76,23.18,CORDOBA,Arroz
"3,448",2019 Jan 18 12:00:00 AM,CÓRDOBA,MONTERÍA,ARROZ,FEDEARROZ 70,NO INDICA,RAIZ,NO INDICA,SI,NO INDICA,1.27,0.11,1.33,0.25,0.43,0.04,0.29,17206.99,69.83,249.89,85.5,17.59,CORDOBA,Arroz
"3,449",2019 Jan 18 12:00:00 AM,CÓRDOBA,MONTERÍA,ARROZ,FEDEARROZ 70,NO INDICA,RAIZ,NO INDICA,SI,NO INDICA,1.55,0.13,1.77,0.25,0.42,0.04,0.31,16600.03,71.34,215.67,91.82,20.31,CORDOBA,Arroz
"3,450",2019 Jan 18 12:00:00 AM,CÓRDOBA,MONTERÍA,ARROZ,FEDEARROZ 70,NO INDICA,RAIZ,NO INDICA,SI,NO INDICA,1.4,0.16,1.58,0.26,0.45,0.04,0.29,17528.93,48.08,252.35,91.08,20.15,CORDOBA,Arroz
"3,451",2019 Jan 18 12:00:00 AM,CÓRDOBA,MONTERÍA,ARROZ,FEDEARROZ 70,NO INDICA,RAIZ,NO INDICA,SI,NO INDICA,1.03,0.12,1.24,0.3,0.59,,0.17,26760.76,63.1,339.96,96.0,14.72,CORDOBA,Arroz
"3,452",2019 Jan 18 12:00:00 AM,CÓRDOBA,MONTERÍA,ARROZ,FEDEARROZ 70,NO INDICA,RAIZ,NO INDICA,SI,NO INDICA,0.96,0.09,0.67,0.33,0.64,,0.15,30039.64,47.15,384.86,104.54,19.83,CORDOBA,Arroz
"3,453",2019 Jan 18 12:00:00 AM,CÓRDOBA,MONTERÍA,ARROZ,FEDEARROZ 70,NO INDICA,HOJAS,NO INDICA,SI,NO INDICA,3.52,0.21,1.19,0.26,0.28,,0.32,5553.58,20.92,78.79,37.21,9.94,CORDOBA,Arroz
"3,454",2019 Jan 18 12:00:00 AM,CÓRDOBA,MONTERÍA,ARROZ,FEDEARROZ 70,NO INDICA,HOJAS,NO INDICA,SI,NO INDICA,3.42,0.26,2.06,0.2,0.22,,0.33,7037.99,24.44,113.92,43.53,9.78,CORDOBA,Arroz
"3,455",2019 Jan 18 12:00:00 AM,CÓRDOBA,MONTERÍA,ARROZ,FEDEARROZ 70,NO INDICA,HOJAS,NO INDICA,SI,NO INDICA,3.54,0.23,1.29,0.18,0.21,,0.29,5168.84,19.85,115.46,41.85,8.98,CORDOBA,Arroz
"3,456",2019 Jan 18 12:00:00 AM,CÓRDOBA,MONTERÍA,ARROZ,FEDEARROZ 70,NO INDICA,HOJAS,NO INDICA,SI,NO INDICA,3.62,0.23,2.74,0.21,0.2,,0.37,3026.15,21.33,104.14,41.3,15.04,CORDOBA,Arroz
"3,457",2019 Jan 18 12:00:00 AM,CÓRDOBA,MONTERÍA,ARROZ,FEDEARROZ 70,NO INDICA,HOJAS,NO INDICA,SI,NO INDICA,2.79,0.19,2.13,0.22,0.27,,0.26,6147.29,23.81,130.46,46.96,8.5,CORDOBA,Arroz
"3,458",2019 Jan 18 12:00:00 AM,CÓRDOBA,MONTERÍA,ARROZ,FEDEARROZ 70,NO INDICA,HOJAS,NO INDICA,SI,NO INDICA,3.75,0.21,1.59,0.18,0.19,,0.34,1658.92,20.48,85.01,35.63,9.14,CORDOBA,Arroz
"3,459",2019 Jan 18 12:00:00 AM,CÓRDOBA,MONTERÍA,ARROZ,FEDEARROZ 70,NO INDICA,HOJAS,NO INDICA,SI,NO INDICA,2.55,0.2,1.7,0.23,0.37,,0.24,12416.9,27.49,150.51,52.26,9.94,CORDOBA,Arroz
"3,460",2019 Jan 18 12:00:00 AM,CÓRDOBA,MONTERÍA,ARROZ,FEDEARROZ 70,NO INDICA,HOJAS,NO INDICA,SI,NO INDICA,2.85,0.23,1.41,0.19,0.21,,0.3,8370.7,21.01,111.29,39.26,11.05,CORDOBA,Arroz
"3,461",2019 Jan 18 12:00:00 AM,CÓRDOBA,MONTERÍA,ARROZ,FEDEARROZ 70,NO INDICA,HOJAS,NO INDICA,SI,NO INDICA,3.36,0.24,1.49,0.34,0.35,,0.16,3987.88,24.88,139.73,48.99,8.18,CORDOBA,Arroz
"3,462",2019 Jan 18 12:00:00 AM,CÓRDOBA,MONTERÍA,ARROZ,FEDEARROZ 70,NO INDICA,RAIZ,NO INDICA,SI,NO INDICA,0.9,0.11,1.19,0.35,0.57,0.07,0.28,20246.86,67.78,267.78,96.85,9.94,CORDOBA,Arroz
"3,463",2019 Jan 18 12:00:00 AM,CÓRDOBA,MONTERÍA,ARROZ,FEDEARROZ 70,NO INDICA,RAIZ,NO INDICA,SI,NO INDICA,0.9,0.1,1.12,0.31,0.6,0.06,0.26,18191.15,86.8,344.0,103.68,11.05,CORDOBA,Arroz
"3,464",2019 Jan 18 12:00:00 AM,CÓRDOBA,MONTERÍA,ARROZ,FEDEARROZ 70,NO INDICA,RAIZ,NO INDICA,SI,NO INDICA,0.86,0.12,0.92,0.32,0.57,0.06,0.28,16312.06,68.71,261.13,91.17,9.94,CORDOBA,Arroz
"3,465",2019 Jan 18 12:00:00 AM,CÓRDOBA,MONTERÍA,ARROZ,FEDEARROZ 70,NO INDICA,RAIZ,NO INDICA,SI,NO INDICA,0.89,0.1,0.88,0.36,0.41,0.03,0.2,24239.73,66.39,347.66,105.95,12.17,CORDOBA,Arroz
"3,466",2019 Jan 18 12:00:00 AM,CÓRDOBA,MONTERÍA,ARROZ,FEDEARROZ 70,NO INDICA,RAIZ,NO INDICA,SI,NO INDICA,0.77,0.09,0.83,0.22,0.56,,0.21,21781.45,61.29,334.02,103.56,23.18,CORDOBA,Arroz
"3,467",2019 Jan 18 12:00:00 AM,CÓRDOBA,MONTERÍA,ARROZ,FEDEARROZ 70,NO INDICA,RAIZ,NO INDICA,SI,NO INDICA,0.63,0.09,0.79,0.39,0.5,0.03,0.15,25218.37,65.93,361.97,97.54,11.05,CORDOBA,Arroz
"3,468",2019 Jan 18 12:00:00 AM,CÓRDOBA,MONTERÍA,ARROZ,FEDEARROZ 70,NO INDICA,RAIZ,NO INDICA,SI,NO INDICA,0.92,0.11,1.16,0.27,0.58,0.04,0.24,17110.47,75.67,240.83,99.81,9.3,CORDOBA,Arroz
"3,469",2019 Jan 18 12:00:00 AM,CÓRDOBA,MONTERÍA,ARROZ,FEDEARROZ 70,NO INDICA,RAIZ,NO INDICA,SI,NO INDICA,1.08,0.12,1.12,0.15,0.36,0.04,0.29,16601.88,71.5,216.86,80.82,11.21,CORDOBA,Arroz
"3,470",2019 Jan 18 12:00:00 AM,CÓRDOBA,MONTERÍA,ARROZ,FEDEARROZ 70,NO INDICA,RAIZ,NO INDICA,SI,NO INDICA,0.97,0.03,1.16,0.2,0.5,0.04,0.29,18118.13,51.08,256.47,96.74,10.26,CORDOBA,Arroz
"3,471",2019 Jan 18 12:00:00 AM,CÓRDOBA,MONTERÍA,ARROZ,FEDEARROZ 70,NO INDICA,HOJAS,NO INDICA,SI,NO INDICA,2.47,0.15,1.23,0.16,0.13,,0.21,612.54,8.56,66.15,26.76,7.38,CORDOBA,Arroz
"3,472",2019 Jan 18 12:00:00 AM,CÓRDOBA,MONTERÍA,ARROZ,FEDEARROZ 70,NO INDICA,HOJAS,NO INDICA,SI,NO INDICA,2.85,0.14,1.66,0.19,0.16,,0.2,505.12,12.55,114.35,26.91,7.54,CORDOBA,Arroz
"3,473",2019 Jan 18 12:00:00 AM,CÓRDOBA,MONTERÍA,ARROZ,FEDEARROZ 70,NO INDICA,HOJAS,NO INDICA,SI,NO INDICA,2.4,0.18,1.01,0.31,0.17,,0.21,491.92,12.33,119.34,26.74,8.82,CORDOBA,Arroz
"3,474",2019 Jan 18 12:00:00 AM,CÓRDOBA,MONTERÍA,ARROZ,FEDEARROZ 70,NO INDICA,HOJAS,NO INDICA,SI,NO INDICA,2.4,0.19,1.28,0.19,0.18,,0.21,355.42,11.89,57.95,28.65,11.53,CORDOBA,Arroz
"3,475",2019 Jan 18 12:00:00 AM,CÓRDOBA,MONTERÍA,ARROZ,FEDEARROZ 70,NO INDICA,HOJAS,NO INDICA,SI,NO INDICA,3.75,0.17,1.4,0.28,0.23,,0.25,260.46,14.41,66.78,29.21,13.45,CORDOBA,Arroz
"3,476",2019 Jan 18 12:00:00 AM,CÓRDOBA,MONTERÍA,ARROZ,FEDEARROZ 70,NO INDICA,HOJAS,NO INDICA,SI,NO INDICA,3.89,0.17,1.31,0.23,0.22,,0.26,471.83,15.21,58.52,29.54,14.72,CORDOBA,Arroz
"3,477",2019 Jan 18 12:00:00 AM,CÓRDOBA,MONTERÍA,ARROZ,FEDEARROZ 70,NO INDICA,HOJAS,NO INDICA,SI,NO INDICA,3.0,0.16,1.23,0.15,0.18,,0.22,408.42,13.17,40.68,30.74,6.11,CORDOBA,Arroz
"3,478",2019 Jan 18 12:00:00 AM,CÓRDOBA,MONTERÍA,ARROZ,FEDEARROZ 70,NO INDICA,HOJAS,NO INDICA,SI,NO INDICA,3.24,0.16,1.45,0.12,0.17,,0.25,449.87,13.31,113.45,29.15,5.79,CORDOBA,Arroz
"3,479",2019 Jan 18 12:00:00 AM,CÓRDOBA,MONTERÍA,ARROZ,FEDEARROZ 70,NO INDICA,HOJAS,NO INDICA,SI,NO INDICA,3.01,0.18,1.91,0.11,0.17,,0.25,541.86,13.39,78.8,31.63,5.79,CORDOBA,Arroz
"3,480",2019 Jan 18 12:00:00 AM,CÓRDOBA,MONTERÍA,ARROZ,FEDEARROZ 70,NO INDICA,TALLOS,NO INDICA,SI,NO INDICA,1.16,0.18,1.32,0.12,0.16,,0.24,959.07,13.26,109.63,38.36,4.19,CORDOBA,Arroz
"3,481",2019 Jan 18 12:00:00 AM,CÓRDOBA,MONTERÍA,ARROZ,FEDEARROZ 70,NO INDICA,TALLOS,NO INDICA,SI,NO INDICA,1.35,0.18,2.04,0.11,0.15,,0.23,666.93,15.21,114.67,39.74,4.83,CORDOBA,Arroz
"3,482",2019 Jan 18 12:00:00 AM,CÓRDOBA,MONTERÍA,ARROZ,FEDEARROZ 70,NO INDICA,TALLOS,NO INDICA,SI,NO INDICA,1.03,0.2,1.88,0.14,0.15,,0.2,1254.97,12.95,111.13,35.75,4.03,CORDOBA,Arroz
"3,483",2019 Jan 18 12:00:00 AM,CÓRDOBA,MONTERÍA,ARROZ,FEDEARROZ 70,NO INDICA,TALLOS,NO INDICA,SI,NO INDICA,0.94,0.25,1.95,0.13,0.15,,0.2,905.58,13.57,92.75,38.64,6.43,CORDOBA,Arroz
"3,484",2019 Jan 18 12:00:00 AM,CÓRDOBA,MONTERÍA,ARROZ,FEDEARROZ 70,NO INDICA,TALLOS,NO INDICA,SI,NO INDICA,1.93,0.23,1.66,0.12,0.15,,0.23,973.9,16.9,113.15,39.98,14.72,CORDOBA,Arroz
"3,485",2019 Jan 18 12:00:00 AM,CÓRDOBA,MONTERÍA,ARROZ,FEDEARROZ 70,NO INDICA,TALLOS,NO INDICA,SI,NO INDICA,1.94,0.16,1.74,0.1,0.12,,0.19,848.96,17.34,81.93,40.5,9.46,CORDOBA,Arroz
"3,486",2019 Jan 18 12:00:00 AM,CÓRDOBA,MONTERÍA,ARROZ,FEDEARROZ 70,NO INDICA,TALLOS,NO INDICA,SI,NO INDICA,1.34,0.21,2.14,0.14,0.16,,0.21,769.52,11.05,55.15,37.74,3.72,CORDOBA,Arroz
"3,487",2019 Jan 18 12:00:00 AM,CÓRDOBA,MONTERÍA,ARROZ,FEDEARROZ 70,NO INDICA,TALLOS,NO INDICA,SI,NO INDICA,1.46,0.2,2.07,0.14,0.16,0.04,0.24,727.7,13.61,118.89,38.61,4.03,CORDOBA,Arroz
"3,488",2019 Jan 18 12:00:00 AM,CÓRDOBA,MONTERÍA,ARROZ,FEDEARROZ 70,NO INDICA,TALLOS,NO INDICA,SI,NO INDICA,1.08,0.2,1.89,0.1,0.14,,0.24,801.14,12.95,80.17,39.6,4.67,CORDOBA,Arroz
"3,577",2019 Feb 14 12:00:00 AM,CÓRDOBA,MONTERÍA,ARROZ,FEDEARROZ 70,NO INDICA,TODA LA PLANTA,NO INDICA,UREA,NO INDICA,0.76,0.08,1.52,0.18,0.38,0.05,0.29,13543.25,48.3,322.7,60.36,14.0,CORDOBA,Arroz
"3,578",2019 Feb 14 12:00:00 AM,CÓRDOBA,MONTERÍA,ARROZ,FEDEARROZ 70,NO INDICA,TODA LA PLANTA,NO INDICA,UREA,NO INDICA,0.66,0.08,1.48,0.11,0.34,,0.26,17093.06,47.37,364.97,80.71,13.83,CORDOBA,Arroz
"3,579",2019 Feb 14 12:00:00 AM,CÓRDOBA,MONTERÍA,ARROZ,FEDEARROZ 70,NO INDICA,TODA LA PLANTA,NO INDICA,UREA,NO INDICA,0.76,0.09,1.49,0.13,0.43,0.04,0.29,17479.66,52.94,289.42,68.77,12.3,CORDOBA,Arroz
"3,580",2019 Feb 14 12:00:00 AM,CÓRDOBA,MONTERÍA,ARROZ,FEDEARROZ 70,NO INDICA,TODA LA PLANTA,NO INDICA,UREA,NO INDICA,0.76,0.09,1.62,0.21,0.42,0.03,0.28,20811.92,82.16,399.25,80.37,14.68,CORDOBA,Arroz
"3,581",2019 Feb 14 12:00:00 AM,CÓRDOBA,MONTERÍA,ARROZ,FEDEARROZ 70,NO INDICA,TODA LA PLANTA,NO INDICA,UREA,NO INDICA,0.53,0.07,1.32,0.34,0.59,,0.13,28050.08,45.05,394.59,93.33,8.9,CORDOBA,Arroz
"3,582",2019 Feb 14 12:00:00 AM,CÓRDOBA,MONTERÍA,ARROZ,FEDEARROZ 70,NO INDICA,TODA LA PLANTA,NO INDICA,UREA,NO INDICA,0.65,0.08,1.51,0.12,0.41,0.05,0.31,16727.84,48.3,353.65,71.5,15.36,CORDOBA,Arroz
"3,729",2019 Mar 04 12:00:00 AM,BOLÍVAR,SANTA ROSA DEL SUR,CAFÉ,CASTILLO,NO INDICA,HOJAS,NO INDICA,"CAL DOLOMITA, 17-6-18-25, AGRIMIN",REGULAR,2.63,0.15,2.91,0.93,0.16,,0.22,114.52,13.24,522.42,4.08,69.56,BOLIVAR,Café
"3,730",2019 Mar 04 12:00:00 AM,BOLÍVAR,SANTA ROSA DEL SUR,CAFÉ,CASTILLO,NO INDICA,HOJAS,NO INDICA,"CAL DOLOMITA, 17-6-18-25, AGRIMIN",MALO,2.55,0.18,3.23,1.05,0.28,,0.3,109.46,22.14,218.79,6.06,53.36,BOLIVAR,Café
"3,731",2019 Mar 04 12:00:00 AM,BOLÍVAR,SANTA ROSA DEL SUR,CAFÉ,CASTILLO,NO INDICA,HOJAS,NO INDICA,"CAL DOLOMITA, 17-6-18-25, AGRIMIN",REGULAR,2.79,0.19,2.68,1.52,0.34,,0.29,92.21,15.37,748.85,5.86,73.42,BOLIVAR,Café
"3,732",2019 Mar 04 12:00:00 AM,BOLÍVAR,SANTA ROSA DEL SUR,CAFÉ,CASTILLO,NO INDICA,HOJAS,NO INDICA,"CAL DOLOMITA, 17-6-18-25, AGRIMIN",MALO,2.15,0.14,3.19,1.14,0.25,,0.36,176.71,18.9,129.25,5.38,57.06,BOLIVAR,Café
"3,733",2019 Mar 04 12:00:00 AM,BOLÍVAR,SANTA ROSA DEL SUR,CAFÉ,CASTILLO,NO INDICA,HOJAS,NO INDICA,"CAL DOLOMITA, 17-6-18-25, AGRIMIN",REGULAR,2.86,0.21,2.37,1.28,0.37,,0.42,119.61,14.6,390.42,5.78,66.79,BOLIVAR,Café
"3,734",2019 Mar 04 12:00:00 AM,BOLÍVAR,SANTA ROSA DEL SUR,CAFÉ,CASTILLO,NO INDICA,HOJAS,NO INDICA,"CAL DOLOMITA, 17-6-18-25, AGRIMIN",REGULAR,2.71,0.19,2.22,1.59,0.63,,0.31,99.74,12.33,258.17,6.37,47.03,BOLIVAR,Café
"3,735",2019 Mar 04 12:00:00 AM,BOLÍVAR,SANTA ROSA DEL SUR,CAFÉ,CASTILLO,NO INDICA,HOJAS,NO INDICA,"CAL DOLOMITA, 17-6-18-25, AGRIMIN",REGULAR,2.75,0.14,1.87,1.11,0.41,,0.24,71.03,13.38,286.89,6.01,38.7,BOLIVAR,Café
"3,736",2019 Mar 06 12:00:00 AM,CÓRDOBA,MONTERÍA,ARROZ,FEDEARROZ 70,NO INDICA,TODA LA PLANTA,NO INDICA,UREA,NO INDICA,0.63,0.17,1.63,0.25,0.45,0.05,0.3,13466.16,67.23,348.1,82.01,11.7,CORDOBA,Arroz
"3,737",2019 Mar 06 12:00:00 AM,CÓRDOBA,MONTERÍA,ARROZ,FEDEARROZ 70,NO INDICA,TODA LA PLANTA,NO INDICA,UREA,NO INDICA,0.63,0.16,1.61,0.25,0.46,0.06,0.29,13748.58,73.12,370.13,87.57,11.7,CORDOBA,Arroz
"3,738",2019 Mar 06 12:00:00 AM,CÓRDOBA,MONTERÍA,ARROZ,FEDEARROZ 70,NO INDICA,TODA LA PLANTA,NO INDICA,UREA,NO INDICA,0.66,0.17,1.71,0.22,0.42,0.05,0.32,12384.97,69.62,334.59,86.29,12.62,CORDOBA,Arroz
"3,739",2019 Mar 06 12:00:00 AM,CÓRDOBA,MONTERÍA,ARROZ,FEDEARROZ 70,NO INDICA,TODA LA PLANTA,NO INDICA,UREA,NO INDICA,2.29,0.27,2.08,0.35,0.19,,0.24,655.67,11.86,466.05,25.38,10.0,CORDOBA,Arroz
"3,740",2019 Mar 06 12:00:00 AM,CÓRDOBA,MONTERÍA,ARROZ,FEDEARROZ 70,NO INDICA,TODA LA PLANTA,NO INDICA,UREA,NO INDICA,2.02,0.24,1.98,0.37,0.18,,0.21,752.79,11.94,440.0,27.54,9.07,CORDOBA,Arroz
"3,741",2019 Mar 06 12:00:00 AM,CÓRDOBA,MONTERÍA,ARROZ,FEDEARROZ 70,NO INDICA,TODA LA PLANTA,NO INDICA,UREA,NO INDICA,2.47,0.3,1.75,0.4,0.24,,0.26,637.82,9.18,181.24,22.87,10.0,CORDOBA,Arroz
"3,742",2019 Mar 06 12:00:00 AM,CÓRDOBA,MONTERÍA,ARROZ,FEDEARROZ 70,NO INDICA,TODA LA PLANTA,NO INDICA,UREA,NO INDICA,2.15,0.29,1.88,0.43,0.23,,0.25,987.79,9.25,416.51,23.83,9.69,CORDOBA,Arroz
"3,743",2019 Mar 06 12:00:00 AM,CÓRDOBA,MONTERÍA,ARROZ,FEDEARROZ 70,NO INDICA,TODA LA PLANTA,NO INDICA,UREA,NO INDICA,2.56,0.29,1.95,0.38,0.2,,0.28,333.03,10.86,173.36,22.18,9.54,CORDOBA,Arroz
"3,744",2019 Mar 06 12:00:00 AM,CÓRDOBA,MONTERÍA,ARROZ,FEDEARROZ 70,NO INDICA,TODA LA PLANTA,NO INDICA,UREA,NO INDICA,2.65,0.33,2.16,0.48,0.25,,0.27,462.83,10.93,456.21,24.78,10.31,CORDOBA,Arroz
"3,745",2019 Mar 06 12:00:00 AM,CÓRDOBA,MONTERÍA,ARROZ,FEDEARROZ 70,NO INDICA,TODA LA PLANTA,NO INDICA,UREA,NO INDICA,2.25,0.27,1.97,0.37,0.19,,0.24,533.51,11.75,395.23,27.5,10.46,CORDOBA,Arroz
"3,746",2019 Mar 06 12:00:00 AM,CÓRDOBA,MONTERÍA,ARROZ,FEDEARROZ 70,NO INDICA,TODA LA PLANTA,NO INDICA,UREA,NO INDICA,2.44,0.28,2.52,0.39,0.21,,0.24,963.01,13.92,537.4,30.44,9.23,CORDOBA,Arroz
"3,747",2019 Mar 06 12:00:00 AM,CÓRDOBA,MONTERÍA,ARROZ,FEDEARROZ 70,NO INDICA,TODA LA PLANTA,NO INDICA,UREA,NO INDICA,2.5,0.27,1.98,0.37,0.2,,0.26,550.18,12.47,406.83,28.51,12.31,CORDOBA,Arroz
"3,748",2019 Mar 06 12:00:00 AM,CÓRDOBA,MONTERÍA,ARROZ,FEDEARROZ 70,NO INDICA,TODA LA PLANTA,NO INDICA,UREA,NO INDICA,0.89,0.31,2.87,0.09,0.14,,0.21,448.96,13.23,421.91,43.73,8.92,CORDOBA,Arroz
"3,749",2019 Mar 06 12:00:00 AM,CÓRDOBA,MONTERÍA,ARROZ,FEDEARROZ 70,NO INDICA,TODA LA PLANTA,NO INDICA,UREA,NO INDICA,0.89,0.31,2.65,0.09,0.15,,0.19,596.65,13.55,411.34,47.89,9.85,CORDOBA,Arroz
"3,750",2019 Mar 06 12:00:00 AM,CÓRDOBA,MONTERÍA,ARROZ,FEDEARROZ 70,NO INDICA,TODA LA PLANTA,NO INDICA,UREA,NO INDICA,1.11,0.34,2.76,0.1,0.17,,0.19,334.4,12.56,219.89,49.02,10.77,CORDOBA,Arroz
"3,751",2019 Mar 06 12:00:00 AM,CÓRDOBA,MONTERÍA,ARROZ,FEDEARROZ 70,NO INDICA,TODA LA PLANTA,NO INDICA,UREA,NO INDICA,0.92,0.33,2.88,0.1,0.15,0.03,0.22,505.8,12.33,405.61,45.03,10.62,CORDOBA,Arroz
"3,752",2019 Mar 06 12:00:00 AM,CÓRDOBA,MONTERÍA,ARROZ,FEDEARROZ 70,NO INDICA,TODA LA PLANTA,NO INDICA,UREA,NO INDICA,1.0,0.37,3.01,0.1,0.19,,0.25,429.94,14.57,222.31,49.95,9.54,CORDOBA,Arroz
"3,753",2019 Mar 06 12:00:00 AM,CÓRDOBA,MONTERÍA,ARROZ,FEDEARROZ 70,NO INDICA,TODA LA PLANTA,NO INDICA,UREA,NO INDICA,0.92,0.35,2.88,0.1,0.19,,0.24,405.54,12.74,401.75,47.43,9.38,CORDOBA,Arroz
"3,754",2019 Mar 06 12:00:00 AM,CÓRDOBA,MONTERÍA,ARROZ,FEDEARROZ 70,NO INDICA,TODA LA PLANTA,NO INDICA,UREA,NO INDICA,0.84,0.36,2.8,0.09,0.16,,0.22,472.86,13.58,426.37,43.53,7.38,CORDOBA,Arroz
"3,755",2019 Mar 06 12:00:00 AM,CÓRDOBA,MONTERÍA,ARROZ,FEDEARROZ 70,NO INDICA,TODA LA PLANTA,NO INDICA,UREA,NO INDICA,0.93,0.35,3.17,0.08,0.16,,0.23,491.74,15.32,528.43,49.37,8.15,CORDOBA,Arroz
"3,756",2019 Mar 06 12:00:00 AM,CÓRDOBA,MONTERÍA,ARROZ,FEDEARROZ 70,NO INDICA,TODA LA PLANTA,NO INDICA,UREA,NO INDICA,1.01,0.36,3.27,0.09,0.15,,0.24,501.16,15.82,489.7,53.94,7.38,CORDOBA,Arroz
"3,790",2019 Mar 06 12:00:00 AM,CÓRDOBA,MONTERÍA,ARROZ,FEDEARROZ 70,NO INDICA,RAIZ,NO INDICA,UREA,NO INDICA,0.59,0.09,1.1,0.7,0.26,0.06,0.3,21082.89,65.56,328.62,125.35,20.34,CORDOBA,Arroz
"3,791",2019 Mar 06 12:00:00 AM,CÓRDOBA,MONTERÍA,ARROZ,FEDEARROZ 70,NO INDICA,RAIZ,NO INDICA,UREA,NO INDICA,0.58,0.18,1.13,0.31,0.21,0.05,0.19,21124.27,69.27,297.05,124.59,18.95,CORDOBA,Arroz
"3,792",2019 Mar 06 12:00:00 AM,CÓRDOBA,MONTERÍA,ARROZ,FEDEARROZ 70,NO INDICA,RAIZ,NO INDICA,UREA,NO INDICA,0.67,0.16,1.02,0.26,0.18,0.07,0.25,16706.34,77.46,315.76,123.11,16.33,CORDOBA,Arroz
"3,793",2019 Mar 06 12:00:00 AM,CÓRDOBA,MONTERÍA,ARROZ,FEDEARROZ 70,NO INDICA,RAIZ,NO INDICA,UREA,NO INDICA,0.53,0.19,1.16,0.27,0.17,0.07,0.19,21670.78,72.06,363.87,111.06,21.11,CORDOBA,Arroz
"3,794",2019 Mar 06 12:00:00 AM,CÓRDOBA,MONTERÍA,ARROZ,FEDEARROZ 70,NO INDICA,RAIZ,NO INDICA,UREA,NO INDICA,0.55,0.18,2.6,0.31,0.21,0.06,0.16,23979.64,62.68,352.52,125.64,16.17,CORDOBA,Arroz
"3,795",2019 Mar 06 12:00:00 AM,CÓRDOBA,MONTERÍA,ARROZ,FEDEARROZ 70,NO INDICA,RAIZ,NO INDICA,UREA,NO INDICA,0.53,0.18,2.45,0.36,0.26,0.06,0.14,31396.78,64.67,387.11,125.93,13.86,CORDOBA,Arroz
"3,796",2019 Mar 06 12:00:00 AM,CÓRDOBA,MONTERÍA,ARROZ,FEDEARROZ 70,NO INDICA,RAIZ,NO INDICA,UREA,NO INDICA,0.43,0.19,2.38,0.31,0.23,0.06,0.19,24202.94,69.4,357.74,124.19,20.34,CORDOBA,Arroz
"3,797",2019 Mar 06 12:00:00 AM,CÓRDOBA,MONTERÍA,ARROZ,FEDEARROZ 70,NO INDICA,RAIZ,NO INDICA,UREA,NO INDICA,0.55,0.17,2.09,0.32,0.22,0.05,0.17,20105.11,67.64,353.63,115.44,16.17,CORDOBA,Arroz
"3,798",2019 Mar 06 12:00:00 AM,CÓRDOBA,MONTERÍA,ARROZ,FEDEARROZ 70,NO INDICA,RAIZ,NO INDICA,UREA,NO INDICA,0.51,0.17,2.25,0.31,0.21,0.04,0.16,22151.64,69.03,369.7,118.89,15.25,CORDOBA,Arroz
"3,799",2019 Mar 06 12:00:00 AM,CÓRDOBA,MONTERÍA,ARROZ,FEDEARROZ 70,NO INDICA,HOJAS,NO INDICA,UREA,NO INDICA,1.82,0.18,2.57,0.49,0.07,,0.15,821.94,7.91,624.17,22.19,15.71,CORDOBA,Arroz
"3,800",2019 Mar 06 12:00:00 AM,CÓRDOBA,MONTERÍA,ARROZ,FEDEARROZ 70,NO INDICA,HOJAS,NO INDICA,UREA,NO INDICA,1.54,0.26,1.68,0.45,0.2,,0.13,698.56,6.71,612.12,23.14,16.63,CORDOBA,Arroz
"3,801",2019 Mar 06 12:00:00 AM,CÓRDOBA,MONTERÍA,ARROZ,FEDEARROZ 70,NO INDICA,HOJAS,NO INDICA,UREA,NO INDICA,1.7,0.24,1.64,0.53,0.21,,0.15,582.94,6.78,872.99,21.93,16.63,CORDOBA,Arroz
"3,802",2019 Mar 06 12:00:00 AM,CÓRDOBA,MONTERÍA,ARROZ,FEDEARROZ 70,NO INDICA,HOJAS,NO INDICA,UREA,NO INDICA,1.51,0.23,1.81,0.5,0.21,,0.13,407.22,5.75,1650.53,20.46,27.13,CORDOBA,Arroz
"3,803",2019 Mar 06 12:00:00 AM,CÓRDOBA,MONTERÍA,ARROZ,FEDEARROZ 70,NO INDICA,HOJAS,NO INDICA,UREA,NO INDICA,1.53,0.24,1.75,0.49,0.2,,0.12,751.06,5.8,1434.86,20.32,13.55,CORDOBA,Arroz
"3,804",2019 Mar 06 12:00:00 AM,CÓRDOBA,MONTERÍA,ARROZ,FEDEARROZ 70,NO INDICA,HOJAS,NO INDICA,UREA,NO INDICA,1.57,0.26,1.9,0.54,0.23,,0.14,568.15,6.9,1692.86,21.84,14.01,CORDOBA,Arroz
"3,805",2019 Mar 06 12:00:00 AM,CÓRDOBA,MONTERÍA,ARROZ,FEDEARROZ 70,NO INDICA,HOJAS,NO INDICA,UREA,NO INDICA,1.47,0.26,1.61,0.5,0.23,,0.14,583.8,6.39,727.78,23.81,15.4,CORDOBA,Arroz
"3,806",2019 Mar 06 12:00:00 AM,CÓRDOBA,MONTERÍA,ARROZ,FEDEARROZ 70,NO INDICA,HOJAS,NO INDICA,UREA,NO INDICA,1.86,0.23,1.64,0.49,0.21,,0.14,572.98,7.25,903.29,22.39,16.02,CORDOBA,Arroz
"3,807",2019 Mar 06 12:00:00 AM,CÓRDOBA,MONTERÍA,ARROZ,FEDEARROZ 70,NO INDICA,HOJAS,NO INDICA,UREA,NO INDICA,1.47,0.25,1.62,0.56,0.2,,0.13,438.23,5.67,1812.59,18.48,13.7,CORDOBA,Arroz
"3,808",2019 Mar 06 12:00:00 AM,CÓRDOBA,MONTERÍA,ARROZ,FEDEARROZ 70,NO INDICA,TALLOS,NO INDICA,UREA,NO INDICA,0.81,0.25,2.29,0.09,0.18,,0.12,375.8,10.81,529.36,52.55,5.68,CORDOBA,Arroz
"3,809",2019 Mar 06 12:00:00 AM,CÓRDOBA,MONTERÍA,ARROZ,FEDEARROZ 70,NO INDICA,TALLOS,NO INDICA,UREA,NO INDICA,0.61,0.21,2.26,0.08,0.16,,0.1,410.39,8.67,489.05,49.53,5.37,CORDOBA,Arroz
"3,810",2019 Mar 06 12:00:00 AM,CÓRDOBA,MONTERÍA,ARROZ,FEDEARROZ 70,NO INDICA,TALLOS,NO INDICA,UREA,NO INDICA,0.61,0.19,2.29,0.09,0.16,0.03,0.11,315.3,10.11,699.87,55.39,5.68,CORDOBA,Arroz
"3,811",2019 Mar 06 12:00:00 AM,CÓRDOBA,MONTERÍA,ARROZ,FEDEARROZ 70,NO INDICA,TALLOS,NO INDICA,UREA,NO INDICA,0.73,0.24,2.27,0.09,0.15,0.04,0.1,385.72,9.53,842.33,46.96,5.52,CORDOBA,Arroz
"3,812",2019 Mar 06 12:00:00 AM,CÓRDOBA,MONTERÍA,ARROZ,FEDEARROZ 70,NO INDICA,TALLOS,NO INDICA,UREA,NO INDICA,0.53,0.27,2.31,0.08,0.15,0.04,0.09,574.51,8.95,717.26,46.33,4.75,CORDOBA,Arroz
"3,813",2019 Mar 06 12:00:00 AM,CÓRDOBA,MONTERÍA,ARROZ,FEDEARROZ 70,NO INDICA,TALLOS,NO INDICA,UREA,NO INDICA,0.73,0.23,2.29,0.08,0.17,0.03,0.1,308.22,9.42,867.05,43.09,5.37,CORDOBA,Arroz
"3,814",2019 Mar 06 12:00:00 AM,CÓRDOBA,MONTERÍA,ARROZ,FEDEARROZ 70,NO INDICA,TALLOS,NO INDICA,UREA,NO INDICA,0.61,0.24,2.27,0.09,0.19,,0.1,511.08,10.26,474.01,43.74,5.06,CORDOBA,Arroz
"3,815",2019 Mar 06 12:00:00 AM,CÓRDOBA,MONTERÍA,ARROZ,FEDEARROZ 70,NO INDICA,TALLOS,NO INDICA,UREA,NO INDICA,0.63,0.23,2.49,0.1,0.19,,0.11,634.84,14.04,626.14,51.2,5.22,CORDOBA,Arroz
"3,816",2019 Mar 06 12:00:00 AM,CÓRDOBA,MONTERÍA,ARROZ,FEDEARROZ 70,NO INDICA,TALLOS,NO INDICA,UREA,NO INDICA,0.55,0.23,2.39,0.09,0.17,,0.1,402.08,11.39,732.8,47.26,5.06,CORDOBA,Arroz
"3,817",2019 Mar 06 12:00:00 AM,CÓRDOBA,MONTERÍA,ARROZ,FEDEARROZ 70,NO INDICA,PANÍCULAS,NO INDICA,UREA,NO INDICA,0.97,0.29,0.75,0.08,0.11,,0.09,432.27,6.87,247.3,30.06,11.54,CORDOBA,Arroz
"3,818",2019 Mar 06 12:00:00 AM,CÓRDOBA,MONTERÍA,ARROZ,FEDEARROZ 70,NO INDICA,PANÍCULAS,NO INDICA,UREA,NO INDICA,0.93,0.18,0.71,0.06,0.1,,0.07,189.72,5.38,185.67,23.23,11.54,CORDOBA,Arroz
"3,819",2019 Mar 06 12:00:00 AM,CÓRDOBA,MONTERÍA,ARROZ,FEDEARROZ 70,NO INDICA,PANÍCULAS,NO INDICA,UREA,NO INDICA,1.12,0.15,0.78,0.08,0.12,,0.09,358.63,6.33,280.28,30.26,12.47,CORDOBA,Arroz
"3,820",2019 Mar 06 12:00:00 AM,CÓRDOBA,MONTERÍA,ARROZ,FEDEARROZ 70,NO INDICA,PANÍCULAS,NO INDICA,UREA,NO INDICA,1.07,0.16,0.85,0.07,0.13,,0.08,422.25,5.71,354.37,27.14,9.69,CORDOBA,Arroz
"3,821",2019 Mar 06 12:00:00 AM,CÓRDOBA,MONTERÍA,ARROZ,FEDEARROZ 70,NO INDICA,PANÍCULAS,NO INDICA,UREA,NO INDICA,1.03,0.15,0.7,0.07,0.13,,0.08,867.48,6.07,333.98,26.61,6.45,CORDOBA,Arroz
"3,822",2019 Mar 06 12:00:00 AM,CÓRDOBA,MONTERÍA,ARROZ,FEDEARROZ 70,NO INDICA,PANÍCULAS,NO INDICA,UREA,NO INDICA,0.92,0.18,0.72,0.07,0.11,,0.08,162.15,5.98,428.56,28.1,9.38,CORDOBA,Arroz
"3,823",2019 Mar 06 12:00:00 AM,CÓRDOBA,MONTERÍA,ARROZ,FEDEARROZ 70,NO INDICA,PANÍCULAS,NO INDICA,UREA,NO INDICA,1.0,0.23,0.67,0.06,0.09,,0.08,125.12,5.41,209.44,24.39,9.07,CORDOBA,Arroz
"3,824",2019 Mar 06 12:00:00 AM,CÓRDOBA,MONTERÍA,ARROZ,FEDEARROZ 70,NO INDICA,PANÍCULAS,NO INDICA,UREA,NO INDICA,1.07,0.34,0.71,0.06,0.09,,0.08,175.73,5.87,296.89,24.91,12.01,CORDOBA,Arroz
"3,825",2019 Mar 06 12:00:00 AM,CÓRDOBA,MONTERÍA,ARROZ,FEDEARROZ 70,NO INDICA,PANÍCULAS,NO INDICA,UREA,NO INDICA,1.09,0.51,0.71,0.06,0.08,,0.08,196.81,5.85,353.06,24.37,7.53,CORDOBA,Arroz
"3,911",2019 Mar 20 12:00:00 AM,MAGDALENA,SANTA MARTA,MANGO,AZUCAR,NO INDICA,HOJAS,NO INDICA,NO INDICA,BUENO,1.64,0.08,2.04,1.2,0.11,,0.11,59.07,11.02,144.39,8.48,18.66,MAGDALENA,Mango
"3,912",2019 Mar 20 12:00:00 AM,MAGDALENA,SANTA MARTA,MANGO,AZUCAR,NO INDICA,HOJAS,NO INDICA,NO INDICA,BUENO,1.94,0.1,1.98,0.93,0.13,,0.12,58.04,2.97,114.42,9.59,14.91,MAGDALENA,Mango
"3,913",2019 Mar 20 12:00:00 AM,MAGDALENA,SANTA MARTA,MANGO,AZUCAR,NO INDICA,HOJAS,NO INDICA,NO INDICA,BUENO,1.61,0.12,1.84,1.03,0.23,,0.12,183.08,3.52,77.22,10.62,49.43,MAGDALENA,Mango
"3,914",2019 Mar 20 12:00:00 AM,MAGDALENA,SANTA MARTA,MANGO,AZUCAR,NO INDICA,HOJAS,NO INDICA,NO INDICA,BUENO,1.66,0.08,1.76,1.15,0.11,,0.12,67.76,32.0,266.16,15.2,38.62,MAGDALENA,Mango
"3,915",2019 Mar 20 12:00:00 AM,MAGDALENA,SANTA MARTA,MANGO,AZUCAR,NO INDICA,HOJAS,NO INDICA,NO INDICA,BUENO,1.27,0.09,1.62,1.36,0.11,,0.12,69.23,54.79,148.0,18.7,28.42,MAGDALENA,Mango
"3,916",2019 Mar 20 12:00:00 AM,MAGDALENA,SANTA MARTA,MANGO,AZUCAR,NO INDICA,HOJAS,NO INDICA,NO INDICA,BUENO,1.45,0.08,1.54,1.21,0.1,,0.11,66.64,37.3,213.46,8.29,19.11,MAGDALENA,Mango
"3,917",2019 Mar 20 12:00:00 AM,MAGDALENA,SANTA MARTA,MANGO,AZUCAR,NO INDICA,HOJAS,NO INDICA,NO INDICA,BUENO,1.49,0.1,2.33,1.44,0.14,,0.14,70.02,170.51,171.11,44.04,15.21,MAGDALENA,Mango
"3,918",2019 Mar 20 12:00:00 AM,MAGDALENA,SANTA MARTA,MANGO,AZUCAR,NO INDICA,HOJAS,NO INDICA,NO INDICA,BUENO,1.52,0.1,2.26,1.62,0.09,,0.14,68.29,169.27,184.52,46.38,23.92,MAGDALENA,Mango
"3,919",2019 Mar 20 12:00:00 AM,MAGDALENA,SANTA MARTA,MANGO,AZUCAR,NO INDICA,HOJAS,NO INDICA,NO INDICA,BUENO,1.71,0.09,2.17,0.73,0.22,,0.1,104.37,2.73,50.5,8.75,65.49,MAGDALENA,Mango
"3,920",2019 Mar 20 12:00:00 AM,MAGDALENA,SANTA MARTA,MANGO,AZUCAR,NO INDICA,HOJAS,NO INDICA,NO INDICA,BUENO,1.68,0.1,2.08,0.94,0.16,,0.12,137.79,533.61,35.55,100.85,107.74,MAGDALENA,Mango
"3,921",2019 Mar 20 12:00:00 AM,MAGDALENA,SANTA MARTA,MANGO,AZUCAR,NO INDICA,HOJAS,NO INDICA,NO INDICA,BUENO,1.71,0.1,1.98,0.73,0.19,,0.12,91.58,22.78,34.5,12.59,75.4,MAGDALENA,Mango
"3,922",2019 Mar 20 12:00:00 AM,MAGDALENA,SANTA MARTA,MANGO,AZUCAR,NO INDICA,HOJAS,NO INDICA,NO INDICA,BUENO,1.46,0.1,1.81,1.09,0.14,,0.11,78.58,63.65,55.72,18.65,61.74,MAGDALENA,Mango
"3,923",2019 Mar 20 12:00:00 AM,MAGDALENA,SANTA MARTA,MANGO,AZUCAR,NO INDICA,HOJAS,NO INDICA,NO INDICA,BUENO,1.3,0.1,1.85,0.84,0.12,,0.09,53.57,5.54,114.42,12.63,40.88,MAGDALENA,Mango
"3,924",2019 Mar 20 12:00:00 AM,MAGDALENA,SANTA MARTA,MANGO,AZUCAR,NO INDICA,HOJAS,NO INDICA,NO INDICA,BUENO,1.49,0.1,1.71,1.15,0.1,,0.11,74.33,3.26,124.8,9.14,69.54,MAGDALENA,Mango
"3,925",2019 Mar 20 12:00:00 AM,MAGDALENA,SANTA MARTA,MANGO,AZUCAR,NO INDICA,HOJAS,NO INDICA,NO INDICA,BUENO,1.53,0.11,1.66,0.99,0.16,,0.11,88.9,3.3,130.65,11.13,63.84,MAGDALENA,Mango
"3,926",2019 Mar 20 12:00:00 AM,MAGDALENA,SANTA MARTA,MANGO,AZUCAR,NO INDICA,HOJAS,NO INDICA,NO INDICA,BUENO,1.35,0.1,0.58,0.85,0.13,,0.1,67.04,5.25,169.0,10.5,57.24,MAGDALENA,Mango
"3,927",2019 Mar 20 12:00:00 AM,MAGDALENA,SANTA MARTA,MANGO,AZUCAR,NO INDICA,HOJAS,NO INDICA,NO INDICA,BUENO,1.34,0.1,0.55,1.55,0.18,,0.13,61.99,3.68,251.55,11.22,55.13,MAGDALENA,Mango
"3,928",2019 Mar 20 12:00:00 AM,MAGDALENA,SANTA MARTA,MANGO,AZUCAR,NO INDICA,HOJAS,NO INDICA,NO INDICA,BUENO,1.48,0.1,0.4,1.39,0.16,,0.13,61.21,1.84,95.95,12.56,91.37,MAGDALENA,Mango
"3,929",2019 Mar 20 12:00:00 AM,MAGDALENA,SANTA MARTA,MANGO,AZUCAR,NO INDICA,HOJAS,NO INDICA,NO INDICA,BUENO,1.45,0.11,0.34,1.05,0.11,,0.12,46.83,242.72,112.55,62.91,54.98,MAGDALENA,Mango
"3,930",2019 Mar 20 12:00:00 AM,MAGDALENA,SANTA MARTA,MANGO,AZUCAR,NO INDICA,HOJAS,NO INDICA,NO INDICA,BUENO,1.37,0.08,0.67,1.13,0.18,,0.11,75.66,5.2,121.07,14.71,42.68,MAGDALENA,Mango
"3,931",2019 Mar 20 12:00:00 AM,MAGDALENA,SANTA MARTA,MANGO,AZUCAR,NO INDICA,HOJAS,NO INDICA,NO INDICA,BUENO,1.38,0.09,0.64,1.24,0.21,,0.12,81.48,7.17,105.55,10.86,54.68,MAGDALENA,Mango
"3,932",2019 Mar 20 12:00:00 AM,MAGDALENA,SANTA MARTA,MANGO,AZUCAR,NO INDICA,HOJAS,NO INDICA,NO INDICA,BUENO,1.43,0.11,0.34,1.12,0.13,,0.11,61.3,91.9,124.12,31.59,70.74,MAGDALENA,Mango
"3,933",2019 Mar 20 12:00:00 AM,MAGDALENA,SANTA MARTA,MANGO,AZUCAR,NO INDICA,HOJAS,NO INDICA,NO INDICA,BUENO,1.31,0.11,0.56,1.18,0.21,,0.11,89.4,5.5,98.65,11.25,57.54,MAGDALENA,Mango
"3,934",2019 Mar 20 12:00:00 AM,MAGDALENA,SANTA MARTA,MANGO,AZUCAR,NO INDICA,HOJAS,NO INDICA,NO INDICA,BUENO,1.3,0.1,0.6,1.24,0.17,,0.11,85.92,4.19,165.8,13.62,66.24,MAGDALENA,Mango
"3,935",2019 Mar 20 12:00:00 AM,MAGDALENA,SANTA MARTA,MANGO,AZUCAR,NO INDICA,HOJAS,NO INDICA,NO INDICA,BUENO,1.33,0.13,0.71,0.34,0.12,,0.1,75.61,2.23,38.73,15.02,13.56,MAGDALENA,Mango
"3,936",2019 Mar 20 12:00:00 AM,MAGDALENA,SANTA MARTA,MANGO,AZUCAR,NO INDICA,HOJAS,NO INDICA,NO INDICA,BUENO,1.37,0.13,0.72,0.17,0.1,,0.08,87.34,,22.95,11.75,15.36,MAGDALENA,Mango
"3,937",2019 Mar 20 12:00:00 AM,MAGDALENA,SANTA MARTA,MANGO,AZUCAR,NO INDICA,HOJAS,NO INDICA,NO INDICA,BUENO,1.57,0.15,0.83,0.31,0.14,,0.1,244.61,4.65,20.48,16.44,14.01,MAGDALENA,Mango
"3,938",2019 Mar 20 12:00:00 AM,MAGDALENA,SANTA MARTA,MANGO,AZUCAR,NO INDICA,HOJAS,NO INDICA,NO INDICA,BUENO,1.75,0.13,0.72,0.24,0.09,,0.1,78.29,,26.89,12.27,14.46,MAGDALENA,Mango
"3,939",2019 Mar 20 12:00:00 AM,MAGDALENA,SANTA MARTA,MANGO,AZUCAR,NO INDICA,HOJAS,NO INDICA,NO INDICA,BUENO,1.61,0.15,0.79,0.24,0.11,,0.1,91.09,,91.41,19.15,16.26,MAGDALENA,Mango
"3,940",2019 Mar 20 12:00:00 AM,MAGDALENA,SANTA MARTA,MANGO,AZUCAR,NO INDICA,HOJAS,NO INDICA,NO INDICA,BUENO,1.57,0.16,1.0,0.37,0.11,,0.09,168.29,2.58,42.43,16.54,13.86,MAGDALENA,Mango
"3,941",2019 Mar 20 12:00:00 AM,MAGDALENA,SANTA MARTA,MANGO,AZUCAR,NO INDICA,HOJAS,NO INDICA,NO INDICA,BUENO,1.43,0.14,0.83,0.22,0.09,,0.1,153.29,3.37,33.96,13.66,15.51,MAGDALENA,Mango
"3,942",2019 Mar 20 12:00:00 AM,MAGDALENA,SANTA MARTA,MANGO,AZUCAR,NO INDICA,HOJAS,NO INDICA,NO INDICA,BUENO,1.53,0.13,0.84,0.46,0.11,,0.09,180.27,3.58,44.46,23.3,14.46,MAGDALENA,Mango
"3,943",2019 Mar 20 12:00:00 AM,MAGDALENA,SANTA MARTA,MANGO,AZUCAR,NO INDICA,HOJAS,NO INDICA,NO INDICA,BUENO,1.6,0.13,0.82,0.32,0.1,,0.1,258.48,4.45,34.07,12.54,19.56,MAGDALENA,Mango
"3,944",2019 Mar 20 12:00:00 AM,MAGDALENA,SANTA MARTA,MANGO,AZUCAR,NO INDICA,HOJAS,NO INDICA,NO INDICA,BUENO,1.42,0.15,0.8,0.19,0.15,,0.09,143.38,,19.58,12.05,21.96,MAGDALENA,Mango
"3,945",2019 Mar 20 12:00:00 AM,MAGDALENA,SANTA MARTA,MANGO,AZUCAR,NO INDICA,HOJAS,NO INDICA,NO INDICA,BUENO,1.83,0.12,0.92,0.2,0.12,,0.1,211.24,5.53,12.84,14.05,15.06,MAGDALENA,Mango
"3,946",2019 Mar 20 12:00:00 AM,MAGDALENA,SANTA MARTA,MANGO,AZUCAR,NO INDICA,HOJAS,NO INDICA,NO INDICA,BUENO,1.46,0.12,0.75,0.16,0.12,,0.09,193.47,5.17,11.9,13.13,16.11,MAGDALENA,Mango
"3,947",2019 Mar 20 12:00:00 AM,MAGDALENA,SANTA MARTA,MANGO,AZUCAR,NO INDICA,HOJAS,NO INDICA,NO INDICA,BUENO,1.53,0.17,0.9,0.36,0.12,,0.1,58.29,7.87,41.62,23.2,14.46,MAGDALENA,Mango
"3,948",2019 Mar 20 12:00:00 AM,MAGDALENA,SANTA MARTA,MANGO,AZUCAR,NO INDICA,HOJAS,NO INDICA,NO INDICA,BUENO,1.45,0.15,0.85,0.49,0.14,,0.1,40.87,6.4,38.34,15.61,17.16,MAGDALENA,Mango
"3,949",2019 Mar 20 12:00:00 AM,MAGDALENA,SANTA MARTA,MANGO,AZUCAR,NO INDICA,HOJAS,NO INDICA,NO INDICA,BUENO,1.58,0.21,0.95,0.33,0.1,,0.12,38.13,3.18,51.56,15.18,17.31,MAGDALENA,Mango
"3,950",2019 Mar 20 12:00:00 AM,MAGDALENA,SANTA MARTA,MANGO,AZUCAR,NO INDICA,HOJAS,NO INDICA,NO INDICA,BUENO,1.61,0.17,0.84,0.29,0.12,,0.11,49.61,8.82,72.13,21.87,18.36,MAGDALENA,Mango
"3,951",2019 Mar 20 12:00:00 AM,MAGDALENA,SANTA MARTA,MANGO,AZUCAR,NO INDICA,HOJAS,NO INDICA,NO INDICA,BUENO,1.49,0.17,0.73,0.42,0.12,,0.11,78.42,3.81,56.4,19.87,16.41,MAGDALENA,Mango
"3,952",2019 Mar 20 12:00:00 AM,MAGDALENA,SANTA MARTA,MANGO,AZUCAR,NO INDICA,HOJAS,NO INDICA,NO INDICA,BUENO,1.65,0.15,0.8,0.27,0.08,,0.09,83.0,1.71,45.63,18.95,17.16,MAGDALENA,Mango
"3,953",2019 Mar 20 12:00:00 AM,MAGDALENA,SANTA MARTA,MANGO,AZUCAR,NO INDICA,HOJAS,NO INDICA,NO INDICA,BUENO,1.54,0.17,0.79,0.35,0.09,,0.1,88.34,3.73,32.05,16.35,18.51,MAGDALENA,Mango
"3,954",2019 Mar 20 12:00:00 AM,MAGDALENA,SANTA MARTA,MANGO,AZUCAR,NO INDICA,HOJAS,NO INDICA,NO INDICA,BUENO,1.79,0.19,0.78,0.37,0.12,,0.1,75.7,1.8,75.83,22.87,19.56,MAGDALENA,Mango
"3,955",2019 Mar 20 12:00:00 AM,MAGDALENA,SANTA MARTA,MANGO,AZUCAR,NO INDICA,HOJAS,NO INDICA,NO INDICA,BUENO,1.45,0.18,0.81,0.49,0.14,,0.11,79.15,6.81,40.15,16.83,18.36,MAGDALENA,Mango
"3,956",2019 Mar 20 12:00:00 AM,MAGDALENA,SANTA MARTA,MANGO,AZUCAR,NO INDICA,HOJAS,NO INDICA,NO INDICA,BUENO,1.68,0.19,0.93,0.54,0.16,,0.12,61.01,10.1,28.97,21.78,19.86,MAGDALENA,Mango
"3,957",2019 Mar 20 12:00:00 AM,MAGDALENA,SANTA MARTA,MANGO,AZUCAR,NO INDICA,HOJAS,NO INDICA,NO INDICA,BUENO,1.58,0.19,0.87,0.56,0.17,,0.13,63.67,9.61,39.37,21.61,20.01,MAGDALENA,Mango
"3,958",2019 Mar 20 12:00:00 AM,MAGDALENA,SANTA MARTA,MANGO,AZUCAR,NO INDICA,HOJAS,NO INDICA,NO INDICA,BUENO,1.5,0.19,0.79,0.45,0.14,,0.12,56.41,7.65,32.76,16.35,18.21,MAGDALENA,Mango
"4,071",2019 Apr 30 12:00:00 AM,MAGDALENA,SANTA MARTA,MANGO,AZUCAR,NO INDICA,HOJAS,NO INDICA,NO INDICA,BUENO,1.88,0.13,0.54,2.99,0.21,,0.19,45.76,3.04,208.7,15.93,9.97,MAGDALENA,Mango
"4,072",2019 Apr 30 12:00:00 AM,MAGDALENA,SANTA MARTA,MANGO,AZUCAR,NO INDICA,HOJAS,NO INDICA,NO INDICA,BUENO,1.83,0.14,0.75,2.22,0.23,,0.17,53.71,2.08,137.48,12.26,16.89,MAGDALENA,Mango
"4,073",2019 Apr 30 12:00:00 AM,MAGDALENA,SANTA MARTA,MANGO,AZUCAR,NO INDICA,HOJAS,NO INDICA,NO INDICA,BUENO,1.64,0.14,0.58,2.49,0.26,,0.18,44.1,2.47,203.14,17.31,19.56,MAGDALENA,Mango
"4,074",2019 Apr 30 12:00:00 AM,MAGDALENA,SANTA MARTA,MANGO,AZUCAR,NO INDICA,HOJAS,NO INDICA,NO INDICA,BUENO,1.37,0.12,0.53,3.03,0.18,,0.21,67.01,2.89,236.65,18.34,15.78,MAGDALENA,Mango
"4,075",2019 Apr 30 12:00:00 AM,MAGDALENA,SANTA MARTA,MANGO,AZUCAR,NO INDICA,HOJAS,NO INDICA,NO INDICA,BUENO,1.69,0.13,0.55,2.62,0.19,,0.21,98.94,45.87,174.17,11.28,24.9,MAGDALENA,Mango
"4,076",2019 Apr 30 12:00:00 AM,MAGDALENA,SANTA MARTA,MANGO,AZUCAR,NO INDICA,HOJAS,NO INDICA,NO INDICA,BUENO,1.56,0.13,0.67,2.16,0.21,,0.19,78.95,45.02,231.01,10.57,16.41,MAGDALENA,Mango
"4,077",2019 Apr 30 12:00:00 AM,MAGDALENA,SANTA MARTA,MANGO,AZUCAR,NO INDICA,HOJAS,NO INDICA,NO INDICA,BUENO,1.37,0.13,0.69,2.87,0.19,,0.19,40.88,10.27,213.4,9.55,21.13,MAGDALENA,Mango
"4,078",2019 Apr 30 12:00:00 AM,MAGDALENA,SANTA MARTA,MANGO,AZUCAR,NO INDICA,HOJAS,NO INDICA,NO INDICA,BUENO,1.45,0.14,0.89,2.92,0.22,,0.19,51.49,54.47,177.52,9.78,21.29,MAGDALENA,Mango
"4,079",2019 Apr 30 12:00:00 AM,MAGDALENA,SANTA MARTA,MANGO,AZUCAR,NO INDICA,HOJAS,NO INDICA,NO INDICA,BUENO,1.64,0.16,0.7,1.51,0.39,,0.16,70.99,2.37,60.83,6.6,78.99,MAGDALENA,Mango
"4,080",2019 Apr 30 12:00:00 AM,MAGDALENA,SANTA MARTA,MANGO,AZUCAR,NO INDICA,HOJAS,NO INDICA,NO INDICA,BUENO,1.64,0.13,0.52,1.86,0.33,,0.17,59.69,11.25,52.37,9.92,121.48,MAGDALENA,Mango
"4,081",2019 Apr 30 12:00:00 AM,MAGDALENA,SANTA MARTA,MANGO,AZUCAR,NO INDICA,HOJAS,NO INDICA,NO INDICA,BUENO,1.64,0.17,1.06,2.24,0.33,,0.18,55.63,5.8,37.66,8.97,73.48,MAGDALENA,Mango
"4,082",2019 Apr 30 12:00:00 AM,MAGDALENA,SANTA MARTA,MANGO,AZUCAR,NO INDICA,HOJAS,NO INDICA,NO INDICA,BUENO,1.41,0.13,0.6,2.26,0.25,,0.18,74.17,7.52,123.41,11.1,55.09,MAGDALENA,Mango
"4,083",2019 Apr 30 12:00:00 AM,MAGDALENA,SANTA MARTA,MANGO,AZUCAR,NO INDICA,HOJAS,NO INDICA,NO INDICA,BUENO,1.53,0.19,0.96,1.72,0.19,,0.15,24.43,5.9,109.45,13.62,33.24,MAGDALENA,Mango
"4,084",2019 Apr 30 12:00:00 AM,MAGDALENA,SANTA MARTA,MANGO,AZUCAR,NO INDICA,HOJAS,NO INDICA,NO INDICA,BUENO,1.64,0.16,0.73,1.54,0.21,,0.16,28.22,4.76,97.8,10.54,48.64,MAGDALENA,Mango
"4,085",2019 Apr 30 12:00:00 AM,MAGDALENA,SANTA MARTA,MANGO,AZUCAR,NO INDICA,HOJAS,NO INDICA,NO INDICA,BUENO,1.46,0.15,0.74,2.26,0.21,,0.16,35.73,3.03,241.25,9.72,74.9,MAGDALENA,Mango
"4,086",2019 Apr 30 12:00:00 AM,MAGDALENA,SANTA MARTA,MANGO,AZUCAR,NO INDICA,HOJAS,NO INDICA,NO INDICA,BUENO,1.58,0.15,1.09,1.64,0.18,,0.16,30.07,7.36,211.63,11.19,62.95,MAGDALENA,Mango
"4,087",2019 Apr 30 12:00:00 AM,MAGDALENA,SANTA MARTA,MANGO,AZUCAR,NO INDICA,HOJAS,NO INDICA,NO INDICA,BUENO,1.33,0.12,0.75,2.97,0.22,,0.19,36.22,3.79,380.81,12.2,91.88,MAGDALENA,Mango
"4,088",2019 Apr 30 12:00:00 AM,MAGDALENA,SANTA MARTA,MANGO,AZUCAR,NO INDICA,HOJAS,NO INDICA,NO INDICA,BUENO,1.43,0.1,0.64,2.73,0.24,,0.19,46.26,2.8,151.62,11.78,21.92,MAGDALENA,Mango
"4,089",2019 Apr 30 12:00:00 AM,MAGDALENA,SANTA MARTA,MANGO,AZUCAR,NO INDICA,HOJAS,NO INDICA,NO INDICA,BUENO,1.48,0.15,0.74,2.52,0.16,,0.18,33.22,2.52,180.42,9.52,84.31,MAGDALENA,Mango
"4,090",2019 Apr 30 12:00:00 AM,MAGDALENA,SANTA MARTA,MANGO,AZUCAR,NO INDICA,HOJAS,NO INDICA,NO INDICA,BUENO,1.53,0.16,0.7,1.8,0.18,,0.16,34.48,1.9,241.68,12.99,56.98,MAGDALENA,Mango
"4,091",2019 Apr 30 12:00:00 AM,MAGDALENA,SANTA MARTA,MANGO,AZUCAR,NO INDICA,HOJAS,NO INDICA,NO INDICA,BUENO,1.25,0.16,0.92,1.96,0.23,,0.16,37.5,4.82,188.3,13.21,52.57,MAGDALENA,Mango
"4,092",2019 Apr 30 12:00:00 AM,MAGDALENA,SANTA MARTA,MANGO,AZUCAR,NO INDICA,HOJAS,NO INDICA,NO INDICA,BUENO,1.35,0.15,0.83,2.14,0.25,,0.17,41.1,5.41,111.3,12.3,92.17,MAGDALENA,Mango
"4,093",2019 Apr 30 12:00:00 AM,MAGDALENA,SANTA MARTA,MANGO,AZUCAR,NO INDICA,HOJAS,NO INDICA,NO INDICA,BUENO,1.3,0.16,0.9,2.6,0.31,,0.18,38.33,5.1,163.32,12.43,85.09,MAGDALENA,Mango
"4,094",2019 Apr 30 12:00:00 AM,MAGDALENA,SANTA MARTA,MANGO,AZUCAR,NO INDICA,FRUTO,NO INDICA,NO INDICA,BUENO,0.72,0.07,1.17,0.28,0.08,,0.06,14.91,,8.82,5.73,6.35,MAGDALENA,Mango
"4,095",2019 Apr 30 12:00:00 AM,MAGDALENA,SANTA MARTA,MANGO,AZUCAR,NO INDICA,FRUTO,NO INDICA,NO INDICA,BUENO,0.95,0.09,0.98,0.15,0.09,,0.06,11.91,,,7.8,8.08,MAGDALENA,Mango
"4,096",2019 Apr 30 12:00:00 AM,MAGDALENA,SANTA MARTA,MANGO,AZUCAR,NO INDICA,FRUTO,NO INDICA,NO INDICA,BUENO,0.91,0.09,0.93,0.14,0.08,,0.07,35.11,,,6.29,7.92,MAGDALENA,Mango
"4,097",2019 Apr 30 12:00:00 AM,MAGDALENA,SANTA MARTA,MANGO,AZUCAR,NO INDICA,FRUTO,NO INDICA,NO INDICA,BUENO,0.84,0.09,1.23,0.24,0.08,,0.07,11.0,2.39,5.8,5.44,7.77,MAGDALENA,Mango
"4,098",2019 Apr 30 12:00:00 AM,MAGDALENA,SANTA MARTA,MANGO,AZUCAR,NO INDICA,FRUTO,NO INDICA,NO INDICA,BUENO,0.74,0.07,0.93,0.15,0.08,,0.06,12.95,3.13,5.36,5.35,3.36,MAGDALENA,Mango
"4,099",2019 Apr 30 12:00:00 AM,MAGDALENA,SANTA MARTA,MANGO,AZUCAR,NO INDICA,FRUTO,NO INDICA,NO INDICA,BUENO,0.84,0.07,0.98,0.29,0.09,,0.06,10.28,,5.52,5.62,6.82,MAGDALENA,Mango
"4,100",2019 Apr 30 12:00:00 AM,MAGDALENA,SANTA MARTA,MANGO,AZUCAR,NO INDICA,FRUTO,NO INDICA,NO INDICA,BUENO,0.65,0.07,1.04,0.23,0.09,,0.05,11.82,2.79,,4.37,6.19,MAGDALENA,Mango
"4,101",2019 Apr 30 12:00:00 AM,MAGDALENA,SANTA MARTA,MANGO,AZUCAR,NO INDICA,FRUTO,NO INDICA,NO INDICA,BUENO,1.03,0.13,1.17,0.2,0.15,,0.07,19.22,,5.07,5.24,10.75,MAGDALENA,Mango
"4,102",2019 Apr 30 12:00:00 AM,MAGDALENA,SANTA MARTA,MANGO,AZUCAR,NO INDICA,FRUTO,NO INDICA,NO INDICA,BUENO,0.89,0.08,1.19,0.19,0.14,,0.06,15.06,2.13,5.85,6.54,11.23,MAGDALENA,Mango
"4,103",2019 Apr 30 12:00:00 AM,MAGDALENA,SANTA MARTA,MANGO,AZUCAR,NO INDICA,FRUTO,NO INDICA,NO INDICA,BUENO,0.81,0.12,1.2,0.18,0.13,,0.07,30.55,4.09,,6.97,11.54,MAGDALENA,Mango
"4,104",2019 Apr 30 12:00:00 AM,MAGDALENA,SANTA MARTA,MANGO,AZUCAR,NO INDICA,FRUTO,NO INDICA,NO INDICA,BUENO,0.69,0.09,0.9,0.21,0.1,,0.06,14.66,4.49,,4.95,10.44,MAGDALENA,Mango
"4,105",2019 Apr 30 12:00:00 AM,MAGDALENA,SANTA MARTA,MANGO,AZUCAR,NO INDICA,FRUTO,NO INDICA,NO INDICA,BUENO,0.74,0.09,1.26,0.22,0.11,,0.06,16.26,4.86,8.78,7.64,13.43,MAGDALENA,Mango
"4,106",2019 Apr 30 12:00:00 AM,MAGDALENA,SANTA MARTA,MANGO,AZUCAR,NO INDICA,FRUTO,NO INDICA,NO INDICA,BUENO,0.81,0.08,1.08,0.21,0.11,,0.06,13.38,3.77,5.88,6.28,12.48,MAGDALENA,Mango
"4,107",2019 Apr 30 12:00:00 AM,MAGDALENA,SANTA MARTA,MANGO,AZUCAR,NO INDICA,FRUTO,NO INDICA,NO INDICA,BUENO,0.85,0.09,1.02,0.23,0.12,,0.06,12.37,3.01,12.24,7.4,10.75,MAGDALENA,Mango
"4,108",2019 Apr 30 12:00:00 AM,MAGDALENA,SANTA MARTA,MANGO,AZUCAR,NO INDICA,FRUTO,NO INDICA,NO INDICA,BUENO,0.74,0.08,1.03,0.21,0.09,,0.05,14.89,5.21,13.56,7.28,12.33,MAGDALENA,Mango
"4,109",2019 Apr 30 12:00:00 AM,MAGDALENA,SANTA MARTA,MANGO,AZUCAR,NO INDICA,FRUTO,NO INDICA,NO INDICA,BUENO,0.61,0.07,0.91,0.25,0.11,,0.06,14.23,3.69,15.49,6.64,13.27,MAGDALENA,Mango
"4,110",2019 Apr 30 12:00:00 AM,MAGDALENA,SANTA MARTA,MANGO,AZUCAR,NO INDICA,FRUTO,NO INDICA,NO INDICA,BUENO,0.64,0.06,0.92,0.18,0.1,,0.05,11.43,,,4.48,9.18,MAGDALENA,Mango
"4,111",2019 Apr 30 12:00:00 AM,MAGDALENA,SANTA MARTA,MANGO,AZUCAR,NO INDICA,FRUTO,NO INDICA,NO INDICA,BUENO,0.7,0.08,0.91,0.21,0.09,,0.05,12.71,1.87,7.14,5.49,10.44,MAGDALENA,Mango
"4,112",2019 Apr 30 12:00:00 AM,MAGDALENA,SANTA MARTA,MANGO,AZUCAR,NO INDICA,FRUTO,NO INDICA,NO INDICA,BUENO,0.79,0.07,0.84,0.31,0.09,,0.05,11.2,,27.19,5.99,12.48,MAGDALENA,Mango
"4,113",2019 Apr 30 12:00:00 AM,MAGDALENA,SANTA MARTA,MANGO,AZUCAR,NO INDICA,FRUTO,NO INDICA,NO INDICA,BUENO,0.64,0.08,1.16,0.24,0.11,,0.06,12.43,3.24,6.12,6.52,10.44,MAGDALENA,Mango
"4,114",2019 Apr 30 12:00:00 AM,MAGDALENA,SANTA MARTA,MANGO,AZUCAR,NO INDICA,FRUTO,NO INDICA,NO INDICA,BUENO,0.72,0.08,0.98,0.26,0.11,,0.06,13.69,5.6,,6.44,13.74,MAGDALENA,Mango
"4,115",2019 Apr 30 12:00:00 AM,MAGDALENA,SANTA MARTA,MANGO,AZUCAR,NO INDICA,FRUTO,NO INDICA,NO INDICA,BUENO,0.55,0.08,0.96,0.28,0.09,,0.06,12.89,4.76,,6.22,11.7,MAGDALENA,Mango
"4,268",2019 May 07 12:00:00 AM,MAGDALENA,CIÉNAGA,MANGO,AZÙCAR,NO INDICA,FRUTO,NO INDICA,NO INDICA,BUENO,0.81,0.12,0.51,0.19,0.09,,0.07,20.02,2.05,15.7,6.42,8.55,MAGDALENA,Mango
"4,269",2019 May 07 12:00:00 AM,MAGDALENA,CIÉNAGA,MANGO,AZÙCAR,NO INDICA,FRUTO,NO INDICA,NO INDICA,BUENO,0.79,0.14,0.7,0.2,0.07,,0.07,16.6,3.52,12.18,5.7,12.48,MAGDALENA,Mango
"4,270",2019 May 07 12:00:00 AM,MAGDALENA,CIÉNAGA,MANGO,AZÙCAR,NO INDICA,HOJAS,NO INDICA,NO INDICA,BUENO,1.29,0.13,0.58,0.53,0.22,,0.17,29.63,3.85,177.11,9.56,146.97,MAGDALENA,Mango
"4,324",2019 May 20 12:00:00 AM,MAGDALENA,SANTA MARTA,PALMA DE ACEITE,TENERA,NO INDICA,HOJAS,NO INDICA,NO INDICA,BUENO,2.33,0.23,0.77,0.55,0.29,,0.18,55.55,5.28,76.48,18.76,18.21,MAGDALENA,Palma de aceite
"4,325",2019 May 20 12:00:00 AM,MAGDALENA,SANTA MARTA,PALMA DE ACEITE,TENERA,NO INDICA,HOJAS,NO INDICA,NO INDICA,BUENO,2.3,0.21,0.88,0.49,0.3,,0.18,49.81,4.06,34.34,11.5,19.51,MAGDALENA,Palma de aceite
"4,326",2019 May 20 12:00:00 AM,MAGDALENA,SANTA MARTA,PALMA DE ACEITE,TENERA,NO INDICA,HOJAS,NO INDICA,NO INDICA,BUENO,2.3,0.21,0.66,0.62,0.21,,0.18,58.51,4.08,69.31,10.06,20.82,MAGDALENA,Palma de aceite
"4,327",2019 May 20 12:00:00 AM,MAGDALENA,SANTA MARTA,PALMA DE ACEITE,TENERA,NO INDICA,HOJAS,NO INDICA,NO INDICA,BUENO,2.26,0.22,0.76,0.52,0.21,,0.17,73.03,4.67,77.81,14.0,16.08,MAGDALENA,Palma de aceite
"4,328",2019 May 20 12:00:00 AM,MAGDALENA,SANTA MARTA,PALMA DE ACEITE,TENERA,NO INDICA,HOJAS,NO INDICA,NO INDICA,BUENO,2.18,0.21,0.64,0.59,0.16,,0.18,45.06,3.3,110.56,11.45,15.59,MAGDALENA,Palma de aceite
"4,329",2019 May 20 12:00:00 AM,MAGDALENA,SANTA MARTA,PALMA DE ACEITE,TENERA,NO INDICA,HOJAS,NO INDICA,NO INDICA,BUENO,2.57,0.23,0.68,0.64,0.24,,0.2,69.14,5.43,82.33,16.21,21.31,MAGDALENA,Palma de aceite
"4,330",2019 May 20 12:00:00 AM,MAGDALENA,SANTA MARTA,PALMA DE ACEITE,TENERA,NO INDICA,HOJAS,NO INDICA,NO INDICA,BUENO,2.41,0.22,0.86,0.53,0.19,,0.18,61.09,5.47,88.01,11.38,14.45,MAGDALENA,Palma de aceite
"4,331",2019 May 20 12:00:00 AM,MAGDALENA,SANTA MARTA,PALMA DE ACEITE,TENERA Y 0X6,NO INDICA,HOJAS,NO INDICA,NO INDICA,BUENO,2.46,0.22,0.9,0.68,0.14,,0.19,74.08,4.7,79.14,11.78,20.17,MAGDALENA,Palma de aceite
"4,332",2019 May 20 12:00:00 AM,MAGDALENA,SANTA MARTA,PALMA DE ACEITE,TENERA Y 0X6,NO INDICA,HOJAS,NO INDICA,NO INDICA,BUENO,2.42,0.24,0.69,0.59,0.18,,0.17,54.48,7.04,70.56,8.13,26.21,MAGDALENA,Palma de aceite
"4,333",2019 May 20 12:00:00 AM,MAGDALENA,SANTA MARTA,PALMA DE ACEITE,TENERA,NO INDICA,HOJAS,NO INDICA,NO INDICA,BUENO,2.5,0.26,0.85,0.48,0.28,,0.18,55.12,5.74,109.13,11.26,20.17,MAGDALENA,Palma de aceite
"4,334",2019 May 20 12:00:00 AM,MAGDALENA,SANTA MARTA,PALMA DE ACEITE,TENERA,NO INDICA,HOJAS,NO INDICA,NO INDICA,BUENO,2.25,0.25,0.91,0.55,0.15,,0.17,41.01,5.35,81.58,12.52,16.08,MAGDALENA,Palma de aceite
"4,335",2019 May 20 12:00:00 AM,MAGDALENA,SANTA MARTA,PALMA DE ACEITE,TENERA,NO INDICA,HOJAS,NO INDICA,NO INDICA,BUENO,2.67,0.25,0.79,0.49,0.18,,0.17,76.48,5.65,75.67,23.53,20.17,MAGDALENA,Palma de aceite
"4,336",2019 May 20 12:00:00 AM,MAGDALENA,SANTA MARTA,PALMA DE ACEITE,TENERA,NO INDICA,HOJAS,NO INDICA,NO INDICA,BUENO,2.56,0.27,0.85,0.48,0.24,,0.19,55.26,5.15,50.76,12.64,38.13,MAGDALENA,Palma de aceite
"4,337",2019 May 20 12:00:00 AM,MAGDALENA,SANTA MARTA,PALMA DE ACEITE,TENERA,NO INDICA,HOJAS,NO INDICA,NO INDICA,BUENO,2.26,0.24,0.79,0.44,0.18,,0.17,51.02,4.66,49.36,11.98,25.55,MAGDALENA,Palma de aceite
"4,338",2019 May 20 12:00:00 AM,MAGDALENA,SANTA MARTA,PALMA DE ACEITE,0X6,NO INDICA,HOJAS,NO INDICA,NO INDICA,BUENO,2.31,0.23,0.64,0.66,0.23,,0.17,61.57,8.5,28.26,11.71,13.14,MAGDALENA,Palma de aceite
"4,339",2019 May 20 12:00:00 AM,MAGDALENA,SANTA MARTA,PALMA DE ACEITE,0X6,NO INDICA,HOJAS,NO INDICA,NO INDICA,BUENO,2.54,0.29,1.07,0.61,0.2,,0.18,75.57,11.74,18.44,12.4,18.53,MAGDALENA,Palma de aceite
"4,340",2019 May 20 12:00:00 AM,MAGDALENA,SANTA MARTA,PALMA DE ACEITE,0X6 Y TENERA,NO INDICA,HOJAS,NO INDICA,NO INDICA,BUENO,2.19,0.26,0.77,0.79,0.16,,0.18,60.56,5.05,94.32,13.0,17.72,MAGDALENA,Palma de aceite
"4,465",2019 Jun 05 12:00:00 AM,CESAR,AGUACHICA,ARROZ,VARIEDAD FEDEARROZ 70,NO INDICA,HOJAS,NO INDICA,NO INDICA,NO INDICA,2.53,0.29,2.37,0.3,0.17,0.06,0.28,2065.19,9.35,499.07,34.3,5.76,CESAR,Arroz
"4,466",2019 Jun 05 12:00:00 AM,CESAR,AGUACHICA,ARROZ,VARIEDAD FEDEARROZ 70,NO INDICA,HOJAS,NO INDICA,NO INDICA,NO INDICA,2.19,0.26,2.38,0.41,0.16,0.05,0.3,1440.39,9.79,455.97,34.77,5.6,CESAR,Arroz
"4,467",2019 Jun 05 12:00:00 AM,CESAR,AGUACHICA,ARROZ,VARIEDAD FEDEARROZ 70,NO INDICA,HOJAS,NO INDICA,NO INDICA,NO INDICA,2.0,0.2,2.2,0.33,0.19,0.06,0.26,3585.39,9.73,481.67,37.05,5.92,CESAR,Arroz
"4,468",2019 Jun 05 12:00:00 AM,CESAR,AGUACHICA,ARROZ,VARIEDAD FEDEARROZ 70,NO INDICA,RAIZ,NO INDICA,NO INDICA,NO INDICA,1.52,0.2,1.51,0.33,0.28,0.12,0.38,17913.39,18.73,613.65,78.6,9.3,CESAR,Arroz
"4,469",2019 Jun 05 12:00:00 AM,CESAR,AGUACHICA,ARROZ,VARIEDAD FEDEARROZ 70,NO INDICA,RAIZ,NO INDICA,NO INDICA,NO INDICA,1.41,0.17,1.44,0.26,0.21,0.11,0.46,7962.84,20.46,493.03,92.26,7.05,CESAR,Arroz
"4,470",2019 Jun 05 12:00:00 AM,CESAR,AGUACHICA,ARROZ,VARIEDAD FEDEARROZ 70,NO INDICA,RAIZ,NO INDICA,NO INDICA,NO INDICA,1.11,0.13,1.47,0.28,0.28,0.11,0.39,11727.99,20.97,446.99,79.3,8.01,CESAR,Arroz
"4,504",2019 Jun 17 12:00:00 AM,MAGDALENA,SANTA MARTA,CÍTRICOS,CÍTRICOS,NO INDICA,HOJAS,NO INDICA,NO INDICA,BUENO,2.72,0.12,1.69,1.58,0.29,,0.28,68.63,3.91,8.58,16.95,24.82,MAGDALENA,Cítricos
"4,505",2019 Jun 17 12:00:00 AM,MAGDALENA,SANTA MARTA,CÍTRICOS,CÍTRICOS,NO INDICA,HOJAS,NO INDICA,NO INDICA,BUENO,2.78,0.12,1.72,1.62,0.3,,0.27,70.89,4.1,8.49,16.66,23.68,MAGDALENA,Cítricos
"4,506",2019 Jun 17 12:00:00 AM,MAGDALENA,SANTA MARTA,CÍTRICOS,CÍTRICOS,NO INDICA,HOJAS,NO INDICA,NO INDICA,BUENO,2.72,0.12,1.42,1.87,0.29,,0.31,82.86,3.82,9.75,14.59,40.66,MAGDALENA,Cítricos
"4,507",2019 Jun 17 12:00:00 AM,MAGDALENA,SANTA MARTA,CÍTRICOS,CÍTRICOS,NO INDICA,HOJAS,NO INDICA,NO INDICA,BUENO,3.11,0.14,1.34,1.58,0.25,,0.3,76.45,5.52,,16.27,25.47,MAGDALENA,Cítricos
"4,508",2019 Jun 17 12:00:00 AM,MAGDALENA,SANTA MARTA,CÍTRICOS,CÍTRICOS,NO INDICA,HOJAS,NO INDICA,NO INDICA,BUENO,2.75,0.08,1.26,2.43,0.19,0.05,0.39,114.72,1.63,24.04,10.53,46.54,MAGDALENA,Cítricos
"4,509",2019 Jun 17 12:00:00 AM,MAGDALENA,SANTA MARTA,CÍTRICOS,CÍTRICOS,NO INDICA,HOJAS,NO INDICA,NO INDICA,BUENO,2.39,0.09,1.72,2.31,0.17,0.04,0.36,121.21,4.2,15.67,8.41,35.6,MAGDALENA,Cítricos
"4,510",2019 Jun 17 12:00:00 AM,MAGDALENA,SANTA MARTA,CÍTRICOS,CÍTRICOS,NO INDICA,HOJAS,NO INDICA,NO INDICA,BUENO,2.53,0.12,2.02,1.24,0.18,,0.28,88.2,5.33,,14.98,19.27,MAGDALENA,Cítricos
"4,511",2019 Jun 17 12:00:00 AM,MAGDALENA,SANTA MARTA,CÍTRICOS,CÍTRICOS,NO INDICA,HOJAS,NO INDICA,NO INDICA,BUENO,2.44,0.08,1.9,2.59,0.18,0.03,0.35,104.73,4.82,16.53,9.16,28.58,MAGDALENA,Cítricos
"4,512",2019 Jun 17 12:00:00 AM,MAGDALENA,SANTA MARTA,CÍTRICOS,CÍTRICOS,NO INDICA,HOJAS,NO INDICA,NO INDICA,BUENO,2.64,0.1,1.69,1.56,0.3,,0.26,97.32,4.69,,17.59,18.29,MAGDALENA,Cítricos
"4,513",2019 Jun 17 12:00:00 AM,MAGDALENA,SANTA MARTA,CÍTRICOS,CÍTRICOS,NO INDICA,HOJAS,NO INDICA,NO INDICA,BUENO,2.42,0.1,1.35,1.54,0.29,,0.25,73.53,3.88,,16.63,28.74,MAGDALENA,Cítricos
"4,514",2019 Jun 17 12:00:00 AM,MAGDALENA,SANTA MARTA,CÍTRICOS,CÍTRICOS,NO INDICA,HOJAS,NO INDICA,NO INDICA,BUENO,2.5,0.11,1.36,1.94,0.25,0.03,0.31,77.98,4.48,,15.0,32.66,MAGDALENA,Cítricos
"4,515",2019 Jun 17 12:00:00 AM,MAGDALENA,SANTA MARTA,CÍTRICOS,CÍTRICOS,NO INDICA,HOJAS,NO INDICA,NO INDICA,BUENO,2.61,0.11,1.39,1.39,0.28,,0.27,69.33,4.05,,13.42,24.33,MAGDALENA,Cítricos
"4,516",2019 Jun 17 12:00:00 AM,MAGDALENA,CIÉNAGA,CÍTRICOS,CÍTRICOS,NO INDICA,HOJAS,NO INDICA,NO INDICA,BUENO,2.82,0.14,1.48,1.29,0.32,,0.28,83.3,4.66,6.39,17.99,32.98,MAGDALENA,Cítricos
"4,517",2019 Jun 17 12:00:00 AM,MAGDALENA,CIÉNAGA,CÍTRICOS,CÍTRICOS,NO INDICA,HOJAS,NO INDICA,NO INDICA,BUENO,3.11,0.13,1.43,1.51,0.26,,0.33,71.59,5.03,,21.47,39.11,MAGDALENA,Cítricos
"4,518",2019 Jun 17 12:00:00 AM,MAGDALENA,CIÉNAGA,CÍTRICOS,CÍTRICOS,NO INDICA,HOJAS,NO INDICA,NO INDICA,BUENO,3.12,0.14,1.74,1.22,0.29,,0.29,71.5,4.55,,15.34,22.04,MAGDALENA,Cítricos
"4,519",2019 Jun 17 12:00:00 AM,MAGDALENA,CIÉNAGA,CÍTRICOS,CÍTRICOS,NO INDICA,HOJAS,NO INDICA,NO INDICA,BUENO,2.82,0.14,1.62,1.64,0.38,,0.3,83.37,5.01,,15.14,37.39,MAGDALENA,Cítricos
"4,520",2019 Jun 17 12:00:00 AM,MAGDALENA,CIÉNAGA,CÍTRICOS,CÍTRICOS,NO INDICA,HOJAS,NO INDICA,NO INDICA,BUENO,2.9,0.12,1.49,1.67,0.32,,0.3,69.22,3.93,,15.08,29.39,MAGDALENA,Cítricos
"4,521",2019 Jun 17 12:00:00 AM,MAGDALENA,CIÉNAGA,CÍTRICOS,CÍTRICOS,NO INDICA,HOJAS,NO INDICA,NO INDICA,BUENO,2.99,0.12,1.9,1.71,0.25,,0.29,89.15,4.87,5.77,13.51,22.37,MAGDALENA,Cítricos
"4,522",2019 Jun 17 12:00:00 AM,MAGDALENA,CIÉNAGA,CÍTRICOS,CÍTRICOS,NO INDICA,HOJAS,NO INDICA,NO INDICA,BUENO,3.18,0.14,1.81,1.68,0.28,,0.33,82.46,6.05,5.74,16.27,22.04,MAGDALENA,Cítricos
"4,523",2019 Jun 17 12:00:00 AM,MAGDALENA,CIÉNAGA,CÍTRICOS,CÍTRICOS,NO INDICA,HOJAS,NO INDICA,NO INDICA,BUENO,2.94,0.15,2.0,1.67,0.31,,0.33,68.15,4.54,5.49,14.3,27.43,MAGDALENA,Cítricos
"4,524",2019 Jun 17 12:00:00 AM,MAGDALENA,CIÉNAGA,CÍTRICOS,CÍTRICOS,NO INDICA,HOJAS,NO INDICA,NO INDICA,BUENO,2.97,0.09,1.19,2.06,0.25,0.04,0.38,88.72,7.9,,19.53,51.93,MAGDALENA,Cítricos
"4,525",2019 Jun 17 12:00:00 AM,MAGDALENA,CIÉNAGA,CÍTRICOS,CÍTRICOS,NO INDICA,HOJAS,NO INDICA,NO INDICA,BUENO,2.9,0.11,1.09,2.14,0.33,,0.34,87.87,8.96,,16.79,32.0,MAGDALENA,Cítricos
"4,526",2019 Jun 17 12:00:00 AM,MAGDALENA,CIÉNAGA,CÍTRICOS,CÍTRICOS,NO INDICA,HOJAS,NO INDICA,NO INDICA,BUENO,2.73,0.09,1.32,2.37,0.31,0.03,0.36,96.88,5.28,,16.33,28.58,MAGDALENA,Cítricos
"4,527",2019 Jun 17 12:00:00 AM,MAGDALENA,CIÉNAGA,CÍTRICOS,CÍTRICOS,NO INDICA,HOJAS,NO INDICA,NO INDICA,BUENO,2.9,0.1,1.05,2.27,0.35,0.03,0.34,121.07,6.24,,17.59,36.25,MAGDALENA,Cítricos
"4,528",2019 Jun 17 12:00:00 AM,MAGDALENA,SANTA MARTA,CÍTRICOS,CÍTRICOS,NO INDICA,HOJAS,NO INDICA,NO INDICA,BUENO,2.0,0.18,0.88,1.68,0.2,0.05,0.4,121.98,2.56,,7.99,58.46,MAGDALENA,Cítricos
"4,529",2019 Jun 17 12:00:00 AM,MAGDALENA,SANTA MARTA,CÍTRICOS,CÍTRICOS,NO INDICA,HOJAS,NO INDICA,NO INDICA,BUENO,2.3,0.18,0.93,2.17,0.24,0.03,0.28,133.17,3.11,20.97,10.57,68.26,MAGDALENA,Cítricos
"4,530",2019 Jun 17 12:00:00 AM,MAGDALENA,SANTA MARTA,CÍTRICOS,CÍTRICOS,NO INDICA,HOJAS,NO INDICA,NO INDICA,BUENO,2.12,0.21,0.95,1.99,0.26,0.04,0.34,185.97,4.35,17.49,13.89,57.31,MAGDALENA,Cítricos
"4,531",2019 Jun 17 12:00:00 AM,MAGDALENA,SANTA MARTA,CÍTRICOS,CÍTRICOS,NO INDICA,HOJAS,NO INDICA,NO INDICA,BUENO,2.05,0.2,0.88,2.31,0.28,0.03,0.29,124.66,2.26,15.67,12.63,48.66,MAGDALENA,Cítricos
"4,532",2019 Jun 17 12:00:00 AM,MAGDALENA,SANTA MARTA,CÍTRICOS,CÍTRICOS,NO INDICA,HOJAS,NO INDICA,NO INDICA,BUENO,2.03,0.18,0.78,1.85,0.23,0.06,0.31,171.49,2.08,,10.97,49.48,MAGDALENA,Cítricos
"4,533",2019 Jun 17 12:00:00 AM,MAGDALENA,SANTA MARTA,CÍTRICOS,CÍTRICOS,NO INDICA,HOJAS,NO INDICA,NO INDICA,BUENO,2.09,0.16,1.15,1.68,0.24,0.03,0.33,128.54,1.86,14.69,9.83,50.29,MAGDALENA,Cítricos
"4,534",2019 Jun 17 12:00:00 AM,MAGDALENA,SANTA MARTA,CÍTRICOS,CÍTRICOS,NO INDICA,HOJAS,NO INDICA,NO INDICA,BUENO,2.03,0.2,1.13,1.6,0.29,0.03,0.33,172.58,,15.23,9.22,46.7,MAGDALENA,Cítricos
"4,535",2019 Jun 17 12:00:00 AM,MAGDALENA,SANTA MARTA,CÍTRICOS,CÍTRICOS,NO INDICA,HOJAS,NO INDICA,NO INDICA,BUENO,2.01,0.22,0.85,1.54,0.3,0.03,0.33,145.78,,6.05,7.24,44.58,MAGDALENA,Cítricos
"4,536",2019 Jun 17 12:00:00 AM,MAGDALENA,SANTA MARTA,CÍTRICOS,CÍTRICOS,NO INDICA,HOJAS,NO INDICA,NO INDICA,BUENO,2.15,0.19,0.86,2.32,0.35,0.03,0.35,242.5,,33.45,19.57,75.11,MAGDALENA,Cítricos
"4,537",2019 Jun 17 12:00:00 AM,MAGDALENA,SANTA MARTA,CÍTRICOS,CÍTRICOS,NO INDICA,HOJAS,NO INDICA,NO INDICA,BUENO,2.11,0.18,0.9,1.62,0.24,0.03,0.33,134.74,1.71,12.93,8.75,48.01,MAGDALENA,Cítricos
"4,538",2019 Jun 17 12:00:00 AM,MAGDALENA,SANTA MARTA,CÍTRICOS,CÍTRICOS,NO INDICA,HOJAS,NO INDICA,NO INDICA,BUENO,2.16,0.19,1.14,2.24,0.3,0.09,0.35,218.65,6.42,13.58,20.2,134.0,MAGDALENA,Cítricos
"4,539",2019 Jun 17 12:00:00 AM,MAGDALENA,SANTA MARTA,CÍTRICOS,CÍTRICOS,NO INDICA,HOJAS,NO INDICA,NO INDICA,BUENO,2.21,0.27,1.29,2.05,0.23,0.12,0.33,191.67,4.09,19.2,14.03,97.28,MAGDALENA,Cítricos
"4,540",2019 Jun 17 12:00:00 AM,MAGDALENA,CIÉNAGA,CÍTRICOS,CÍTRICOS,NO INDICA,HOJAS,NO INDICA,NO INDICA,BUENO,1.79,0.34,1.4,2.4,0.3,0.1,0.36,256.43,3.74,19.79,14.38,105.28,MAGDALENA,Cítricos
"4,541",2019 Jun 17 12:00:00 AM,MAGDALENA,CIÉNAGA,CÍTRICOS,CÍTRICOS,NO INDICA,HOJAS,NO INDICA,NO INDICA,BUENO,2.17,0.28,1.05,2.19,0.28,,0.34,197.2,3.93,20.47,14.33,106.0,MAGDALENA,Cítricos
"4,542",2019 Jun 17 12:00:00 AM,MAGDALENA,CIÉNAGA,CÍTRICOS,CÍTRICOS,NO INDICA,HOJAS,NO INDICA,NO INDICA,BUENO,2.17,0.3,0.98,1.94,0.27,0.1,0.35,248.06,3.26,23.51,13.36,88.22,MAGDALENA,Cítricos
"4,543",2019 Jun 17 12:00:00 AM,MAGDALENA,CIÉNAGA,CÍTRICOS,CÍTRICOS,NO INDICA,HOJAS,NO INDICA,NO INDICA,BUENO,2.48,0.3,1.23,2.06,0.25,0.06,0.33,192.33,3.25,13.03,11.79,79.17,MAGDALENA,Cítricos
"4,544",2019 Jun 17 12:00:00 AM,MAGDALENA,CIÉNAGA,CÍTRICOS,CÍTRICOS,NO INDICA,HOJAS,NO INDICA,NO INDICA,BUENO,2.66,0.34,1.32,2.13,0.23,0.05,0.31,167.84,5.67,9.97,15.41,95.08,MAGDALENA,Cítricos
"4,545",2019 Jun 17 12:00:00 AM,MAGDALENA,CIÉNAGA,CÍTRICOS,CÍTRICOS,NO INDICA,HOJAS,NO INDICA,NO INDICA,BUENO,2.39,0.31,1.29,2.04,0.28,0.07,0.33,228.14,3.25,7.88,20.8,143.0,MAGDALENA,Cítricos
"4,546",2019 Jun 17 12:00:00 AM,MAGDALENA,CIÉNAGA,CÍTRICOS,CÍTRICOS,NO INDICA,HOJAS,NO INDICA,NO INDICA,BUENO,2.04,0.27,0.85,2.46,0.32,0.07,0.35,244.43,4.6,17.51,13.92,121.53,MAGDALENA,Cítricos
"4,547",2019 Jun 17 12:00:00 AM,MAGDALENA,CIÉNAGA,CÍTRICOS,CÍTRICOS,NO INDICA,HOJAS,NO INDICA,NO INDICA,BUENO,1.97,0.26,0.61,2.27,0.27,0.12,0.34,135.97,1.85,13.27,10.89,105.29,MAGDALENA,Cítricos
"4,548",2019 Jun 17 12:00:00 AM,MAGDALENA,SANTA MARTA,MANGO,AZÙCAR,NO INDICA,HOJAS,NO INDICA,NO INDICA,BUENO,1.58,0.08,0.54,1.63,0.21,0.03,0.18,87.66,3.94,211.29,15.35,6.73,MAGDALENA,Mango
"4,549",2019 Jun 17 12:00:00 AM,MAGDALENA,SANTA MARTA,MANGO,AZÙCAR,NO INDICA,HOJAS,NO INDICA,NO INDICA,BUENO,1.64,0.09,0.55,1.87,0.24,,0.21,85.32,2.26,179.62,9.57,9.05,MAGDALENA,Mango
"4,550",2019 Jun 17 12:00:00 AM,MAGDALENA,SANTA MARTA,MANGO,AZÙCAR,NO INDICA,HOJAS,NO INDICA,NO INDICA,BUENO,1.67,0.09,0.48,1.68,0.2,,0.18,173.14,1.64,249.42,10.2,10.76,MAGDALENA,Mango
"4,551",2019 Jun 17 12:00:00 AM,MAGDALENA,SANTA MARTA,MANGO,AZÙCAR,NO INDICA,HOJAS,NO INDICA,NO INDICA,BUENO,1.74,0.08,0.61,1.95,0.15,,0.2,73.07,1.63,223.43,12.11,8.74,MAGDALENA,Mango
"4,552",2019 Jun 17 12:00:00 AM,MAGDALENA,SANTA MARTA,MANGO,AZÙCAR,NO INDICA,HOJAS,NO INDICA,NO INDICA,BUENO,1.39,0.07,0.59,2.18,0.12,0.03,0.18,94.97,22.78,234.78,7.43,8.28,MAGDALENA,Mango
"4,553",2019 Jun 17 12:00:00 AM,MAGDALENA,SANTA MARTA,MANGO,AZÙCAR,NO INDICA,HOJAS,NO INDICA,NO INDICA,BUENO,1.53,0.07,0.57,2.18,0.16,0.03,0.18,80.11,19.01,358.67,8.44,14.79,MAGDALENA,Mango
"4,554",2019 Jun 17 12:00:00 AM,MAGDALENA,SANTA MARTA,MANGO,AZÙCAR,NO INDICA,HOJAS,NO INDICA,NO INDICA,BUENO,1.37,0.07,0.48,2.58,0.15,0.03,0.19,78.99,6.12,281.75,7.6,18.05,MAGDALENA,Mango
"4,555",2019 Jun 17 12:00:00 AM,MAGDALENA,SANTA MARTA,MANGO,AZÙCAR,NO INDICA,HOJAS,NO INDICA,NO INDICA,BUENO,1.52,0.08,0.62,2.38,0.15,0.03,0.2,83.38,35.92,262.16,9.6,20.68,MAGDALENA,Mango
"4,556",2019 Jun 17 12:00:00 AM,MAGDALENA,SANTA MARTA,MANGO,AZÙCAR,NO INDICA,HOJAS,NO INDICA,NO INDICA,BUENO,1.69,0.09,0.73,1.51,0.32,,0.16,164.5,1.72,79.39,7.44,90.63,MAGDALENA,Mango
"4,557",2019 Jun 17 12:00:00 AM,MAGDALENA,SANTA MARTA,MANGO,AZÙCAR,NO INDICA,HOJAS,NO INDICA,NO INDICA,BUENO,1.69,0.09,0.71,1.54,0.37,0.03,0.19,142.25,3.45,58.45,9.45,101.2,MAGDALENA,Mango
"4,558",2019 Jun 17 12:00:00 AM,MAGDALENA,SANTA MARTA,MANGO,AZÙCAR,NO INDICA,HOJAS,NO INDICA,NO INDICA,BUENO,1.5,0.09,0.74,1.49,0.23,,0.15,126.88,5.7,38.52,8.91,72.15,MAGDALENA,Mango
"4,559",2019 Jun 17 12:00:00 AM,MAGDALENA,SANTA MARTA,MANGO,AZÙCAR,NO INDICA,HOJAS,NO INDICA,NO INDICA,BUENO,1.49,0.07,0.59,1.66,0.25,0.03,0.16,135.86,6.98,59.35,9.87,72.93,MAGDALENA,Mango
"4,560",2019 Jun 17 12:00:00 AM,MAGDALENA,CIÉNAGA,MANGO,AZÙCAR,NO INDICA,HOJAS,NO INDICA,NO INDICA,BUENO,1.49,0.09,0.81,1.61,0.2,,0.17,102.18,7.58,237.77,12.8,56.8,MAGDALENA,Mango
"4,561",2019 Jun 17 12:00:00 AM,MAGDALENA,CIÉNAGA,MANGO,AZÙCAR,NO INDICA,HOJAS,NO INDICA,NO INDICA,BUENO,1.69,0.1,0.91,1.55,0.2,,0.17,170.04,6.83,159.81,11.59,49.67,MAGDALENA,Mango
"4,562",2019 Jun 17 12:00:00 AM,MAGDALENA,CIÉNAGA,MANGO,AZÙCAR,NO INDICA,HOJAS,NO INDICA,NO INDICA,BUENO,1.54,0.09,0.85,1.42,0.22,0.03,0.14,118.4,3.06,155.41,12.55,51.38,MAGDALENA,Mango
"4,563",2019 Jun 17 12:00:00 AM,MAGDALENA,CIÉNAGA,MANGO,AZÙCAR,NO INDICA,HOJAS,NO INDICA,NO INDICA,BUENO,1.65,0.09,0.96,1.52,0.16,,0.15,97.39,6.48,285.24,13.44,51.53,MAGDALENA,Mango
"4,564",2019 Jun 17 12:00:00 AM,MAGDALENA,CIÉNAGA,MANGO,AZÙCAR,NO INDICA,HOJAS,NO INDICA,NO INDICA,BUENO,1.48,0.07,0.69,3.04,0.26,0.03,0.19,91.43,3.75,471.14,12.94,77.73,MAGDALENA,Mango
"4,565",2019 Jun 17 12:00:00 AM,MAGDALENA,CIÉNAGA,MANGO,AZÙCAR,NO INDICA,HOJAS,NO INDICA,NO INDICA,BUENO,1.31,0.07,0.58,2.25,0.28,,0.19,130.95,2.19,132.86,11.61,88.47,MAGDALENA,Mango
"4,566",2019 Jun 17 12:00:00 AM,MAGDALENA,CIÉNAGA,MANGO,AZÙCAR,NO INDICA,HOJAS,NO INDICA,NO INDICA,BUENO,1.53,0.08,0.76,2.2,0.19,,0.2,95.01,3.49,212.41,10.63,76.18,MAGDALENA,Mango
"4,567",2019 Jun 17 12:00:00 AM,MAGDALENA,CIÉNAGA,MANGO,AZÙCAR,NO INDICA,HOJAS,NO INDICA,NO INDICA,BUENO,1.68,0.07,0.66,2.03,0.18,,0.17,114.04,1.63,403.63,12.66,69.83,MAGDALENA,Mango
"4,568",2019 Jun 17 12:00:00 AM,MAGDALENA,CIÉNAGA,MANGO,AZÙCAR,NO INDICA,HOJAS,NO INDICA,NO INDICA,BUENO,1.25,0.06,0.62,2.61,0.18,,0.17,90.61,4.78,263.84,9.77,65.33,MAGDALENA,Mango
"4,569",2019 Jun 17 12:00:00 AM,MAGDALENA,CIÉNAGA,MANGO,AZÙCAR,NO INDICA,HOJAS,NO INDICA,NO INDICA,BUENO,1.28,0.05,0.51,2.18,0.24,0.04,0.16,126.85,5.37,143.56,11.13,92.26,MAGDALENA,Mango
"4,570",2019 Jun 17 12:00:00 AM,MAGDALENA,CIÉNAGA,MANGO,AZÙCAR,NO INDICA,HOJAS,NO INDICA,NO INDICA,BUENO,1.22,0.05,0.56,2.23,0.31,0.04,0.19,187.1,5.44,200.86,13.03,68.55,MAGDALENA,Mango
"4,571",2019 Jun 17 12:00:00 AM,MAGDALENA,CIÉNAGA,MANGO,AZÙCAR,NO INDICA,HOJAS,NO INDICA,NO INDICA,BUENO,1.18,0.04,0.61,1.91,0.24,,0.16,156.18,4.49,285.07,13.18,72.63,MAGDALENA,Mango
"4,572",2019 Jun 17 12:00:00 AM,MAGDALENA,SANTA MARTA,MANGO,AZÙCAR,NO INDICA,FRUTO,NO INDICA,NO INDICA,BUENO,0.44,0.03,0.51,0.17,0.06,,0.03,24.79,2.27,8.19,4.45,3.59,MAGDALENA,Mango
"4,573",2019 Jun 17 12:00:00 AM,MAGDALENA,SANTA MARTA,MANGO,AZÙCAR,NO INDICA,FRUTO,NO INDICA,NO INDICA,BUENO,0.63,0.04,0.55,0.12,0.07,,0.04,44.97,3.96,11.66,5.92,5.06,MAGDALENA,Mango
"4,574",2019 Jun 17 12:00:00 AM,MAGDALENA,SANTA MARTA,MANGO,AZÙCAR,NO INDICA,FRUTO,NO INDICA,NO INDICA,BUENO,0.62,0.03,0.51,0.08,0.06,,0.04,44.35,,7.93,4.65,5.39,MAGDALENA,Mango
"4,575",2019 Jun 17 12:00:00 AM,MAGDALENA,SANTA MARTA,MANGO,AZÙCAR,NO INDICA,FRUTO,NO INDICA,NO INDICA,BUENO,0.54,0.03,0.63,0.18,0.07,,0.04,7.8,,5.34,3.55,5.06,MAGDALENA,Mango
"4,576",2019 Jun 17 12:00:00 AM,MAGDALENA,SANTA MARTA,MANGO,AZÙCAR,NO INDICA,FRUTO,NO INDICA,NO INDICA,BUENO,0.65,0.08,0.9,0.16,0.07,,0.05,14.65,2.28,6.72,4.6,5.72,MAGDALENA,Mango
"4,577",2019 Jun 17 12:00:00 AM,MAGDALENA,SANTA MARTA,MANGO,AZÙCAR,NO INDICA,FRUTO,NO INDICA,NO INDICA,BUENO,0.6,0.07,0.74,0.15,0.07,,0.05,32.19,4.42,8.53,4.4,5.06,MAGDALENA,Mango
"4,578",2019 Jun 17 12:00:00 AM,MAGDALENA,SANTA MARTA,MANGO,AZÙCAR,NO INDICA,FRUTO,NO INDICA,NO INDICA,BUENO,0.48,0.06,0.64,0.12,0.06,,0.04,14.1,4.06,,4.13,4.08,MAGDALENA,Mango
"4,579",2019 Jun 17 12:00:00 AM,MAGDALENA,SANTA MARTA,MANGO,AZÙCAR,NO INDICA,FRUTO,NO INDICA,NO INDICA,BUENO,0.66,0.07,1.0,0.2,0.07,,0.05,30.66,3.09,7.52,3.53,6.53,MAGDALENA,Mango
"4,580",2019 Jun 17 12:00:00 AM,MAGDALENA,SANTA MARTA,MANGO,AZÙCAR,NO INDICA,FRUTO,NO INDICA,NO INDICA,BUENO,0.76,0.09,1.08,0.1,0.11,,0.06,13.53,6.55,,6.62,7.84,MAGDALENA,Mango
"4,581",2019 Jun 17 12:00:00 AM,MAGDALENA,SANTA MARTA,MANGO,AZÙCAR,NO INDICA,FRUTO,NO INDICA,NO INDICA,BUENO,0.63,0.08,1.49,0.07,0.07,,0.05,17.33,3.62,,5.15,7.67,MAGDALENA,Mango
"4,582",2019 Jun 17 12:00:00 AM,MAGDALENA,SANTA MARTA,MANGO,AZÙCAR,NO INDICA,FRUTO,NO INDICA,NO INDICA,BUENO,0.53,0.08,1.11,0.13,0.09,,0.05,25.85,61.01,,13.3,8.49,MAGDALENA,Mango
"4,583",2019 Jun 17 12:00:00 AM,MAGDALENA,SANTA MARTA,MANGO,AZÙCAR,NO INDICA,FRUTO,NO INDICA,NO INDICA,BUENO,0.4,0.06,0.89,0.08,0.07,,0.04,11.55,3.86,,2.83,5.39,MAGDALENA,Mango
"4,584",2019 Jun 17 12:00:00 AM,MAGDALENA,CIÉNAGA,MANGO,AZÙCAR,NO INDICA,FRUTO,NO INDICA,NO INDICA,BUENO,0.47,0.09,0.94,0.08,0.07,,0.05,17.68,3.95,,4.15,6.53,MAGDALENA,Mango
"4,585",2019 Jun 17 12:00:00 AM,MAGDALENA,CIÉNAGA,MANGO,AZÙCAR,NO INDICA,FRUTO,NO INDICA,NO INDICA,BUENO,0.62,0.1,0.79,0.08,0.09,,0.05,13.68,4.78,,6.68,5.55,MAGDALENA,Mango
"4,586",2019 Jun 17 12:00:00 AM,MAGDALENA,CIÉNAGA,MANGO,AZÙCAR,NO INDICA,FRUTO,NO INDICA,NO INDICA,BUENO,0.61,0.07,0.69,0.09,0.06,,0.04,21.14,,5.22,3.44,6.69,MAGDALENA,Mango
"4,587",2019 Jun 17 12:00:00 AM,MAGDALENA,CIÉNAGA,MANGO,AZÙCAR,NO INDICA,FRUTO,NO INDICA,NO INDICA,BUENO,0.48,0.08,0.79,0.1,0.07,,0.05,15.43,4.46,8.6,4.48,6.69,MAGDALENA,Mango
"4,588",2019 Jun 17 12:00:00 AM,MAGDALENA,CIÉNAGA,MANGO,AZÙCAR,NO INDICA,FRUTO,NO INDICA,NO INDICA,BUENO,0.36,0.07,0.69,0.17,0.05,,0.04,19.94,5.46,8.68,3.98,6.21,MAGDALENA,Mango
"4,589",2019 Jun 17 12:00:00 AM,MAGDALENA,CIÉNAGA,MANGO,AZÙCAR,NO INDICA,FRUTO,NO INDICA,NO INDICA,BUENO,0.54,0.08,0.96,0.13,0.07,,0.05,8.79,3.22,,3.97,6.37,MAGDALENA,Mango
"4,590",2019 Jun 17 12:00:00 AM,MAGDALENA,CIÉNAGA,MANGO,AZÙCAR,NO INDICA,FRUTO,NO INDICA,NO INDICA,BUENO,0.46,0.09,1.18,0.2,0.08,,0.05,10.58,2.57,8.52,4.07,6.53,MAGDALENA,Mango
"4,591",2019 Jun 17 12:00:00 AM,MAGDALENA,CIÉNAGA,MANGO,AZÙCAR,NO INDICA,FRUTO,NO INDICA,NO INDICA,BUENO,0.59,0.09,1.25,0.08,0.05,,0.05,17.53,2.4,,3.83,5.55,MAGDALENA,Mango
"4,592",2019 Jun 17 12:00:00 AM,MAGDALENA,CIÉNAGA,MANGO,AZÙCAR,NO INDICA,FRUTO,NO INDICA,NO INDICA,BUENO,0.31,0.08,1.35,0.15,0.06,,0.04,23.45,2.9,,3.11,7.35,MAGDALENA,Mango
"4,593",2019 Jun 17 12:00:00 AM,MAGDALENA,CIÉNAGA,MANGO,AZÙCAR,NO INDICA,FRUTO,NO INDICA,NO INDICA,BUENO,0.34,0.07,1.09,0.13,0.09,,0.04,18.05,2.0,,3.14,8.33,MAGDALENA,Mango
"4,594",2019 Jun 17 12:00:00 AM,MAGDALENA,CIÉNAGA,MANGO,AZÙCAR,NO INDICA,FRUTO,NO INDICA,NO INDICA,BUENO,0.48,0.09,1.25,0.09,0.08,,0.05,16.23,4.11,5.05,5.42,7.18,MAGDALENA,Mango
"4,595",2019 Jun 17 12:00:00 AM,MAGDALENA,CIÉNAGA,MANGO,AZÙCAR,NO INDICA,FRUTO,NO INDICA,NO INDICA,BUENO,0.37,0.08,1.13,0.13,0.05,,0.04,12.56,1.89,,3.39,7.67,MAGDALENA,Mango
"4,596",2019 Jun 19 12:00:00 AM,CESAR,AGUACHICA,ARROZ,VARIEDAD FEDEARROZ 70,NO INDICA,HOJAS,SANA,"46-0-0, 18-46-0, 0-0-60",NO INDICA,1.94,0.27,3.8,0.33,0.18,0.04,0.21,1517.4,5.85,648.45,61.37,5.36,CESAR,Arroz
"4,597",2019 Jun 19 12:00:00 AM,CESAR,AGUACHICA,ARROZ,VARIEDAD FEDEARROZ 70,NO INDICA,HOJAS,SANA,"46-0-0, 18-46-0, 0-0-60",NO INDICA,1.96,0.27,3.97,0.3,0.17,0.03,0.2,1158.75,5.78,686.92,67.32,4.63,CESAR,Arroz
"4,598",2019 Jun 19 12:00:00 AM,CESAR,AGUACHICA,ARROZ,VARIEDAD FEDEARROZ 70,NO INDICA,HOJAS,SANA,"46-0-0, 18-46-0, 0-0-60",NO INDICA,1.79,0.23,4.2,0.29,0.16,,0.18,1102.95,5.66,539.45,54.75,6.89,CESAR,Arroz
"4,599",2019 Jun 19 12:00:00 AM,CESAR,AGUACHICA,ARROZ,VARIEDAD FEDEARROZ 70,NO INDICA,TALLOS,SANA,"46-0-0, 18-46-0, 0-0-60",NO INDICA,1.45,0.35,4.4,0.09,0.14,0.11,0.23,794.25,7.21,625.7,91.32,6.4,CESAR,Arroz
"4,600",2019 Jun 19 12:00:00 AM,CESAR,AGUACHICA,ARROZ,VARIEDAD FEDEARROZ 70,NO INDICA,TALLOS,SANA,"46-0-0, 18-46-0, 0-0-60",NO INDICA,1.22,0.33,3.74,0.12,0.15,0.12,0.22,1603.8,8.14,679.69,95.6,6.89,CESAR,Arroz
"4,601",2019 Jun 19 12:00:00 AM,CESAR,AGUACHICA,ARROZ,VARIEDAD FEDEARROZ 70,NO INDICA,TALLOS,SANA,"46-0-0, 18-46-0, 0-0-60",NO INDICA,1.38,0.39,3.95,0.09,0.16,0.1,0.28,883.35,8.97,696.6,79.54,7.21,CESAR,Arroz
"4,602",2019 Jun 19 12:00:00 AM,CESAR,AGUACHICA,ARROZ,VARIEDAD FEDEARROZ 70,NO INDICA,RAIZ,SANA,"46-0-0, 18-46-0, 0-0-60",NO INDICA,1.13,0.2,1.81,0.33,0.26,0.1,0.34,12237.75,22.31,462.84,102.3,6.57,CESAR,Arroz
"4,603",2019 Jun 19 12:00:00 AM,CESAR,AGUACHICA,ARROZ,VARIEDAD FEDEARROZ 70,NO INDICA,RAIZ,SANA,"46-0-0, 18-46-0, 0-0-60",NO INDICA,0.98,0.18,1.27,0.41,0.29,0.13,0.28,16605.75,23.94,556.33,166.59,6.57,CESAR,Arroz
"4,604",2019 Jun 19 12:00:00 AM,CESAR,AGUACHICA,ARROZ,VARIEDAD FEDEARROZ 70,NO INDICA,RAIZ,SANA,"46-0-0, 18-46-0, 0-0-60",NO INDICA,1.21,0.17,1.37,0.37,0.28,0.09,0.3,11420.85,18.47,454.49,77.8,7.69,CESAR,Arroz
"4,762",2019 Jul 17 12:00:00 AM,CESAR,AGUACHICA,ARROZ,FEDEARROZ 70,NO INDICA,HOJAS,SANA,SI,NO INDICA,2.66,0.22,3.0,0.33,0.19,0.03,0.22,1048.21,9.47,1270.45,85.0,6.29,CESAR,Arroz
"4,763",2019 Jul 17 12:00:00 AM,CESAR,AGUACHICA,ARROZ,FEDEARROZ 70,NO INDICA,HOJAS,SANA,SI,NO INDICA,1.73,0.23,2.59,0.4,0.19,0.05,0.16,1667.95,10.86,991.4,130.08,6.29,CESAR,Arroz
"4,764",2019 Jul 17 12:00:00 AM,CESAR,AGUACHICA,ARROZ,FEDEARROZ 70,NO INDICA,HOJAS,SANA,SI,NO INDICA,2.52,0.21,2.85,0.35,0.18,0.03,0.22,975.45,8.35,1160.28,70.15,6.29,CESAR,Arroz
"4,765",2019 Jul 17 12:00:00 AM,CESAR,AGUACHICA,ARROZ,FEDEARROZ 70,NO INDICA,TALLOS,SANA,SI,NO INDICA,1.78,0.37,5.07,0.11,0.16,0.05,0.25,404.18,9.93,1060.01,88.44,7.4,CESAR,Arroz
"4,766",2019 Jul 17 12:00:00 AM,CESAR,AGUACHICA,ARROZ,FEDEARROZ 70,NO INDICA,TALLOS,SANA,SI,NO INDICA,1.11,0.39,3.6,0.08,0.14,0.07,0.16,281.25,4.46,674.32,73.09,5.02,CESAR,Arroz
"4,767",2019 Jul 17 12:00:00 AM,CESAR,AGUACHICA,ARROZ,FEDEARROZ 70,NO INDICA,TALLOS,SANA,SI,NO INDICA,1.61,0.41,4.22,0.1,0.15,0.05,0.23,295.79,8.64,884.63,78.09,5.82,CESAR,Arroz
"4,768",2019 Jul 17 12:00:00 AM,CESAR,AGUACHICA,ARROZ,FEDEARROZ 70,NO INDICA,RAIZ,SANA,SI,NO INDICA,0.98,0.18,1.14,0.42,0.34,0.1,0.23,12955.77,21.71,708.19,196.57,7.4,CESAR,Arroz
"4,769",2019 Jul 17 12:00:00 AM,CESAR,AGUACHICA,ARROZ,FEDEARROZ 70,NO INDICA,RAIZ,SANA,SI,NO INDICA,0.83,0.22,1.26,0.71,0.55,0.1,0.25,18942.34,22.93,631.87,305.74,5.02,CESAR,Arroz
"4,770",2019 Jul 17 12:00:00 AM,CESAR,AGUACHICA,ARROZ,FEDEARROZ 70,NO INDICA,RAIZ,SANA,SI,NO INDICA,1.04,0.19,1.56,0.71,0.59,0.08,0.31,13646.07,22.34,680.4,157.17,6.93,CESAR,Arroz
"4,776",2019 Jul 17 12:00:00 AM,CÓRDOBA,CERETÉ,CAFÉ,CANEFORA. ROBUSTA,NO INDICA,HOJAS,NO INDICA,NO INDICA,NO INDICA,2.18,0.27,1.87,1.43,0.74,0.26,0.26,250.82,2.74,144.77,53.54,126.11,CORDOBA,Café
"4,777",2019 Jul 17 12:00:00 AM,CÓRDOBA,CERETÉ,CAFÉ,CANEFORA. ROBUSTA,NO INDICA,HOJAS,NO INDICA,NO INDICA,NO INDICA,2.17,0.24,2.07,1.74,0.72,0.26,0.26,215.32,2.33,145.48,46.16,127.38,CORDOBA,Café
"4,778",2019 Jul 17 12:00:00 AM,CÓRDOBA,CERETÉ,CAFÉ,CANEFORA. ROBUSTA,NO INDICA,HOJAS,NO INDICA,NO INDICA,NO INDICA,4.4,0.44,2.9,0.62,0.29,0.04,0.2,76.93,6.44,39.07,9.49,43.95,CORDOBA,Café
"4,779",2019 Jul 18 12:00:00 AM,MAGDALENA,SANTA MARTA,MANGO,AZUCAR,NO INDICA,HOJAS,NO INDICA,NO INDICA,NO INDICA,1.87,0.12,0.61,2.05,0.18,,0.19,40.46,3.63,192.96,11.83,8.52,MAGDALENA,Mango
"4,780",2019 Jul 18 12:00:00 AM,MAGDALENA,SANTA MARTA,MANGO,AZUCAR,NO INDICA,HOJAS,NO INDICA,NO INDICA,NO INDICA,1.72,0.12,0.59,1.92,0.24,,0.18,55.33,6.83,153.78,9.29,13.28,MAGDALENA,Mango
"4,781",2019 Jul 18 12:00:00 AM,MAGDALENA,SANTA MARTA,MANGO,AZUCAR,NO INDICA,HOJAS,NO INDICA,NO INDICA,NO INDICA,1.75,0.11,0.51,1.78,0.19,,0.17,50.7,13.89,201.29,11.06,16.94,MAGDALENA,Mango
"4,782",2019 Jul 18 12:00:00 AM,MAGDALENA,SANTA MARTA,MANGO,AZUCAR,NO INDICA,HOJAS,NO INDICA,NO INDICA,NO INDICA,1.66,0.12,0.59,1.95,0.18,,0.18,33.95,2.14,141.03,14.8,12.81,MAGDALENA,Mango
"4,783",2019 Jul 18 12:00:00 AM,MAGDALENA,SANTA MARTA,MANGO,AZUCAR,NO INDICA,HOJAS,NO INDICA,NO INDICA,NO INDICA,1.58,0.11,0.52,2.31,0.14,0.04,0.18,52.63,49.2,211.17,15.12,32.03,MAGDALENA,Mango
"4,784",2019 Jul 18 12:00:00 AM,MAGDALENA,SANTA MARTA,MANGO,AZUCAR,NO INDICA,HOJAS,NO INDICA,NO INDICA,NO INDICA,1.69,0.11,0.62,2.67,0.19,,0.19,43.8,43.9,253.44,9.11,16.94,MAGDALENA,Mango
"4,785",2019 Jul 18 12:00:00 AM,MAGDALENA,SANTA MARTA,MANGO,AZUCAR,NO INDICA,HOJAS,NO INDICA,NO INDICA,NO INDICA,1.71,0.13,0.67,2.47,0.22,0.03,0.19,60.6,5.3,216.53,9.08,21.07,MAGDALENA,Mango
"4,786",2019 Jul 18 12:00:00 AM,MAGDALENA,SANTA MARTA,MANGO,AZUCAR,NO INDICA,HOJAS,NO INDICA,NO INDICA,NO INDICA,1.55,0.12,0.7,2.76,0.13,,0.19,45.77,48.71,215.18,8.17,26.31,MAGDALENA,Mango
"4,787",2019 Jul 18 12:00:00 AM,MAGDALENA,SANTA MARTA,MANGO,AZUCAR,NO INDICA,HOJAS,NO INDICA,NO INDICA,NO INDICA,1.57,0.1,0.59,1.02,0.38,,0.13,79.11,6.18,51.92,7.31,78.23,MAGDALENA,Mango
"4,788",2019 Jul 18 12:00:00 AM,MAGDALENA,SANTA MARTA,MANGO,AZUCAR,NO INDICA,HOJAS,NO INDICA,NO INDICA,NO INDICA,1.36,0.09,0.49,1.48,0.34,0.03,0.14,70.84,13.58,54.1,8.39,108.81,MAGDALENA,Mango
"4,789",2019 Jul 18 12:00:00 AM,MAGDALENA,SANTA MARTA,MANGO,AZUCAR,NO INDICA,HOJAS,NO INDICA,NO INDICA,NO INDICA,1.4,0.11,0.58,1.65,0.26,0.03,0.14,79.51,7.12,29.48,9.0,71.88,MAGDALENA,Mango
"4,790",2019 Jul 18 12:00:00 AM,MAGDALENA,SANTA MARTA,MANGO,AZUCAR,NO INDICA,HOJAS,NO INDICA,NO INDICA,NO INDICA,1.52,0.1,0.48,1.7,0.24,0.03,0.14,65.58,14.61,50.89,10.93,71.08,MAGDALENA,Mango
"4,791",2019 Jul 18 12:00:00 AM,MAGDALENA,CIÉNAGA,MANGO,AZUCAR,NO INDICA,HOJAS,NO INDICA,NO INDICA,NO INDICA,1.5,0.13,0.71,1.59,0.18,,0.14,51.15,20.46,146.95,13.72,43.79,MAGDALENA,Mango
"4,792",2019 Jul 18 12:00:00 AM,MAGDALENA,CIÉNAGA,MANGO,AZUCAR,NO INDICA,HOJAS,NO INDICA,NO INDICA,NO INDICA,1.52,0.12,0.77,1.58,0.16,,0.15,47.05,12.19,116.89,10.06,41.73,MAGDALENA,Mango
"4,793",2019 Jul 18 12:00:00 AM,MAGDALENA,CIÉNAGA,MANGO,AZUCAR,NO INDICA,HOJAS,NO INDICA,NO INDICA,NO INDICA,1.39,0.09,0.45,2.09,0.2,0.03,0.14,57.11,14.68,225.86,12.03,71.6,MAGDALENA,Mango
"4,794",2019 Jul 18 12:00:00 AM,MAGDALENA,CIÉNAGA,MANGO,AZUCAR,NO INDICA,HOJAS,NO INDICA,NO INDICA,NO INDICA,1.39,0.1,0.68,1.43,0.16,,0.14,52.31,28.04,260.34,15.94,55.55,MAGDALENA,Mango
"4,795",2019 Jul 18 12:00:00 AM,MAGDALENA,CIÉNAGA,MANGO,AZUCAR,NO INDICA,HOJAS,NO INDICA,NO INDICA,NO INDICA,1.4,0.11,0.62,2.8,0.22,0.03,0.18,64.95,4.25,461.6,12.8,78.23,MAGDALENA,Mango
"4,796",2019 Jul 18 12:00:00 AM,MAGDALENA,CIÉNAGA,MANGO,AZUCAR,NO INDICA,HOJAS,NO INDICA,NO INDICA,NO INDICA,1.5,0.12,0.65,2.5,0.26,,0.18,52.5,11.59,106.51,13.16,98.01,MAGDALENA,Mango
"4,797",2019 Jul 18 12:00:00 AM,MAGDALENA,CIÉNAGA,MANGO,AZUCAR,NO INDICA,HOJAS,NO INDICA,NO INDICA,NO INDICA,1.58,0.12,0.85,2.33,0.15,0.03,0.17,53.61,13.79,177.19,12.83,76.21,MAGDALENA,Mango
"4,798",2019 Jul 18 12:00:00 AM,MAGDALENA,CIÉNAGA,MANGO,AZUCAR,NO INDICA,HOJAS,NO INDICA,NO INDICA,NO INDICA,1.47,0.11,0.68,2.11,0.2,,0.15,44.99,14.18,296.0,12.01,55.55,MAGDALENA,Mango
"4,799",2019 Jul 18 12:00:00 AM,MAGDALENA,CIÉNAGA,MANGO,AZUCAR,NO INDICA,HOJAS,NO INDICA,NO INDICA,NO INDICA,1.27,0.12,0.74,2.4,0.18,,0.15,60.95,6.84,193.63,11.22,53.48,MAGDALENA,Mango
"4,800",2019 Jul 18 12:00:00 AM,MAGDALENA,CIÉNAGA,MANGO,AZUCAR,NO INDICA,HOJAS,NO INDICA,NO INDICA,NO INDICA,1.27,0.1,0.57,2.71,0.24,0.03,0.16,59.4,18.92,101.49,13.7,99.91,MAGDALENA,Mango
"4,801",2019 Jul 18 12:00:00 AM,MAGDALENA,CIÉNAGA,MANGO,AZUCAR,NO INDICA,HOJAS,NO INDICA,NO INDICA,NO INDICA,1.25,0.11,0.67,2.33,0.3,0.03,0.16,49.66,9.22,150.38,12.1,79.82,MAGDALENA,Mango
"4,802",2019 Jul 18 12:00:00 AM,MAGDALENA,CIÉNAGA,MANGO,AZUCAR,NO INDICA,HOJAS,NO INDICA,NO INDICA,NO INDICA,1.22,0.11,0.68,2.26,0.2,0.03,0.15,55.4,6.76,186.81,11.44,92.53,MAGDALENA,Mango
"4,803",2019 Jul 18 12:00:00 AM,MAGDALENA,SANTA MARTA,MANGO,AZUCAR,NO INDICA,FRUTO,NO INDICA,NO INDICA,NO INDICA,0.6,0.1,0.53,0.18,0.07,,0.04,16.3,3.12,,5.53,3.27,MAGDALENA,Mango
"4,804",2019 Jul 18 12:00:00 AM,MAGDALENA,SANTA MARTA,MANGO,AZUCAR,NO INDICA,FRUTO,NO INDICA,NO INDICA,NO INDICA,0.6,0.08,0.63,0.14,0.07,,0.03,9.58,,,4.15,4.7,MAGDALENA,Mango
"4,805",2019 Jul 18 12:00:00 AM,MAGDALENA,SANTA MARTA,MANGO,AZUCAR,NO INDICA,FRUTO,NO INDICA,NO INDICA,NO INDICA,0.38,0.09,0.58,0.13,0.06,,0.04,17.66,1.66,,4.08,4.23,MAGDALENA,Mango
"4,806",2019 Jul 18 12:00:00 AM,MAGDALENA,SANTA MARTA,MANGO,AZUCAR,NO INDICA,FRUTO,NO INDICA,NO INDICA,NO INDICA,0.49,0.09,0.58,0.12,0.07,,0.04,13.12,,,4.08,3.91,MAGDALENA,Mango
"4,807",2019 Jul 18 12:00:00 AM,MAGDALENA,SANTA MARTA,MANGO,AZUCAR,NO INDICA,FRUTO,NO INDICA,NO INDICA,NO INDICA,0.73,0.11,0.72,0.13,0.07,,0.05,37.3,1.62,,5.31,5.66,MAGDALENA,Mango
"4,808",2019 Jul 18 12:00:00 AM,MAGDALENA,SANTA MARTA,MANGO,AZUCAR,NO INDICA,FRUTO,NO INDICA,NO INDICA,NO INDICA,0.63,0.09,0.5,0.08,0.07,,0.03,21.77,,,4.12,4.54,MAGDALENA,Mango
"4,809",2019 Jul 18 12:00:00 AM,MAGDALENA,SANTA MARTA,MANGO,AZUCAR,NO INDICA,FRUTO,NO INDICA,NO INDICA,NO INDICA,0.41,0.08,0.57,0.14,0.05,,0.03,15.48,,,3.77,3.91,MAGDALENA,Mango
"4,810",2019 Jul 18 12:00:00 AM,MAGDALENA,SANTA MARTA,MANGO,AZUCAR,NO INDICA,FRUTO,NO INDICA,NO INDICA,NO INDICA,0.6,0.1,0.74,0.16,0.07,,0.04,16.33,3.37,,4.09,5.18,MAGDALENA,Mango
"4,811",2019 Jul 18 12:00:00 AM,MAGDALENA,SANTA MARTA,MANGO,AZUCAR,NO INDICA,FRUTO,NO INDICA,NO INDICA,NO INDICA,0.62,0.11,0.79,0.11,0.11,,0.05,11.38,,,4.89,7.88,MAGDALENA,Mango
"4,812",2019 Jul 18 12:00:00 AM,MAGDALENA,SANTA MARTA,MANGO,AZUCAR,NO INDICA,FRUTO,NO INDICA,NO INDICA,NO INDICA,0.5,0.07,0.75,0.09,0.09,,0.03,11.54,,,4.05,6.29,MAGDALENA,Mango
"4,813",2019 Jul 18 12:00:00 AM,MAGDALENA,SANTA MARTA,MANGO,AZUCAR,NO INDICA,FRUTO,NO INDICA,NO INDICA,NO INDICA,0.69,0.11,0.7,0.12,0.09,,0.05,21.03,5.24,,5.49,5.97,MAGDALENA,Mango
"4,814",2019 Jul 18 12:00:00 AM,MAGDALENA,SANTA MARTA,MANGO,AZUCAR,NO INDICA,FRUTO,NO INDICA,NO INDICA,NO INDICA,0.76,0.1,0.68,0.12,0.09,,0.04,12.9,5.9,,4.68,7.09,MAGDALENA,Mango
"4,815",2019 Jul 18 12:00:00 AM,MAGDALENA,CIÉNAGA,MANGO,AZUCAR,NO INDICA,FRUTO,NO INDICA,NO INDICA,NO INDICA,0.42,0.1,0.62,0.08,0.07,,0.04,9.0,3.48,,4.11,4.86,MAGDALENA,Mango
"4,816",2019 Jul 18 12:00:00 AM,MAGDALENA,CIÉNAGA,MANGO,AZUCAR,NO INDICA,FRUTO,NO INDICA,NO INDICA,NO INDICA,0.62,0.15,0.6,0.1,0.1,,0.05,18.56,5.16,,6.4,6.13,MAGDALENA,Mango
"4,817",2019 Jul 18 12:00:00 AM,MAGDALENA,CIÉNAGA,MANGO,AZUCAR,NO INDICA,FRUTO,NO INDICA,NO INDICA,NO INDICA,0.56,0.11,0.63,0.18,0.08,,0.05,20.36,4.52,6.19,5.72,7.77,MAGDALENA,Mango
"4,818",2019 Jul 18 12:00:00 AM,MAGDALENA,CIÉNAGA,MANGO,AZUCAR,NO INDICA,FRUTO,NO INDICA,NO INDICA,NO INDICA,0.59,0.13,0.86,0.11,0.09,,0.05,12.62,5.42,5.14,6.49,6.46,MAGDALENA,Mango
"4,819",2019 Jul 18 12:00:00 AM,MAGDALENA,CIÉNAGA,MANGO,AZUCAR,NO INDICA,FRUTO,NO INDICA,NO INDICA,NO INDICA,0.59,0.12,0.81,0.16,0.07,,0.05,13.81,2.01,5.48,5.08,5.97,MAGDALENA,Mango
"4,820",2019 Jul 18 12:00:00 AM,MAGDALENA,CIÉNAGA,MANGO,AZUCAR,NO INDICA,FRUTO,NO INDICA,NO INDICA,NO INDICA,0.43,0.1,0.72,0.16,0.06,,0.04,13.16,2.77,,4.84,5.81,MAGDALENA,Mango
"4,821",2019 Jul 18 12:00:00 AM,MAGDALENA,CIÉNAGA,MANGO,AZUCAR,NO INDICA,FRUTO,NO INDICA,NO INDICA,NO INDICA,0.46,0.1,0.77,0.13,0.06,,0.04,9.23,1.77,,4.07,5.65,MAGDALENA,Mango
"4,822",2019 Jul 18 12:00:00 AM,MAGDALENA,CIÉNAGA,MANGO,AZUCAR,NO INDICA,FRUTO,NO INDICA,NO INDICA,NO INDICA,0.38,0.08,0.51,0.11,0.06,,0.03,7.07,1.71,,3.4,5.32,MAGDALENA,Mango
"4,823",2019 Jul 18 12:00:00 AM,MAGDALENA,CIÉNAGA,MANGO,AZUCAR,NO INDICA,FRUTO,NO INDICA,NO INDICA,NO INDICA,0.36,0.13,0.89,0.14,0.08,,0.04,16.48,4.02,,4.66,6.14,MAGDALENA,Mango
"4,824",2019 Jul 18 12:00:00 AM,MAGDALENA,CIÉNAGA,MANGO,AZUCAR,NO INDICA,FRUTO,NO INDICA,NO INDICA,NO INDICA,0.48,0.13,0.83,0.14,0.07,,0.05,14.0,2.82,,4.36,6.3,MAGDALENA,Mango
"4,825",2019 Jul 18 12:00:00 AM,MAGDALENA,CIÉNAGA,MANGO,AZUCAR,NO INDICA,FRUTO,NO INDICA,NO INDICA,NO INDICA,0.27,0.08,0.72,0.15,0.05,,0.03,25.84,5.34,,2.7,5.65,MAGDALENA,Mango
"4,826",2019 Jul 18 12:00:00 AM,MAGDALENA,CIÉNAGA,MANGO,AZUCAR,NO INDICA,FRUTO,NO INDICA,NO INDICA,NO INDICA,0.62,0.13,0.79,0.2,0.08,,0.05,19.14,7.59,,5.22,6.79,MAGDALENA,Mango
"4,831",2019 Jul 24 12:00:00 AM,CESAR,AGUSTÍN CODAZZI,TABEBUIA ROSEA,NO INDICA,NO INDICA,HOJAS,NO INDICA,NO INDICA,NO INDICA,2.46,0.32,2.47,2.88,0.45,0.04,0.38,65.93,13.65,19.26,20.48,49.03,CESAR,Tabebuia rosea
"4,832",2019 Jul 24 12:00:00 AM,CESAR,AGUSTÍN CODAZZI,TABEBUIA ROSEA,NO INDICA,NO INDICA,TALLOS,NO INDICA,NO INDICA,NO INDICA,0.27,0.11,0.27,0.2,0.04,,0.04,,5.75,,8.75,6.44,CESAR,Tabebuia rosea
"4,833",2019 Jul 24 12:00:00 AM,CESAR,AGUSTÍN CODAZZI,TABEBUIA ROSEA,NO INDICA,NO INDICA,RAMAS,NO INDICA,NO INDICA,NO INDICA,0.66,0.24,1.4,1.71,0.14,0.06,0.15,19.31,17.96,,22.05,20.98,CESAR,Tabebuia rosea
"4,834",2019 Jul 24 12:00:00 AM,CESAR,AGUSTÍN CODAZZI,TABEBUIA ROSEA,NO INDICA,NO INDICA,RAMAS,NO INDICA,NO INDICA,NO INDICA,0.49,0.14,0.41,1.26,0.12,,0.13,16.92,14.62,,11.8,16.36,CESAR,Tabebuia rosea
"4,835",2019 Jul 24 12:00:00 AM,CESAR,AGUSTÍN CODAZZI,TABEBUIA ROSEA,NO INDICA,NO INDICA,RAMAS,NO INDICA,NO INDICA,NO INDICA,0.15,0.09,0.2,0.37,0.06,,0.08,,4.72,,7.32,5.93,CESAR,Tabebuia rosea
"4,836",2019 Jul 24 12:00:00 AM,CESAR,AGUSTÍN CODAZZI,TABEBUIA ROSEA,NO INDICA,NO INDICA,CORTEZA,NO INDICA,NO INDICA,NO INDICA,0.52,0.12,0.47,0.83,0.07,,0.07,40.5,22.33,,7.71,18.76,CESAR,Tabebuia rosea
"4,837",2019 Jul 24 12:00:00 AM,CESAR,AGUSTÍN CODAZZI,STERCULIA APETALA,NO INDICA,NO INDICA,HOJAS,NO INDICA,NO INDICA,NO INDICA,2.06,0.3,0.55,1.4,0.39,,0.41,144.64,6.66,55.85,56.4,104.1,CESAR,Sterculia apetala
"4,838",2019 Jul 24 12:00:00 AM,CESAR,AGUSTÍN CODAZZI,STERCULIA APETALA,NO INDICA,NO INDICA,TALLOS,NO INDICA,NO INDICA,NO INDICA,0.28,0.19,0.4,0.81,0.14,,0.11,7.84,3.09,,24.01,9.01,CESAR,Sterculia apetala
"4,839",2019 Jul 24 12:00:00 AM,CESAR,AGUSTÍN CODAZZI,STERCULIA APETALA,NO INDICA,NO INDICA,RAMAS,NO INDICA,NO INDICA,NO INDICA,0.87,0.49,1.05,2.14,0.29,,0.21,33.28,6.45,14.07,40.59,26.28,CESAR,Sterculia apetala
"4,840",2019 Jul 24 12:00:00 AM,CESAR,AGUSTÍN CODAZZI,STERCULIA APETALA,NO INDICA,NO INDICA,RAMAS,NO INDICA,NO INDICA,NO INDICA,0.76,0.38,0.74,1.97,0.23,,0.15,22.42,4.5,13.5,30.66,22.69,CESAR,Sterculia apetala
"4,841",2019 Jul 24 12:00:00 AM,CESAR,AGUSTÍN CODAZZI,STERCULIA APETALA,NO INDICA,NO INDICA,RAMAS,NO INDICA,NO INDICA,NO INDICA,0.71,0.19,1.13,2.63,0.1,,0.14,17.48,3.6,21.48,47.53,36.54,CESAR,Sterculia apetala
"4,842",2019 Jul 24 12:00:00 AM,CESAR,AGUSTÍN CODAZZI,STERCULIA APETALA,NO INDICA,NO INDICA,CORTEZA,NO INDICA,NO INDICA,NO INDICA,0.43,0.27,0.37,1.95,0.27,,0.12,6.7,1.96,,26.01,16.19,CESAR,Sterculia apetala
"5,047",2019 Sep 30 12:00:00 AM,CÓRDOBA,CERETÉ,BATATA,AURORA,NO INDICA,HOJAS,NO INDICA,NO INDICA,NO INDICA,2.31,0.33,3.87,0.99,0.59,,0.33,169.81,11.2,29.03,12.65,35.36,CORDOBA,Batata
"5,048",2019 Sep 30 12:00:00 AM,CÓRDOBA,CERETÉ,BATATA,AURORA,NO INDICA,TALLOS,NO INDICA,NO INDICA,NO INDICA,0.99,0.26,2.36,1.01,0.46,0.1,0.17,70.24,13.72,14.58,9.75,26.08,CORDOBA,Batata
"5,049",2019 Sep 30 12:00:00 AM,CÓRDOBA,CERETÉ,BATATA,AURORA,NO INDICA,RAIZ,NO INDICA,NO INDICA,NO INDICA,0.8,0.21,1.59,0.46,0.14,0.29,0.1,298.17,13.25,16.12,11.21,20.77,CORDOBA,Batata
"5,050",2019 Sep 30 12:00:00 AM,CÓRDOBA,CERETÉ,BATATA,AURORA,NO INDICA,HOJAS,NO INDICA,NO INDICA,NO INDICA,3.34,0.35,5.82,1.14,0.57,,0.36,3150.41,17.6,77.05,28.68,49.35,CORDOBA,Batata
"5,051",2019 Sep 30 12:00:00 AM,CÓRDOBA,CERETÉ,BATATA,AURORA,NO INDICA,TALLOS,NO INDICA,NO INDICA,NO INDICA,1.7,0.37,4.2,0.86,0.41,0.06,0.21,251.21,14.85,19.36,12.74,23.87,CORDOBA,Batata
"5,052",2019 Sep 30 12:00:00 AM,CÓRDOBA,CERETÉ,BATATA,AURORA,NO INDICA,RAIZ,NO INDICA,NO INDICA,NO INDICA,1.2,0.3,2.51,0.46,0.18,0.24,0.14,368.2,13.05,17.94,15.68,30.79,CORDOBA,Batata
"5,053",2019 Sep 30 12:00:00 AM,CÓRDOBA,CERETÉ,BATATA,AURORA,NO INDICA,HOJAS,NO INDICA,NO INDICA,NO INDICA,4.05,0.36,4.51,1.42,0.81,,0.42,707.81,17.78,62.11,21.33,47.44,CORDOBA,Batata
"5,054",2019 Sep 30 12:00:00 AM,CÓRDOBA,CERETÉ,BATATA,AURORA,NO INDICA,TALLOS,NO INDICA,NO INDICA,NO INDICA,1.4,0.31,3.08,0.94,0.47,0.06,0.18,147.41,15.37,17.6,10.99,22.54,CORDOBA,Batata
"5,055",2019 Sep 30 12:00:00 AM,CÓRDOBA,CERETÉ,BATATA,AURORA,NO INDICA,RAIZ,NO INDICA,NO INDICA,NO INDICA,0.96,0.22,2.18,0.41,0.17,0.23,0.12,475.98,17.08,19.59,13.99,25.78,CORDOBA,Batata
"5,056",2019 Sep 30 12:00:00 AM,CÓRDOBA,CERETÉ,BATATA,AURORA,NO INDICA,HOJAS,NO INDICA,NO INDICA,NO INDICA,3.18,0.36,4.25,1.05,0.67,,0.42,267.88,15.6,40.54,19.13,45.23,CORDOBA,Batata
"5,057",2019 Sep 30 12:00:00 AM,CÓRDOBA,CERETÉ,BATATA,AURORA,NO INDICA,TALLOS,NO INDICA,NO INDICA,NO INDICA,1.11,0.35,3.04,0.8,0.46,0.07,0.19,67.24,15.28,12.25,10.42,23.72,CORDOBA,Batata
"5,058",2019 Sep 30 12:00:00 AM,CÓRDOBA,CERETÉ,BATATA,AURORA,NO INDICA,RAIZ,NO INDICA,NO INDICA,NO INDICA,0.96,0.22,2.13,0.43,0.16,0.26,0.11,313.71,16.56,16.73,12.03,23.87,CORDOBA,Batata
"5,059",2019 Sep 30 12:00:00 AM,CÓRDOBA,CERETÉ,BATATA,AURORA,NO INDICA,HOJAS,NO INDICA,NO INDICA,NO INDICA,3.2,0.33,5.62,1.22,0.6,,0.36,1119.96,17.88,60.0,21.3,50.68,CORDOBA,Batata
"5,060",2019 Sep 30 12:00:00 AM,CÓRDOBA,CERETÉ,BATATA,AURORA,NO INDICA,TALLOS,NO INDICA,NO INDICA,NO INDICA,1.37,0.33,3.38,0.83,0.47,0.07,0.18,249.55,16.04,20.05,12.18,22.1,CORDOBA,Batata
"5,061",2019 Sep 30 12:00:00 AM,CÓRDOBA,CERETÉ,BATATA,AURORA,NO INDICA,RAIZ,NO INDICA,NO INDICA,NO INDICA,1.09,0.22,2.13,0.54,0.2,0.35,0.12,510.18,14.84,23.02,14.95,35.65,CORDOBA,Batata
"5,062",2019 Sep 30 12:00:00 AM,CÓRDOBA,CERETÉ,BATATA,AURORA,NO INDICA,HOJAS,NO INDICA,NO INDICA,NO INDICA,3.55,0.39,6.8,1.15,0.55,,0.41,1466.97,16.56,71.18,24.08,49.65,CORDOBA,Batata
"5,063",2019 Sep 30 12:00:00 AM,CÓRDOBA,CERETÉ,BATATA,AURORA,NO INDICA,TALLOS,NO INDICA,NO INDICA,NO INDICA,1.54,0.33,3.99,0.9,0.32,0.06,0.17,193.56,12.75,21.55,10.5,22.39,CORDOBA,Batata
"5,064",2019 Sep 30 12:00:00 AM,CÓRDOBA,CERETÉ,BATATA,AURORA,NO INDICA,RAIZ,NO INDICA,NO INDICA,NO INDICA,1.2,0.23,2.46,0.63,0.14,0.24,0.12,561.15,12.19,23.44,22.34,29.47,CORDOBA,Batata
"5,065",2019 Sep 30 12:00:00 AM,CÓRDOBA,CERETÉ,BATATA,AURORA,NO INDICA,HOJAS,NO INDICA,NO INDICA,NO INDICA,2.35,0.41,4.72,1.17,0.44,,0.38,215.99,10.98,38.8,15.35,50.97,CORDOBA,Batata
"5,066",2019 Sep 30 12:00:00 AM,CÓRDOBA,CERETÉ,BATATA,AURORA,NO INDICA,TALLOS,NO INDICA,NO INDICA,NO INDICA,0.44,0.41,2.82,0.8,0.35,0.05,0.2,68.91,11.31,13.53,10.23,20.77,CORDOBA,Batata
"5,067",2019 Sep 30 12:00:00 AM,CÓRDOBA,CERETÉ,BATATA,AURORA,NO INDICA,RAIZ,NO INDICA,NO INDICA,NO INDICA,0.96,0.27,2.02,0.49,0.14,0.24,0.17,496.74,15.66,22.78,12.68,29.76,CORDOBA,Batata
"5,068",2019 Sep 30 12:00:00 AM,CÓRDOBA,CERETÉ,BATATA,AURORA,NO INDICA,HOJAS,NO INDICA,NO INDICA,NO INDICA,2.67,0.48,4.69,1.1,0.4,,0.43,241.09,10.67,39.8,14.68,50.83,CORDOBA,Batata
"5,069",2019 Sep 30 12:00:00 AM,CÓRDOBA,CERETÉ,BATATA,AURORA,NO INDICA,TALLOS,NO INDICA,NO INDICA,NO INDICA,0.47,0.5,3.39,0.72,0.26,,0.22,66.34,12.74,13.08,13.41,21.07,CORDOBA,Batata
"5,070",2019 Sep 30 12:00:00 AM,CÓRDOBA,CERETÉ,BATATA,AURORA,NO INDICA,RAIZ,NO INDICA,NO INDICA,NO INDICA,0.82,0.35,2.31,0.43,0.15,0.06,0.15,473.99,11.8,18.65,11.96,23.87,CORDOBA,Batata
"5,071",2019 Sep 30 12:00:00 AM,CÓRDOBA,CERETÉ,BATATA,AURORA,NO INDICA,HOJAS,NO INDICA,NO INDICA,NO INDICA,2.02,0.56,3.76,0.94,0.62,,0.49,113.31,7.76,44.47,12.22,49.8,CORDOBA,Batata
"5,072",2019 Sep 30 12:00:00 AM,CÓRDOBA,CERETÉ,BATATA,AURORA,NO INDICA,TALLOS,NO INDICA,NO INDICA,NO INDICA,0.36,0.4,2.47,0.52,0.29,,0.21,50.24,7.63,13.93,9.33,22.1,CORDOBA,Batata
"5,073",2019 Sep 30 12:00:00 AM,CÓRDOBA,CERETÉ,BATATA,AURORA,NO INDICA,RAIZ,NO INDICA,NO INDICA,NO INDICA,1.43,0.29,2.0,0.31,0.15,0.1,0.16,1025.62,15.7,24.66,11.02,26.22,CORDOBA,Batata
"5,074",2019 Sep 30 12:00:00 AM,CÓRDOBA,CERETÉ,BATATA,AURORA,NO INDICA,HOJAS,NO INDICA,NO INDICA,NO INDICA,1.73,0.37,5.29,1.49,0.69,,0.42,670.85,15.06,70.85,20.66,59.37,CORDOBA,Batata
"5,075",2019 Sep 30 12:00:00 AM,CÓRDOBA,CERETÉ,BATATA,AURORA,NO INDICA,TALLOS,NO INDICA,NO INDICA,NO INDICA,1.06,0.32,2.92,1.03,0.44,0.1,0.19,144.51,12.87,20.54,10.88,24.31,CORDOBA,Batata
"5,076",2019 Sep 30 12:00:00 AM,CÓRDOBA,CERETÉ,BATATA,AURORA,NO INDICA,RAIZ,NO INDICA,NO INDICA,NO INDICA,1.02,0.32,2.36,0.53,0.17,0.38,0.16,305.99,16.58,18.28,14.47,41.84,CORDOBA,Batata
"5,077",2019 Sep 30 12:00:00 AM,CÓRDOBA,CERETÉ,BATATA,AURORA,NO INDICA,HOJAS,NO INDICA,NO INDICA,NO INDICA,2.93,0.43,7.0,1.35,0.63,,0.44,572.67,16.82,70.1,24.07,67.18,CORDOBA,Batata
"5,078",2019 Sep 30 12:00:00 AM,CÓRDOBA,CERETÉ,BATATA,AURORA,NO INDICA,TALLOS,NO INDICA,NO INDICA,NO INDICA,1.37,0.47,4.57,1.43,0.51,0.08,0.29,115.19,14.43,23.17,13.02,26.81,CORDOBA,Batata
"5,079",2019 Sep 30 12:00:00 AM,CÓRDOBA,CERETÉ,BATATA,AURORA,NO INDICA,RAIZ,NO INDICA,NO INDICA,NO INDICA,1.1,0.39,2.74,0.78,0.21,0.37,0.18,343.55,14.29,18.97,15.49,41.25,CORDOBA,Batata
"5,080",2019 Sep 30 12:00:00 AM,CÓRDOBA,CERETÉ,BATATA,AURORA,NO INDICA,HOJAS,NO INDICA,NO INDICA,NO INDICA,2.67,0.53,5.64,1.89,0.72,0.03,0.59,560.46,18.66,73.05,21.88,68.95,CORDOBA,Batata
"5,081",2019 Sep 30 12:00:00 AM,CÓRDOBA,CERETÉ,BATATA,AURORA,NO INDICA,TALLOS,NO INDICA,NO INDICA,NO INDICA,1.07,0.45,3.89,1.22,0.47,0.06,0.26,106.2,16.61,21.57,12.29,26.08,CORDOBA,Batata
"5,082",2019 Sep 30 12:00:00 AM,CÓRDOBA,CERETÉ,BATATA,AURORA,NO INDICA,RAIZ,NO INDICA,NO INDICA,NO INDICA,0.76,0.3,2.86,0.62,0.15,0.22,0.14,208.98,14.84,15.55,13.25,36.98,CORDOBA,Batata
"5,083",2019 Sep 30 12:00:00 AM,CÓRDOBA,CERETÉ,BATATA,AURORA,NO INDICA,HOJAS,NO INDICA,NO INDICA,NO INDICA,2.76,0.35,5.69,1.61,0.65,,0.35,1162.44,28.29,68.76,26.01,61.88,CORDOBA,Batata
"5,084",2019 Sep 30 12:00:00 AM,CÓRDOBA,CERETÉ,BATATA,AURORA,NO INDICA,TALLOS,NO INDICA,NO INDICA,NO INDICA,1.44,0.5,4.9,1.3,0.54,0.08,0.27,147.23,18.38,21.75,12.47,27.55,CORDOBA,Batata
"5,085",2019 Sep 30 12:00:00 AM,CÓRDOBA,CERETÉ,BATATA,AURORA,NO INDICA,RAIZ,NO INDICA,NO INDICA,NO INDICA,1.28,0.4,3.07,0.63,0.2,0.23,0.16,215.8,18.83,19.03,16.66,32.41,CORDOBA,Batata
"5,086",2019 Sep 30 12:00:00 AM,CÓRDOBA,CERETÉ,BATATA,AURORA,NO INDICA,HOJAS,NO INDICA,NO INDICA,NO INDICA,2.91,0.47,6.28,1.73,0.65,,0.51,479.62,17.96,64.33,21.15,63.64,CORDOBA,Batata
"5,087",2019 Sep 30 12:00:00 AM,CÓRDOBA,CERETÉ,BATATA,AURORA,NO INDICA,TALLOS,NO INDICA,NO INDICA,NO INDICA,1.42,0.39,3.66,1.44,0.43,0.08,0.24,120.87,16.79,20.72,14.87,15.62,CORDOBA,Batata
"5,088",2019 Sep 30 12:00:00 AM,CÓRDOBA,CERETÉ,BATATA,AURORA,NO INDICA,RAIZ,NO INDICA,NO INDICA,NO INDICA,1.46,0.33,2.69,0.62,0.16,0.15,0.15,182.44,16.68,13.1,14.87,29.02,CORDOBA,Batata
"5,089",2019 Sep 30 12:00:00 AM,CÓRDOBA,CERETÉ,BATATA,AURORA,NO INDICA,HOJAS,NO INDICA,NO INDICA,NO INDICA,3.0,0.39,6.59,1.51,0.56,0.03,0.52,391.76,15.55,94.31,23.0,68.36,CORDOBA,Batata
"5,090",2019 Sep 30 12:00:00 AM,CÓRDOBA,CERETÉ,BATATA,AURORA,NO INDICA,TALLOS,NO INDICA,NO INDICA,NO INDICA,1.37,0.57,4.44,1.1,0.36,0.06,0.24,70.47,13.9,27.83,12.44,22.84,CORDOBA,Batata
"5,091",2019 Sep 30 12:00:00 AM,CÓRDOBA,CERETÉ,BATATA,AURORA,NO INDICA,RAIZ,NO INDICA,NO INDICA,NO INDICA,1.07,0.41,2.93,0.68,0.16,0.22,0.16,263.76,15.62,21.16,17.41,40.22,CORDOBA,Batata
"5,092",2019 Sep 30 12:00:00 AM,CÓRDOBA,CERETÉ,BATATA,AURORA,NO INDICA,HOJAS,NO INDICA,NO INDICA,NO INDICA,2.57,0.71,3.61,1.75,0.55,,0.58,450.88,14.47,61.69,23.37,61.29,CORDOBA,Batata
"5,093",2019 Sep 30 12:00:00 AM,CÓRDOBA,CERETÉ,BATATA,AURORA,NO INDICA,TALLOS,NO INDICA,NO INDICA,NO INDICA,1.04,0.66,3.67,1.34,0.44,,0.29,133.6,15.22,20.58,16.32,23.42,CORDOBA,Batata
"5,094",2019 Sep 30 12:00:00 AM,CÓRDOBA,CERETÉ,BATATA,AURORA,NO INDICA,RAIZ,NO INDICA,NO INDICA,NO INDICA,0.84,0.43,2.78,0.79,0.19,0.07,0.18,365.75,15.36,18.89,15.9,36.39,CORDOBA,Batata
"5,095",2019 Sep 30 12:00:00 AM,CÓRDOBA,CERETÉ,BATATA,AURORA,NO INDICA,HOJAS,NO INDICA,NO INDICA,NO INDICA,2.87,0.78,5.58,1.92,0.57,0.03,0.67,1290.55,22.73,91.26,31.31,81.04,CORDOBA,Batata
"5,096",2019 Sep 30 12:00:00 AM,CÓRDOBA,CERETÉ,BATATA,AURORA,NO INDICA,TALLOS,NO INDICA,NO INDICA,NO INDICA,1.44,0.75,3.88,1.38,0.35,,0.3,182.87,17.78,26.07,18.73,27.7,CORDOBA,Batata
"5,097",2019 Sep 30 12:00:00 AM,CÓRDOBA,CERETÉ,BATATA,AURORA,NO INDICA,RAIZ,NO INDICA,NO INDICA,NO INDICA,1.03,0.52,2.95,0.88,0.19,0.1,0.19,464.45,14.69,24.64,17.82,50.97,CORDOBA,Batata
"5,098",2019 Sep 30 12:00:00 AM,CÓRDOBA,CERETÉ,BATATA,AURORA,NO INDICA,HOJAS,NO INDICA,NO INDICA,NO INDICA,2.93,0.59,4.5,1.74,0.66,0.03,0.7,389.32,17.28,106.88,26.71,69.39,CORDOBA,Batata
"5,099",2019 Sep 30 12:00:00 AM,CÓRDOBA,CERETÉ,BATATA,AURORA,NO INDICA,TALLOS,NO INDICA,NO INDICA,NO INDICA,1.11,0.7,2.41,1.09,0.32,0.04,0.21,130.23,16.25,30.92,18.57,24.31,CORDOBA,Batata
"5,100",2019 Sep 30 12:00:00 AM,CÓRDOBA,CERETÉ,BATATA,AURORA,NO INDICA,RAIZ,NO INDICA,NO INDICA,NO INDICA,0.76,0.26,1.93,0.33,0.13,0.03,0.13,430.93,16.66,21.93,11.53,53.18,CORDOBA,Batata
"5,101",2019 Sep 30 12:00:00 AM,CÓRDOBA,CERETÉ,BATATA,AURORA,NO INDICA,HOJAS,NO INDICA,NO INDICA,NO INDICA,3.2,0.45,3.66,1.19,0.38,0.05,0.33,1511.63,18.84,29.08,14.17,71.45,CORDOBA,Batata
"5,102",2019 Sep 30 12:00:00 AM,CÓRDOBA,CERETÉ,BATATA,AURORA,NO INDICA,TALLOS,NO INDICA,NO INDICA,NO INDICA,1.61,0.44,3.67,1.42,0.35,0.07,0.25,194.56,17.78,31.99,14.67,25.34,CORDOBA,Batata
"5,103",2019 Sep 30 12:00:00 AM,CÓRDOBA,CERETÉ,BATATA,AURORA,NO INDICA,RAIZ,NO INDICA,NO INDICA,NO INDICA,1.84,0.42,2.66,0.66,0.14,0.22,0.18,178.72,16.28,16.69,18.46,32.71,CORDOBA,Batata
"5,104",2019 Sep 30 12:00:00 AM,CÓRDOBA,CERETÉ,BATATA,AURORA,NO INDICA,HOJAS,NO INDICA,NO INDICA,NO INDICA,2.02,0.25,3.58,1.52,0.48,0.22,0.64,6893.98,19.41,167.88,38.82,58.93,CORDOBA,Batata
"5,105",2019 Sep 30 12:00:00 AM,CÓRDOBA,CERETÉ,BATATA,AURORA,NO INDICA,TALLOS,NO INDICA,NO INDICA,NO INDICA,0.65,0.27,4.0,1.2,0.34,0.04,0.24,660.89,13.37,33.75,15.56,24.31,CORDOBA,Batata
"5,106",2019 Sep 30 12:00:00 AM,CÓRDOBA,CERETÉ,BATATA,AURORA,NO INDICA,RAIZ,NO INDICA,NO INDICA,NO INDICA,1.15,0.33,2.7,0.53,0.16,0.17,0.15,629.55,11.47,22.45,19.05,24.31,CORDOBA,Batata
"5,107",2019 Sep 30 12:00:00 AM,CÓRDOBA,CERETÉ,BATATA,AURORA,NO INDICA,HOJAS,NO INDICA,NO INDICA,NO INDICA,1.69,0.54,3.19,1.39,0.68,0.05,0.42,9022.32,31.05,213.41,50.46,47.88,CORDOBA,Batata
"5,108",2019 Sep 30 12:00:00 AM,CÓRDOBA,CERETÉ,BATATA,AURORA,NO INDICA,TALLOS,NO INDICA,NO INDICA,NO INDICA,1.15,0.5,3.83,1.14,0.27,0.06,0.21,678.46,17.95,30.86,16.04,24.6,CORDOBA,Batata
"5,109",2019 Sep 30 12:00:00 AM,CÓRDOBA,CERETÉ,BATATA,AURORA,NO INDICA,RAIZ,NO INDICA,NO INDICA,NO INDICA,0.89,0.22,3.13,0.21,0.1,0.03,0.09,137.38,17.19,24.14,20.27,16.94,CORDOBA,Batata
"5,110",2019 Sep 30 12:00:00 AM,CÓRDOBA,CERETÉ,BATATA,AURORA,NO INDICA,HOJAS,NO INDICA,NO INDICA,NO INDICA,3.09,0.43,2.46,0.65,0.16,0.19,0.2,641.72,16.42,29.26,17.21,66.89,CORDOBA,Batata
"5,111",2019 Sep 30 12:00:00 AM,CÓRDOBA,CERETÉ,BATATA,AURORA,NO INDICA,TALLOS,NO INDICA,NO INDICA,NO INDICA,1.35,0.4,2.87,0.64,0.33,0.07,0.21,252.21,14.31,21.98,12.23,21.95,CORDOBA,Batata
"5,112",2019 Sep 30 12:00:00 AM,CÓRDOBA,CERETÉ,BATATA,AURORA,NO INDICA,RAIZ,NO INDICA,NO INDICA,NO INDICA,1.29,0.29,3.96,1.55,0.15,0.08,0.25,240.02,17.39,31.53,15.27,26.67,CORDOBA,Batata
"5,113",2019 Sep 30 12:00:00 AM,CÓRDOBA,CERETÉ,BATATA,AURORA,NO INDICA,HOJAS,NO INDICA,NO INDICA,NO INDICA,2.82,0.42,3.2,0.71,0.14,0.23,0.18,178.53,21.59,17.17,21.54,56.87,CORDOBA,Batata
"5,114",2019 Sep 30 12:00:00 AM,CÓRDOBA,CERETÉ,BATATA,AURORA,NO INDICA,TALLOS,NO INDICA,NO INDICA,NO INDICA,1.44,0.4,3.19,1.44,0.57,0.06,0.44,571.21,20.81,199.02,49.77,25.49,CORDOBA,Batata
"5,115",2019 Sep 30 12:00:00 AM,CÓRDOBA,CERETÉ,BATATA,AURORA,NO INDICA,RAIZ,NO INDICA,NO INDICA,NO INDICA,1.5,0.44,2.96,1.18,0.22,0.08,0.27,406.58,13.83,33.34,16.78,25.05,CORDOBA,Batata
"5,116",2019 Sep 30 12:00:00 AM,CÓRDOBA,CERETÉ,BATATA,AURORA,NO INDICA,HOJAS,NO INDICA,NO INDICA,NO INDICA,2.19,0.31,2.84,0.55,0.16,0.18,0.14,779.3,11.4,21.33,17.45,28.73,CORDOBA,Batata
"5,117",2019 Sep 30 12:00:00 AM,CÓRDOBA,CERETÉ,BATATA,AURORA,NO INDICA,TALLOS,NO INDICA,NO INDICA,NO INDICA,1.11,0.28,2.81,1.64,0.11,0.05,0.41,8161.27,15.44,208.55,48.89,27.99,CORDOBA,Batata
"5,118",2019 Sep 30 12:00:00 AM,CÓRDOBA,CERETÉ,BATATA,AURORA,NO INDICA,RAIZ,NO INDICA,NO INDICA,NO INDICA,1.09,0.28,2.77,1.2,0.1,0.04,0.12,332.3,7.42,15.07,11.01,24.01,CORDOBA,Batata
"5,119",2019 Sep 30 12:00:00 AM,CÓRDOBA,CERETÉ,BATATA,AURORA,NO INDICA,HOJAS,NO INDICA,NO INDICA,NO INDICA,2.64,0.45,5.11,1.39,0.41,,0.35,427.19,8.45,64.0,14.56,27.55,CORDOBA,Batata
"5,120",2019 Sep 30 12:00:00 AM,CÓRDOBA,CERETÉ,BATATA,AURORA,NO INDICA,TALLOS,NO INDICA,NO INDICA,NO INDICA,0.85,0.45,2.39,1.1,0.26,0.03,0.23,152.12,8.6,29.77,12.77,36.09,CORDOBA,Batata
"5,121",2019 Sep 30 12:00:00 AM,CÓRDOBA,CERETÉ,BATATA,AURORA,NO INDICA,RAIZ,NO INDICA,NO INDICA,NO INDICA,0.85,0.32,0.62,0.54,0.1,0.1,0.13,337.37,8.28,14.86,8.41,67.03,CORDOBA,Batata
"5,122",2019 Sep 30 12:00:00 AM,CÓRDOBA,CERETÉ,BATATA,AURORA,NO INDICA,HOJAS,NO INDICA,NO INDICA,NO INDICA,2.9,0.54,6.14,1.76,0.43,0.03,0.41,917.73,12.17,74.73,17.17,30.2,CORDOBA,Batata
"5,123",2019 Sep 30 12:00:00 AM,CÓRDOBA,CERETÉ,BATATA,AURORA,NO INDICA,TALLOS,NO INDICA,NO INDICA,NO INDICA,1.2,0.58,3.7,1.22,0.19,0.03,0.24,123.46,11.52,23.84,10.42,25.05,CORDOBA,Batata
"5,124",2019 Sep 30 12:00:00 AM,CÓRDOBA,CERETÉ,BATATA,AURORA,NO INDICA,RAIZ,NO INDICA,NO INDICA,NO INDICA,1.04,0.38,2.49,0.76,0.14,0.14,0.16,727.32,11.16,24.31,12.51,60.26,CORDOBA,Batata
"5,125",2019 Sep 30 12:00:00 AM,CÓRDOBA,CERETÉ,BATATA,AURORA,NO INDICA,HOJAS,NO INDICA,NO INDICA,NO INDICA,2.8,0.52,6.16,1.38,0.55,,0.41,567.81,8.2,61.74,12.19,75.58,CORDOBA,Batata
"5,126",2019 Sep 30 12:00:00 AM,CÓRDOBA,CERETÉ,BATATA,AURORA,NO INDICA,TALLOS,NO INDICA,NO INDICA,NO INDICA,1.04,0.49,3.67,1.12,0.28,0.04,0.22,79.81,9.16,21.58,10.66,31.23,CORDOBA,Batata
"5,127",2019 Sep 30 12:00:00 AM,CÓRDOBA,CERETÉ,BATATA,AURORA,NO INDICA,RAIZ,NO INDICA,NO INDICA,NO INDICA,0.93,0.3,2.71,0.55,0.11,0.11,0.12,331.53,8.34,14.72,8.45,25.78,CORDOBA,Batata
"5,128",2019 Sep 30 12:00:00 AM,CÓRDOBA,CERETÉ,BATATA,AURORA,NO INDICA,HOJAS,NO INDICA,NO INDICA,NO INDICA,2.85,0.54,7.9,1.81,0.5,0.03,0.47,1491.76,15.85,66.26,24.0,72.93,CORDOBA,Batata
"5,129",2019 Sep 30 12:00:00 AM,CÓRDOBA,CERETÉ,BATATA,AURORA,NO INDICA,TALLOS,NO INDICA,NO INDICA,NO INDICA,1.53,0.49,3.58,1.53,0.42,0.11,0.22,248.47,14.78,18.14,12.53,23.57,CORDOBA,Batata
"5,130",2019 Sep 30 12:00:00 AM,CÓRDOBA,CERETÉ,BATATA,AURORA,NO INDICA,RAIZ,NO INDICA,NO INDICA,NO INDICA,1.36,0.34,2.78,0.73,0.13,0.35,0.13,325.64,11.32,13.8,11.43,29.47,CORDOBA,Batata
"5,131",2019 Sep 30 12:00:00 AM,CÓRDOBA,CERETÉ,BATATA,AURORA,NO INDICA,HOJAS,NO INDICA,NO INDICA,NO INDICA,3.18,0.4,5.63,1.72,0.51,,0.4,1481.24,15.13,55.3,20.62,72.93,CORDOBA,Batata
"5,132",2019 Sep 30 12:00:00 AM,CÓRDOBA,CERETÉ,BATATA,AURORA,NO INDICA,TALLOS,NO INDICA,NO INDICA,NO INDICA,1.76,0.39,4.8,1.53,0.34,0.06,0.24,219.37,14.66,17.2,14.04,23.42,CORDOBA,Batata
"5,133",2019 Sep 30 12:00:00 AM,CÓRDOBA,CERETÉ,BATATA,AURORA,NO INDICA,RAIZ,NO INDICA,NO INDICA,NO INDICA,1.9,0.34,3.19,0.86,0.17,0.22,0.15,355.55,12.65,15.01,14.02,34.03,CORDOBA,Batata
"5,134",2019 Sep 30 12:00:00 AM,CÓRDOBA,CERETÉ,BATATA,AURORA,NO INDICA,HOJAS,NO INDICA,NO INDICA,NO INDICA,2.74,0.42,5.45,1.51,0.42,,0.38,1573.4,16.72,73.33,18.69,63.94,CORDOBA,Batata
"5,135",2019 Sep 30 12:00:00 AM,CÓRDOBA,CERETÉ,BATATA,AURORA,NO INDICA,TALLOS,NO INDICA,NO INDICA,NO INDICA,1.33,0.42,3.39,1.31,0.27,0.08,0.22,201.49,15.17,20.83,9.72,23.13,CORDOBA,Batata
"5,136",2019 Sep 30 12:00:00 AM,CÓRDOBA,CERETÉ,BATATA,AURORA,NO INDICA,RAIZ,NO INDICA,NO INDICA,NO INDICA,1.18,0.3,2.7,0.56,0.1,0.24,0.12,299.83,16.27,14.4,9.11,30.5,CORDOBA,Batata
"5,137",2019 Sep 30 12:00:00 AM,CÓRDOBA,CERETÉ,BATATA,AURORA,NO INDICA,HOJAS,NO INDICA,NO INDICA,NO INDICA,3.85,0.49,6.18,1.45,0.54,,0.44,1104.54,19.35,67.52,23.63,62.32,CORDOBA,Batata
"5,138",2019 Sep 30 12:00:00 AM,CÓRDOBA,CERETÉ,BATATA,AURORA,NO INDICA,TALLOS,NO INDICA,NO INDICA,NO INDICA,2.12,0.48,5.14,1.3,0.38,0.09,0.23,188.23,16.24,20.34,12.13,33.44,CORDOBA,Batata
"5,139",2019 Sep 30 12:00:00 AM,CÓRDOBA,CERETÉ,BATATA,AURORA,NO INDICA,RAIZ,NO INDICA,NO INDICA,NO INDICA,1.55,0.3,2.91,0.94,0.15,0.42,0.16,274.08,16.25,21.36,18.32,44.49,CORDOBA,Batata
"5,140",2019 Sep 30 12:00:00 AM,CÓRDOBA,CERETÉ,BATATA,AURORA,NO INDICA,HOJAS,NO INDICA,NO INDICA,NO INDICA,3.53,0.4,4.79,1.22,0.5,,0.34,898.61,15.3,64.62,19.48,64.23,CORDOBA,Batata
"5,141",2019 Sep 30 12:00:00 AM,CÓRDOBA,CERETÉ,BATATA,AURORA,NO INDICA,TALLOS,NO INDICA,NO INDICA,NO INDICA,1.58,0.34,3.92,1.13,0.29,0.07,0.17,123.77,13.92,26.48,9.68,30.79,CORDOBA,Batata
"5,142",2019 Sep 30 12:00:00 AM,CÓRDOBA,CERETÉ,BATATA,AURORA,NO INDICA,RAIZ,NO INDICA,NO INDICA,NO INDICA,1.81,0.37,3.7,0.6,0.15,0.21,0.16,185.62,12.43,13.91,11.89,36.68,CORDOBA,Batata
"5,143",2019 Sep 30 12:00:00 AM,CÓRDOBA,CERETÉ,BATATA,AURORA,NO INDICA,HOJAS,NO INDICA,NO INDICA,NO INDICA,2.67,0.45,6.7,1.35,0.41,0.03,0.35,465.15,9.56,68.88,14.31,66.89,CORDOBA,Batata
"5,144",2019 Sep 30 12:00:00 AM,CÓRDOBA,CERETÉ,BATATA,AURORA,NO INDICA,TALLOS,NO INDICA,NO INDICA,NO INDICA,1.28,0.45,4.73,1.17,0.24,0.07,0.18,102.32,11.56,27.93,9.46,31.53,CORDOBA,Batata
"5,145",2019 Sep 30 12:00:00 AM,CÓRDOBA,CERETÉ,BATATA,AURORA,NO INDICA,RAIZ,NO INDICA,NO INDICA,NO INDICA,1.13,0.29,3.39,0.58,0.11,0.22,0.11,231.63,7.63,14.93,8.64,39.34,CORDOBA,Batata
"5,146",2019 Sep 30 12:00:00 AM,CÓRDOBA,CERETÉ,BATATA,AURORA,NO INDICA,HOJAS,NO INDICA,NO INDICA,NO INDICA,2.93,0.49,6.23,1.36,0.32,,0.39,831.5,13.77,59.99,15.53,67.62,CORDOBA,Batata
"5,147",2019 Sep 30 12:00:00 AM,CÓRDOBA,CERETÉ,BATATA,AURORA,NO INDICA,TALLOS,NO INDICA,NO INDICA,NO INDICA,1.33,0.5,4.34,1.09,0.24,0.04,0.23,187.43,13.59,26.19,11.33,34.77,CORDOBA,Batata
"5,148",2019 Sep 30 12:00:00 AM,CÓRDOBA,CERETÉ,BATATA,AURORA,NO INDICA,RAIZ,NO INDICA,NO INDICA,NO INDICA,1.0,0.32,2.36,0.77,0.14,0.3,0.21,355.2,19.07,29.75,14.7,66.44,CORDOBA,Batata
"5,149",2019 Sep 30 12:00:00 AM,CÓRDOBA,CERETÉ,BATATA,AURORA,NO INDICA,HOJAS,NO INDICA,NO INDICA,NO INDICA,2.89,0.53,6.71,1.78,0.44,0.03,0.42,1153.16,12.99,69.35,16.95,76.62,CORDOBA,Batata
"5,150",2019 Sep 30 12:00:00 AM,CÓRDOBA,CERETÉ,BATATA,AURORA,NO INDICA,TALLOS,NO INDICA,NO INDICA,NO INDICA,1.35,0.64,3.55,0.85,0.21,0.03,0.27,265.64,14.42,29.02,18.74,31.82,CORDOBA,Batata
"5,151",2019 Sep 30 12:00:00 AM,CÓRDOBA,CERETÉ,BATATA,AURORA,NO INDICA,RAIZ,NO INDICA,NO INDICA,NO INDICA,1.06,0.39,2.27,0.39,0.12,0.1,0.15,401.39,11.17,19.84,14.56,44.79,CORDOBA,Batata
"5,152",2019 Sep 30 12:00:00 AM,CÓRDOBA,CERETÉ,BATATA,AURORA,NO INDICA,HOJAS,NO INDICA,NO INDICA,NO INDICA,2.78,0.49,4.5,0.51,0.53,,0.41,792.14,15.13,130.91,19.54,64.09,CORDOBA,Batata
"5,153",2019 Sep 30 12:00:00 AM,CÓRDOBA,CERETÉ,BATATA,AURORA,NO INDICA,TALLOS,NO INDICA,NO INDICA,NO INDICA,1.13,0.52,2.85,0.55,0.24,0.06,0.24,173.28,13.15,38.37,14.33,28.58,CORDOBA,Batata
"5,154",2019 Sep 30 12:00:00 AM,CÓRDOBA,CERETÉ,BATATA,AURORA,NO INDICA,RAIZ,NO INDICA,NO INDICA,NO INDICA,0.88,0.3,1.91,0.3,0.13,0.15,0.13,631.89,15.49,27.34,14.32,40.66,CORDOBA,Batata
"5,155",2019 Oct 09 12:00:00 AM,CÓRDOBA,CERETÉ,BATATA,AURORA,NO INDICA,HOJAS,NO INDICA,NO INDICA,NO INDICA,3.21,0.33,4.21,0.98,0.29,,0.32,566.55,12.02,44.21,21.73,65.27,CORDOBA,Batata
"5,156",2019 Oct 09 12:00:00 AM,CÓRDOBA,CERETÉ,BATATA,AURORA,NO INDICA,TALLOS,NO INDICA,NO INDICA,NO INDICA,0.98,0.33,3.34,0.98,0.31,,0.21,246.72,13.14,16.56,14.92,32.12,CORDOBA,Batata
"5,157",2019 Oct 09 12:00:00 AM,CÓRDOBA,CERETÉ,BATATA,AURORA,NO INDICA,RAIZ,NO INDICA,NO INDICA,NO INDICA,0.98,0.32,2.85,0.41,0.15,,0.12,576.64,11.11,24.33,18.26,21.51,CORDOBA,Batata
"5,158",2019 Oct 09 12:00:00 AM,CÓRDOBA,CERETÉ,BATATA,AURORA,NO INDICA,HOJAS,NO INDICA,NO INDICA,NO INDICA,3.2,0.35,5.08,0.96,0.31,,0.33,869.11,11.93,57.94,18.5,71.6,CORDOBA,Batata
"5,159",2019 Oct 09 12:00:00 AM,CÓRDOBA,CERETÉ,BATATA,AURORA,NO INDICA,TALLOS,NO INDICA,NO INDICA,NO INDICA,0.98,0.38,5.24,0.71,0.2,,0.2,199.54,12.3,20.93,14.39,32.71,CORDOBA,Batata
"5,160",2019 Oct 09 12:00:00 AM,CÓRDOBA,CERETÉ,BATATA,AURORA,NO INDICA,RAIZ,NO INDICA,NO INDICA,NO INDICA,0.96,0.31,3.01,0.35,0.13,,0.12,515.21,9.33,18.62,13.43,19.0,CORDOBA,Batata
"5,161",2019 Oct 09 12:00:00 AM,CÓRDOBA,CERETÉ,BATATA,AURORA,NO INDICA,HOJAS,NO INDICA,NO INDICA,NO INDICA,3.07,0.42,5.18,0.99,0.33,,0.37,377.06,11.81,47.64,14.98,59.37,CORDOBA,Batata
"5,162",2019 Oct 09 12:00:00 AM,CÓRDOBA,CERETÉ,BATATA,AURORA,NO INDICA,TALLOS,NO INDICA,NO INDICA,NO INDICA,0.71,0.42,3.96,0.79,0.29,,0.2,273.09,12.12,21.64,13.13,30.64,CORDOBA,Batata
"5,163",2019 Oct 09 12:00:00 AM,CÓRDOBA,CERETÉ,BATATA,AURORA,NO INDICA,RAIZ,NO INDICA,NO INDICA,NO INDICA,1.22,0.34,2.35,0.26,0.11,,0.14,116.41,9.23,11.1,12.08,18.71,CORDOBA,Batata
"5,164",2019 Oct 09 12:00:00 AM,CÓRDOBA,CERETÉ,BATATA,AURORA,NO INDICA,HOJAS,NO INDICA,NO INDICA,NO INDICA,3.13,0.44,4.54,1.0,0.39,,0.39,884.47,12.03,57.72,17.14,64.23,CORDOBA,Batata
"5,165",2019 Oct 09 12:00:00 AM,CÓRDOBA,CERETÉ,BATATA,AURORA,NO INDICA,TALLOS,NO INDICA,NO INDICA,NO INDICA,0.7,0.41,5.0,0.81,0.29,,0.21,374.1,11.8,23.56,13.62,36.39,CORDOBA,Batata
"5,166",2019 Oct 09 12:00:00 AM,CÓRDOBA,CERETÉ,BATATA,AURORA,NO INDICA,RAIZ,NO INDICA,NO INDICA,NO INDICA,0.84,0.37,2.9,0.32,0.14,,0.13,485.29,11.12,21.13,14.23,20.33,CORDOBA,Batata
"5,167",2019 Oct 09 12:00:00 AM,CÓRDOBA,CERETÉ,BATATA,AURORA,NO INDICA,HOJAS,NO INDICA,NO INDICA,NO INDICA,3.48,0.46,4.37,0.88,0.38,,0.41,725.33,14.68,55.9,19.09,63.2,CORDOBA,Batata
"5,168",2019 Oct 09 12:00:00 AM,CÓRDOBA,CERETÉ,BATATA,AURORA,NO INDICA,TALLOS,NO INDICA,NO INDICA,NO INDICA,0.7,0.47,4.08,0.77,0.28,,0.23,398.33,14.57,27.06,15.63,26.67,CORDOBA,Batata
"5,169",2019 Oct 09 12:00:00 AM,CÓRDOBA,CERETÉ,BATATA,AURORA,NO INDICA,RAIZ,NO INDICA,NO INDICA,NO INDICA,0.82,0.37,2.41,0.28,0.15,,0.14,172.53,8.59,12.11,12.49,14.59,CORDOBA,Batata
"5,170",2019 Oct 09 12:00:00 AM,CÓRDOBA,CERETÉ,BATATA,AURORA,NO INDICA,HOJAS,NO INDICA,NO INDICA,NO INDICA,2.64,0.52,4.77,0.87,0.32,,0.37,490.35,10.89,54.46,16.12,58.34,CORDOBA,Batata
"5,171",2019 Oct 09 12:00:00 AM,CÓRDOBA,CERETÉ,BATATA,AURORA,NO INDICA,TALLOS,NO INDICA,NO INDICA,NO INDICA,0.87,0.53,3.95,0.69,0.24,,0.21,262.32,9.74,25.43,13.89,24.31,CORDOBA,Batata
"5,172",2019 Oct 09 12:00:00 AM,CÓRDOBA,CERETÉ,BATATA,AURORA,NO INDICA,RAIZ,NO INDICA,NO INDICA,NO INDICA,0.45,0.32,2.12,0.22,0.12,,0.11,351.45,6.56,16.5,10.82,14.29,CORDOBA,Batata
"5,173",2019 Oct 09 12:00:00 AM,CÓRDOBA,CERETÉ,BATATA,AURORA,NO INDICA,HOJAS,NO INDICA,NO INDICA,NO INDICA,2.5,0.43,3.13,0.68,0.31,,0.33,509.39,9.57,49.68,13.99,53.77,CORDOBA,Batata
"5,174",2019 Oct 09 12:00:00 AM,CÓRDOBA,CERETÉ,BATATA,AURORA,NO INDICA,TALLOS,NO INDICA,NO INDICA,NO INDICA,0.61,0.51,2.9,0.76,0.28,,0.23,267.45,11.13,24.17,11.32,25.78,CORDOBA,Batata
"5,175",2019 Oct 09 12:00:00 AM,CÓRDOBA,CERETÉ,BATATA,AURORA,NO INDICA,RAIZ,NO INDICA,NO INDICA,NO INDICA,0.38,0.34,2.02,0.25,0.11,,0.12,304.64,6.27,13.55,9.3,14.0,CORDOBA,Batata
"5,176",2019 Oct 09 12:00:00 AM,CÓRDOBA,CERETÉ,BATATA,AURORA,NO INDICA,HOJAS,NO INDICA,NO INDICA,NO INDICA,3.12,0.6,4.38,0.98,0.34,,0.47,378.02,11.93,45.25,16.33,60.26,CORDOBA,Batata
"5,177",2019 Oct 09 12:00:00 AM,CÓRDOBA,CERETÉ,BATATA,AURORA,NO INDICA,TALLOS,NO INDICA,NO INDICA,NO INDICA,0.88,0.61,3.59,0.85,0.27,,0.28,188.47,13.97,19.35,18.42,24.9,CORDOBA,Batata
"5,178",2019 Oct 09 12:00:00 AM,CÓRDOBA,CERETÉ,BATATA,AURORA,NO INDICA,RAIZ,NO INDICA,NO INDICA,NO INDICA,0.59,0.39,2.29,0.27,0.09,,0.13,227.96,8.47,13.24,12.68,14.29,CORDOBA,Batata
"5,179",2019 Oct 09 12:00:00 AM,CÓRDOBA,CERETÉ,BATATA,AURORA,NO INDICA,HOJAS,NO INDICA,NO INDICA,NO INDICA,2.81,0.55,4.32,0.81,0.34,,0.44,621.32,12.22,45.09,17.12,55.69,CORDOBA,Batata
"5,180",2019 Oct 09 12:00:00 AM,CÓRDOBA,CERETÉ,BATATA,AURORA,NO INDICA,TALLOS,NO INDICA,NO INDICA,NO INDICA,0.8,0.61,3.59,0.64,0.24,,0.29,140.68,11.41,17.68,16.63,23.87,CORDOBA,Batata
"5,181",2019 Oct 09 12:00:00 AM,CÓRDOBA,CERETÉ,BATATA,AURORA,NO INDICA,RAIZ,NO INDICA,NO INDICA,NO INDICA,0.5,0.33,1.97,0.22,0.1,,0.12,629.79,6.11,19.08,11.01,11.93,CORDOBA,Batata
"5,182",2019 Oct 09 12:00:00 AM,CÓRDOBA,CERETÉ,BATATA,AURORA,NO INDICA,HOJAS,NO INDICA,NO INDICA,NO INDICA,2.02,0.49,4.2,0.91,0.27,,0.36,960.03,11.26,46.25,18.38,50.55,CORDOBA,Batata
"5,183",2019 Oct 09 12:00:00 AM,CÓRDOBA,CERETÉ,BATATA,AURORA,NO INDICA,TALLOS,NO INDICA,NO INDICA,NO INDICA,0.6,0.41,2.27,0.69,0.22,0.04,0.19,482.75,11.02,21.13,13.02,20.17,CORDOBA,Batata
"5,184",2019 Oct 09 12:00:00 AM,CÓRDOBA,CERETÉ,BATATA,AURORA,NO INDICA,RAIZ,NO INDICA,NO INDICA,NO INDICA,0.77,0.35,1.96,0.26,0.1,0.14,0.11,264.42,7.98,10.51,12.61,10.72,CORDOBA,Batata
"5,185",2019 Oct 09 12:00:00 AM,CÓRDOBA,CERETÉ,BATATA,AURORA,NO INDICA,HOJAS,NO INDICA,NO INDICA,NO INDICA,3.4,0.41,3.57,0.59,0.32,,0.35,1009.74,13.33,53.31,21.54,51.74,CORDOBA,Batata
"5,186",2019 Oct 09 12:00:00 AM,CÓRDOBA,CERETÉ,BATATA,AURORA,NO INDICA,TALLOS,NO INDICA,NO INDICA,NO INDICA,1.06,0.37,2.37,0.92,0.28,0.05,0.22,553.89,13.16,24.36,12.16,22.37,CORDOBA,Batata
"5,187",2019 Oct 09 12:00:00 AM,CÓRDOBA,CERETÉ,BATATA,AURORA,NO INDICA,RAIZ,NO INDICA,NO INDICA,NO INDICA,1.36,0.31,1.83,0.19,0.1,0.12,0.1,247.66,8.19,11.05,11.33,10.72,CORDOBA,Batata
"5,188",2019 Oct 09 12:00:00 AM,CÓRDOBA,CERETÉ,BATATA,AURORA,NO INDICA,HOJAS,NO INDICA,NO INDICA,NO INDICA,1.92,0.55,3.5,0.8,0.37,,0.41,1148.73,14.91,68.54,21.55,54.44,CORDOBA,Batata
"5,189",2019 Oct 09 12:00:00 AM,CÓRDOBA,CERETÉ,BATATA,AURORA,NO INDICA,TALLOS,NO INDICA,NO INDICA,NO INDICA,1.37,0.56,2.61,0.54,0.21,,0.27,334.61,14.97,26.18,13.52,23.72,CORDOBA,Batata
"5,190",2019 Oct 09 12:00:00 AM,CÓRDOBA,CERETÉ,BATATA,AURORA,NO INDICA,RAIZ,NO INDICA,NO INDICA,NO INDICA,1.12,0.35,1.6,0.23,0.13,0.05,0.12,256.93,7.99,12.89,17.03,12.91,CORDOBA,Batata
"5,191",2019 Oct 09 12:00:00 AM,CÓRDOBA,CERETÉ,BATATA,AURORA,NO INDICA,HOJAS,NO INDICA,NO INDICA,NO INDICA,3.16,0.45,3.46,1.18,0.27,,0.38,524.29,8.92,58.23,16.49,55.96,CORDOBA,Batata
"5,192",2019 Oct 09 12:00:00 AM,CÓRDOBA,CERETÉ,BATATA,AURORA,NO INDICA,TALLOS,NO INDICA,NO INDICA,NO INDICA,1.01,0.43,2.43,0.9,0.19,,0.21,130.4,9.4,20.95,10.28,23.72,CORDOBA,Batata
"5,193",2019 Oct 09 12:00:00 AM,CÓRDOBA,CERETÉ,BATATA,AURORA,NO INDICA,RAIZ,NO INDICA,NO INDICA,NO INDICA,0.91,0.29,1.66,0.3,0.09,0.04,0.09,331.62,6.77,13.11,22.05,12.24,CORDOBA,Batata
"5,194",2019 Oct 09 12:00:00 AM,CÓRDOBA,CERETÉ,BATATA,AURORA,NO INDICA,HOJAS,NO INDICA,NO INDICA,NO INDICA,2.3,0.48,3.13,0.83,0.4,,0.32,980.53,9.6,56.91,16.27,53.93,CORDOBA,Batata
"5,195",2019 Oct 09 12:00:00 AM,CÓRDOBA,CERETÉ,BATATA,AURORA,NO INDICA,TALLOS,NO INDICA,NO INDICA,NO INDICA,0.91,0.44,2.16,0.67,0.24,0.06,0.19,694.65,13.99,26.94,13.56,22.37,CORDOBA,Batata
"5,196",2019 Oct 09 12:00:00 AM,CÓRDOBA,CERETÉ,BATATA,AURORA,NO INDICA,RAIZ,NO INDICA,NO INDICA,NO INDICA,0.77,0.33,1.64,0.2,0.1,0.13,0.11,361.01,6.25,15.17,17.28,10.89,CORDOBA,Batata
"5,197",2019 Oct 09 12:00:00 AM,CÓRDOBA,CERETÉ,BATATA,AURORA,NO INDICA,HOJAS,NO INDICA,NO INDICA,NO INDICA,2.63,0.44,3.77,0.73,0.33,,0.35,1120.85,10.98,52.5,17.58,54.77,CORDOBA,Batata
"5,198",2019 Oct 09 12:00:00 AM,CÓRDOBA,CERETÉ,BATATA,AURORA,NO INDICA,TALLOS,NO INDICA,NO INDICA,NO INDICA,0.73,0.39,2.3,0.64,0.24,0.06,0.21,205.58,11.01,14.81,10.27,20.85,CORDOBA,Batata
"5,199",2019 Oct 09 12:00:00 AM,CÓRDOBA,CERETÉ,BATATA,AURORA,NO INDICA,RAIZ,NO INDICA,NO INDICA,NO INDICA,0.76,0.26,1.51,0.24,0.09,0.1,0.09,198.82,7.98,8.23,12.37,9.37,CORDOBA,Batata
"5,200",2019 Oct 09 12:00:00 AM,CÓRDOBA,CERETÉ,BATATA,AURORA,NO INDICA,HOJAS,NO INDICA,NO INDICA,NO INDICA,2.63,0.38,3.67,0.98,0.38,,0.35,1477.53,13.06,108.61,21.13,60.51,CORDOBA,Batata
"5,201",2019 Oct 09 12:00:00 AM,CÓRDOBA,CERETÉ,BATATA,AURORA,NO INDICA,TALLOS,NO INDICA,NO INDICA,NO INDICA,0.47,0.36,2.15,0.78,0.22,0.04,0.19,134.95,10.69,26.46,10.55,21.18,CORDOBA,Batata
"5,202",2019 Oct 09 12:00:00 AM,CÓRDOBA,CERETÉ,BATATA,AURORA,NO INDICA,RAIZ,NO INDICA,NO INDICA,NO INDICA,0.4,0.26,1.48,0.15,0.09,0.12,0.09,245.15,7.57,11.13,12.47,11.22,CORDOBA,Batata
"5,203",2019 Oct 09 12:00:00 AM,CÓRDOBA,CERETÉ,BATATA,AURORA,NO INDICA,HOJAS,NO INDICA,NO INDICA,NO INDICA,2.47,0.43,3.29,0.61,0.34,,0.34,666.31,11.16,49.4,15.92,57.81,CORDOBA,Batata
"5,204",2019 Oct 09 12:00:00 AM,CÓRDOBA,CERETÉ,BATATA,AURORA,NO INDICA,TALLOS,NO INDICA,NO INDICA,NO INDICA,0.87,0.35,2.01,0.49,0.19,0.04,0.16,285.57,12.31,21.85,10.84,21.69,CORDOBA,Batata
"5,205",2019 Oct 09 12:00:00 AM,CÓRDOBA,CERETÉ,BATATA,AURORA,NO INDICA,RAIZ,NO INDICA,NO INDICA,NO INDICA,1.0,0.3,1.75,0.21,0.1,0.1,0.1,356.3,11.2,12.66,14.68,11.73,CORDOBA,Batata
"5,206",2019 Oct 09 12:00:00 AM,CÓRDOBA,CERETÉ,BATATA,AURORA,NO INDICA,HOJAS,NO INDICA,NO INDICA,NO INDICA,2.13,0.47,3.75,0.81,0.33,,0.35,667.16,8.23,82.92,16.32,54.77,CORDOBA,Batata
"5,207",2019 Oct 09 12:00:00 AM,CÓRDOBA,CERETÉ,BATATA,AURORA,NO INDICA,TALLOS,NO INDICA,NO INDICA,NO INDICA,0.66,0.4,2.0,0.64,0.19,0.03,0.16,88.09,9.44,26.35,9.76,19.33,CORDOBA,Batata
"5,208",2019 Oct 09 12:00:00 AM,CÓRDOBA,CERETÉ,BATATA,AURORA,NO INDICA,RAIZ,NO INDICA,NO INDICA,NO INDICA,0.89,0.27,1.58,0.17,0.08,0.08,0.09,309.58,7.43,10.52,11.61,10.04,CORDOBA,Batata
"5,229",2019 Aug 02 12:00:00 AM,CESAR,AGUACHICA,ARROZ,FEDEARROZ 70,NO INDICA,HOJAS,SANA,SI,NO INDICA,1.67,0.26,1.86,0.34,0.14,,0.15,596.68,3.85,1143.05,40.72,5.05,CESAR,Arroz
"5,230",2019 Aug 02 12:00:00 AM,CESAR,AGUACHICA,ARROZ,FEDEARROZ 70,NO INDICA,HOJAS,SANA,SI,NO INDICA,1.36,0.21,1.86,0.31,0.14,,0.13,875.15,2.7,1030.24,50.88,5.71,CESAR,Arroz
"5,231",2019 Aug 02 12:00:00 AM,CESAR,AGUACHICA,ARROZ,FEDEARROZ 70,NO INDICA,HOJAS,SANA,SI,NO INDICA,1.46,0.21,2.01,0.31,0.16,,0.14,436.68,3.96,1366.69,38.54,4.06,CESAR,Arroz
"5,232",2019 Aug 02 12:00:00 AM,CESAR,AGUACHICA,ARROZ,FEDEARROZ 70,NO INDICA,TALLOS,SANA,SI,NO INDICA,0.55,0.3,2.03,0.06,0.11,0.03,0.1,277.13,4.33,544.43,54.11,3.24,CESAR,Arroz
"5,233",2019 Aug 02 12:00:00 AM,CESAR,AGUACHICA,ARROZ,FEDEARROZ 70,NO INDICA,TALLOS,SANA,SI,NO INDICA,0.57,0.33,2.38,0.06,0.13,0.05,0.1,470.74,4.82,498.09,55.91,4.56,CESAR,Arroz
"5,234",2019 Aug 02 12:00:00 AM,CESAR,AGUACHICA,ARROZ,FEDEARROZ 70,NO INDICA,TALLOS,SANA,SI,NO INDICA,0.56,0.3,2.31,0.06,0.13,0.04,0.1,189.32,5.74,630.72,61.94,4.39,CESAR,Arroz
"5,235",2019 Aug 02 12:00:00 AM,CESAR,AGUACHICA,ARROZ,FEDEARROZ 70,NO INDICA,RAIZ,SANA,SI,NO INDICA,0.56,0.18,0.83,0.47,0.36,0.13,0.23,23036.51,22.43,726.4,124.44,6.2,CESAR,Arroz
"5,236",2019 Aug 02 12:00:00 AM,CESAR,AGUACHICA,ARROZ,FEDEARROZ 70,NO INDICA,RAIZ,SANA,SI,NO INDICA,0.56,0.2,0.72,0.41,0.32,0.18,0.21,21147.66,18.3,701.83,84.13,5.38,CESAR,Arroz
"5,237",2019 Aug 02 12:00:00 AM,CESAR,AGUACHICA,ARROZ,FEDEARROZ 70,NO INDICA,RAIZ,SANA,SI,NO INDICA,0.57,0.14,0.81,0.36,0.25,0.2,0.24,12888.0,26.89,598.6,104.18,7.02,CESAR,Arroz
"5,275",2019 Aug 13 12:00:00 AM,MAGDALENA,SANTA MARTA,MANGO,AZUCAR,NO INDICA,HOJAS,NO INDICA,NO INDICA,BUENO,1.14,0.1,0.9,1.9,0.39,,0.19,94.47,4.32,38.77,11.08,60.88,MAGDALENA,Mango
"5,276",2019 Aug 13 12:00:00 AM,MAGDALENA,SANTA MARTA,MANGO,AZUCAR,NO INDICA,HOJAS,NO INDICA,NO INDICA,BUENO,1.46,0.1,0.72,2.17,0.29,,0.18,171.88,3.98,42.21,9.44,121.12,MAGDALENA,Mango
"5,277",2019 Aug 13 12:00:00 AM,MAGDALENA,SANTA MARTA,MANGO,AZUCAR,NO INDICA,HOJAS,NO INDICA,NO INDICA,BUENO,1.7,0.1,0.76,1.86,0.34,,0.2,145.09,6.26,44.43,9.8,85.0,MAGDALENA,Mango
"5,278",2019 Aug 13 12:00:00 AM,MAGDALENA,SANTA MARTA,MANGO,AZUCAR,NO INDICA,HOJAS,NO INDICA,NO INDICA,BUENO,1.5,0.11,0.8,1.72,0.36,,0.19,167.03,4.08,97.31,9.59,55.62,MAGDALENA,Mango
"5,279",2019 Aug 13 12:00:00 AM,MAGDALENA,SANTA MARTA,MANGO,AZUCAR,NO INDICA,HOJAS,NO INDICA,NO INDICA,BUENO,1.68,0.11,0.73,2.1,0.33,,0.2,145.55,7.24,187.16,14.89,77.46,MAGDALENA,Mango
"5,280",2019 Aug 13 12:00:00 AM,MAGDALENA,SANTA MARTA,MANGO,AZUCAR,NO INDICA,HOJAS,NO INDICA,NO INDICA,BUENO,1.64,0.1,0.79,1.99,0.29,,0.2,192.57,5.0,211.04,13.66,65.97,MAGDALENA,Mango
"5,281",2019 Aug 13 12:00:00 AM,MAGDALENA,SANTA MARTA,MANGO,AZUCAR,NO INDICA,HOJAS,NO INDICA,NO INDICA,BUENO,1.66,0.14,0.78,1.73,0.4,,0.2,144.65,9.9,155.44,14.07,51.68,MAGDALENA,Mango
"5,282",2019 Aug 13 12:00:00 AM,MAGDALENA,SANTA MARTA,MANGO,AZUCAR,NO INDICA,HOJAS,NO INDICA,NO INDICA,BUENO,1.75,0.13,0.77,2.31,0.36,,0.21,355.39,7.91,96.7,11.96,60.88,MAGDALENA,Mango
"5,283",2019 Aug 13 12:00:00 AM,MAGDALENA,SANTA MARTA,MANGO,AZUCAR,NO INDICA,HOJAS,NO INDICA,NO INDICA,BUENO,1.57,0.14,0.8,1.9,0.26,,0.2,210.55,7.94,120.28,10.81,51.85,MAGDALENA,Mango
"5,284",2019 Aug 13 12:00:00 AM,MAGDALENA,SANTA MARTA,MANGO,AZUCAR,NO INDICA,HOJAS,NO INDICA,NO INDICA,BUENO,1.54,0.14,0.95,1.61,0.27,,0.19,161.15,7.64,72.9,11.61,46.92,MAGDALENA,Mango
"5,285",2019 Aug 13 12:00:00 AM,MAGDALENA,SANTA MARTA,MANGO,AZUCAR,NO INDICA,HOJAS,NO INDICA,NO INDICA,BUENO,1.53,0.13,0.72,2.06,0.31,,0.2,126.15,9.9,95.5,13.39,58.42,MAGDALENA,Mango
"5,286",2019 Aug 13 12:00:00 AM,MAGDALENA,SANTA MARTA,MANGO,AZUCAR,NO INDICA,HOJAS,NO INDICA,NO INDICA,BUENO,1.39,0.22,0.03,1.22,0.28,,0.17,118.81,6.23,89.05,15.89,24.26,MAGDALENA,Mango
"5,287",2019 Aug 13 12:00:00 AM,MAGDALENA,SANTA MARTA,MANGO,AZUCAR,NO INDICA,HOJAS,NO INDICA,NO INDICA,BUENO,1.32,0.14,0.8,2.08,0.35,,0.21,329.02,5.91,106.5,12.09,26.56,MAGDALENA,Mango
"5,288",2019 Aug 13 12:00:00 AM,MAGDALENA,SANTA MARTA,MANGO,AZUCAR,NO INDICA,HOJAS,NO INDICA,NO INDICA,BUENO,1.43,0.14,0.96,1.71,0.26,,0.17,163.07,7.72,98.89,15.35,21.66,MAGDALENA,Mango
"5,289",2019 Aug 13 12:00:00 AM,MAGDALENA,SANTA MARTA,MANGO,AZUCAR,NO INDICA,HOJAS,NO INDICA,NO INDICA,BUENO,1.59,0.17,0.94,1.81,0.39,,0.13,285.99,5.44,155.94,12.06,42.98,MAGDALENA,Mango
"5,290",2019 Aug 13 12:00:00 AM,MAGDALENA,SANTA MARTA,MANGO,AZUCAR,NO INDICA,HOJAS,NO INDICA,NO INDICA,BUENO,1.32,0.12,0.6,1.82,0.34,0.03,0.19,136.06,3.69,208.18,10.06,29.52,MAGDALENA,Mango
"5,291",2019 Aug 13 12:00:00 AM,MAGDALENA,SANTA MARTA,MANGO,AZUCAR,NO INDICA,HOJAS,NO INDICA,NO INDICA,BUENO,1.46,0.14,0.8,1.96,0.19,,0.19,79.9,3.14,207.85,12.31,28.2,MAGDALENA,Mango
"5,292",2019 Aug 13 12:00:00 AM,MAGDALENA,SANTA MARTA,MANGO,AZUCAR,NO INDICA,HOJAS,NO INDICA,NO INDICA,BUENO,1.39,0.12,0.72,1.75,0.28,,0.19,85.4,4.01,175.39,11.29,26.07,MAGDALENA,Mango
"5,293",2019 Aug 13 12:00:00 AM,MAGDALENA,SANTA MARTA,MANGO,AZUCAR,NO INDICA,HOJAS,NO INDICA,NO INDICA,BUENO,0.98,0.11,0.74,2.15,0.22,0.05,0.19,82.6,3.37,149.96,11.06,32.64,MAGDALENA,Mango
"5,294",2019 Aug 13 12:00:00 AM,MAGDALENA,SANTA MARTA,MANGO,AZUCAR,NO INDICA,HOJAS,NO INDICA,NO INDICA,BUENO,0.89,0.2,1.56,1.37,0.27,,0.17,134.87,10.05,53.37,14.64,22.62,MAGDALENA,Mango
"5,295",2019 Aug 13 12:00:00 AM,MAGDALENA,SANTA MARTA,MANGO,AZUCAR,NO INDICA,HOJAS,NO INDICA,NO INDICA,BUENO,1.13,0.12,0.77,2.1,0.36,0.05,0.21,95.05,11.57,108.81,10.31,88.28,MAGDALENA,Mango
"5,296",2019 Aug 13 12:00:00 AM,MAGDALENA,SANTA MARTA,MANGO,AZUCAR,NO INDICA,HOJAS,NO INDICA,NO INDICA,BUENO,1.04,0.09,0.72,2.26,0.29,0.05,0.19,117.02,4.74,88.51,8.26,35.43,MAGDALENA,Mango
"5,297",2019 Aug 13 12:00:00 AM,MAGDALENA,SANTA MARTA,MANGO,AZUCAR,NO INDICA,HOJAS,NO INDICA,NO INDICA,BUENO,1.65,0.12,0.74,1.75,0.36,0.03,0.19,119.05,8.68,101.94,10.73,70.03,MAGDALENA,Mango
"5,298",2019 Aug 13 12:00:00 AM,MAGDALENA,SANTA MARTA,MANGO,AZUCAR,NO INDICA,HOJAS,NO INDICA,NO INDICA,BUENO,1.33,0.14,0.86,2.29,0.35,,0.21,90.25,6.19,173.29,13.52,15.39,MAGDALENA,Mango
"5,299",2019 Aug 13 12:00:00 AM,MAGDALENA,SANTA MARTA,MANGO,AZUCAR,NO INDICA,HOJAS,NO INDICA,NO INDICA,BUENO,1.47,0.12,0.75,2.77,0.31,,0.21,98.73,6.25,258.8,13.14,18.02,MAGDALENA,Mango
"5,300",2019 Aug 13 12:00:00 AM,MAGDALENA,SANTA MARTA,MANGO,AZUCAR,NO INDICA,HOJAS,NO INDICA,NO INDICA,BUENO,1.35,0.13,0.81,1.94,0.2,,0.18,78.83,4.22,128.62,11.45,15.56,MAGDALENA,Mango
"5,301",2019 Aug 13 12:00:00 AM,MAGDALENA,SANTA MARTA,MANGO,AZUCAR,NO INDICA,HOJAS,NO INDICA,NO INDICA,BUENO,1.15,0.13,0.74,2.27,0.3,,0.19,100.94,3.71,137.34,11.24,14.41,MAGDALENA,Mango
"5,302",2019 Aug 13 12:00:00 AM,MAGDALENA,SANTA MARTA,MANGO,AZUCAR,NO INDICA,HOJAS,NO INDICA,NO INDICA,BUENO,1.37,0.19,0.94,2.08,0.19,,0.22,180.61,9.48,127.47,11.68,35.26,MAGDALENA,Mango
"5,303",2019 Aug 13 12:00:00 AM,MAGDALENA,SANTA MARTA,MANGO,AZUCAR,NO INDICA,HOJAS,NO INDICA,NO INDICA,BUENO,1.61,0.14,0.9,2.34,0.18,,0.22,143.94,9.07,72.48,10.95,21.8,MAGDALENA,Mango
"5,304",2019 Aug 13 12:00:00 AM,MAGDALENA,SANTA MARTA,MANGO,AZUCAR,NO INDICA,HOJAS,NO INDICA,NO INDICA,BUENO,1.68,0.17,0.89,1.77,0.2,,0.18,192.28,3.93,60.87,10.94,34.28,MAGDALENA,Mango
"5,305",2019 Aug 13 12:00:00 AM,MAGDALENA,SANTA MARTA,MANGO,AZUCAR,NO INDICA,HOJAS,NO INDICA,NO INDICA,BUENO,1.43,0.17,0.86,2.43,0.27,,0.21,281.05,9.32,59.79,12.89,63.84,MAGDALENA,Mango
"5,306",2019 Aug 13 12:00:00 AM,MAGDALENA,SANTA MARTA,MANGO,AZUCAR,NO INDICA,FRUTO,NO INDICA,NO INDICA,BUENO,0.6,0.09,0.7,0.11,0.07,,0.04,13.36,7.75,,4.86,13.75,MAGDALENA,Mango
"5,307",2019 Aug 13 12:00:00 AM,MAGDALENA,SANTA MARTA,MANGO,AZUCAR,NO INDICA,FRUTO,NO INDICA,NO INDICA,BUENO,0.47,0.07,0.85,0.09,0.06,,0.03,6.66,2.56,,2.86,13.1,MAGDALENA,Mango
"5,308",2019 Aug 13 12:00:00 AM,MAGDALENA,SANTA MARTA,MANGO,AZUCAR,NO INDICA,FRUTO,NO INDICA,NO INDICA,BUENO,0.43,0.07,0.97,0.11,0.09,,0.04,14.58,5.13,,3.71,11.12,MAGDALENA,Mango
"5,309",2019 Aug 13 12:00:00 AM,MAGDALENA,SANTA MARTA,MANGO,AZUCAR,NO INDICA,FRUTO,NO INDICA,NO INDICA,BUENO,0.45,0.07,0.82,0.14,0.07,,0.03,19.1,5.99,7.13,3.6,10.96,MAGDALENA,Mango
"5,310",2019 Aug 13 12:00:00 AM,MAGDALENA,SANTA MARTA,MANGO,AZUCAR,NO INDICA,FRUTO,NO INDICA,NO INDICA,BUENO,0.76,0.14,0.78,0.08,0.1,,0.06,23.79,10.8,,9.03,8.17,MAGDALENA,Mango
"5,311",2019 Aug 13 12:00:00 AM,MAGDALENA,SANTA MARTA,MANGO,AZUCAR,NO INDICA,FRUTO,NO INDICA,NO INDICA,BUENO,0.59,0.11,0.72,0.13,0.08,,0.05,13.65,5.44,,4.91,9.65,MAGDALENA,Mango
"5,312",2019 Aug 13 12:00:00 AM,MAGDALENA,SANTA MARTA,MANGO,AZUCAR,NO INDICA,FRUTO,NO INDICA,NO INDICA,BUENO,0.48,0.08,0.89,0.16,0.08,,0.04,12.87,7.74,,3.59,9.81,MAGDALENA,Mango
"5,313",2019 Aug 13 12:00:00 AM,MAGDALENA,SANTA MARTA,MANGO,AZUCAR,NO INDICA,FRUTO,NO INDICA,NO INDICA,BUENO,0.59,0.11,0.93,0.25,0.1,,0.05,52.08,8.24,9.79,6.24,13.75,MAGDALENA,Mango
"5,314",2019 Aug 13 12:00:00 AM,MAGDALENA,SANTA MARTA,MANGO,AZUCAR,NO INDICA,FRUTO,NO INDICA,NO INDICA,BUENO,0.58,0.13,0.97,0.21,0.1,,0.05,35.3,14.08,8.2,7.6,10.63,MAGDALENA,Mango
"5,315",2019 Aug 13 12:00:00 AM,MAGDALENA,SANTA MARTA,MANGO,AZUCAR,NO INDICA,FRUTO,NO INDICA,NO INDICA,BUENO,0.51,0.09,0.97,0.13,0.08,,0.04,16.31,4.38,,5.34,10.8,MAGDALENA,Mango
"5,316",2019 Aug 13 12:00:00 AM,MAGDALENA,SANTA MARTA,MANGO,AZUCAR,NO INDICA,FRUTO,NO INDICA,NO INDICA,BUENO,0.62,0.1,1.13,0.09,0.08,,0.04,19.09,8.47,,5.21,9.48,MAGDALENA,Mango
"5,317",2019 Aug 13 12:00:00 AM,MAGDALENA,SANTA MARTA,MANGO,AZUCAR,NO INDICA,FRUTO,NO INDICA,NO INDICA,BUENO,0.52,0.1,1.02,0.1,0.07,,0.04,16.7,6.38,,4.27,6.2,MAGDALENA,Mango
"5,318",2019 Aug 13 12:00:00 AM,MAGDALENA,SANTA MARTA,MANGO,AZUCAR,NO INDICA,FRUTO,NO INDICA,NO INDICA,BUENO,0.49,0.11,0.71,0.11,0.09,,0.05,13.01,9.35,6.63,5.36,5.87,MAGDALENA,Mango
"5,319",2019 Aug 13 12:00:00 AM,MAGDALENA,SANTA MARTA,MANGO,AZUCAR,NO INDICA,FRUTO,NO INDICA,NO INDICA,BUENO,0.4,0.1,1.0,0.14,0.08,,0.04,15.48,5.02,7.1,3.87,6.2,MAGDALENA,Mango
"5,320",2019 Aug 13 12:00:00 AM,MAGDALENA,SANTA MARTA,MANGO,AZUCAR,NO INDICA,FRUTO,NO INDICA,NO INDICA,BUENO,0.62,0.11,1.05,0.13,0.1,,0.05,31.66,7.55,8.57,5.13,5.21,MAGDALENA,Mango
"5,321",2019 Aug 13 12:00:00 AM,MAGDALENA,SANTA MARTA,MANGO,AZUCAR,NO INDICA,FRUTO,NO INDICA,NO INDICA,BUENO,0.45,0.08,0.89,0.12,0.08,,0.04,19.32,4.95,,4.89,6.03,MAGDALENA,Mango
"5,322",2019 Aug 13 12:00:00 AM,MAGDALENA,SANTA MARTA,MANGO,AZUCAR,NO INDICA,FRUTO,NO INDICA,NO INDICA,BUENO,0.27,0.08,0.85,0.12,0.07,,0.03,18.34,5.12,,4.94,6.2,MAGDALENA,Mango
"5,323",2019 Aug 13 12:00:00 AM,MAGDALENA,SANTA MARTA,MANGO,AZUCAR,NO INDICA,FRUTO,NO INDICA,NO INDICA,BUENO,0.47,0.11,0.79,0.13,0.1,,0.04,19.9,7.59,6.72,7.18,6.53,MAGDALENA,Mango
"5,324",2019 Aug 13 12:00:00 AM,MAGDALENA,SANTA MARTA,MANGO,AZUCAR,NO INDICA,FRUTO,NO INDICA,NO INDICA,BUENO,0.38,0.08,0.75,0.11,0.06,,0.03,10.65,2.5,,2.28,8.01,MAGDALENA,Mango
"5,325",2019 Aug 13 12:00:00 AM,MAGDALENA,SANTA MARTA,MANGO,AZUCAR,NO INDICA,FRUTO,NO INDICA,NO INDICA,BUENO,0.41,0.09,0.87,0.17,0.1,,0.04,17.83,6.15,7.39,4.54,12.11,MAGDALENA,Mango
"5,326",2019 Aug 13 12:00:00 AM,MAGDALENA,SANTA MARTA,MANGO,AZUCAR,NO INDICA,FRUTO,NO INDICA,NO INDICA,BUENO,0.65,0.11,0.64,0.12,0.1,,0.05,15.67,5.92,,5.97,9.81,MAGDALENA,Mango
"5,327",2019 Aug 13 12:00:00 AM,MAGDALENA,SANTA MARTA,MANGO,AZUCAR,NO INDICA,FRUTO,NO INDICA,NO INDICA,BUENO,0.27,0.07,0.76,0.13,0.08,,0.04,48.0,4.47,,3.25,11.12,MAGDALENA,Mango
"5,328",2019 Aug 13 12:00:00 AM,MAGDALENA,SANTA MARTA,MANGO,AZUCAR,NO INDICA,FRUTO,NO INDICA,NO INDICA,BUENO,0.38,0.08,0.73,0.1,0.06,,0.03,18.45,2.09,,3.15,6.03,MAGDALENA,Mango
"5,329",2019 Aug 13 12:00:00 AM,MAGDALENA,SANTA MARTA,MANGO,AZUCAR,NO INDICA,FRUTO,NO INDICA,NO INDICA,BUENO,0.29,0.09,0.86,0.16,0.07,,0.04,50.89,2.93,11.63,3.47,5.87,MAGDALENA,Mango
"5,330",2019 Aug 13 12:00:00 AM,MAGDALENA,SANTA MARTA,MANGO,AZUCAR,NO INDICA,FRUTO,NO INDICA,NO INDICA,BUENO,0.55,0.07,0.79,0.16,0.08,,0.03,227.79,3.3,10.55,3.62,6.36,MAGDALENA,Mango
"5,331",2019 Aug 13 12:00:00 AM,MAGDALENA,SANTA MARTA,MANGO,AZUCAR,NO INDICA,FRUTO,NO INDICA,NO INDICA,BUENO,0.7,0.09,0.78,0.18,0.07,,0.04,34.6,2.77,10.88,3.8,6.2,MAGDALENA,Mango
"5,332",2019 Aug 13 12:00:00 AM,MAGDALENA,SANTA MARTA,MANGO,AZUCAR,NO INDICA,FRUTO,NO INDICA,NO INDICA,BUENO,0.49,0.12,0.8,0.11,0.07,,0.05,20.36,15.7,6.61,7.04,6.53,MAGDALENA,Mango
"5,333",2019 Aug 13 12:00:00 AM,MAGDALENA,SANTA MARTA,MANGO,AZUCAR,NO INDICA,FRUTO,NO INDICA,NO INDICA,BUENO,0.54,0.09,0.99,0.19,0.06,,0.04,12.04,4.07,,3.35,6.36,MAGDALENA,Mango
"5,334",2019 Aug 13 12:00:00 AM,MAGDALENA,SANTA MARTA,MANGO,AZUCAR,NO INDICA,FRUTO,NO INDICA,NO INDICA,BUENO,0.67,0.1,1.01,0.14,0.06,,0.04,16.19,4.38,,3.48,10.89,MAGDALENA,Mango
"5,335",2019 Aug 13 12:00:00 AM,MAGDALENA,SANTA MARTA,MANGO,AZUCAR,NO INDICA,FRUTO,NO INDICA,NO INDICA,BUENO,0.51,0.14,1.16,0.17,0.08,,0.05,17.1,5.43,5.72,4.64,9.81,MAGDALENA,Mango
"5,407",2019 Aug 28 12:00:00 AM,CESAR,AGUACHICA,ARROZ,FEDEARROZ 70,NO INDICA,HOJAS,SANA,"0-0-60, 18-46-0, 60",BUENO,0.67,0.16,1.3,0.38,0.11,,0.06,597.5,1.74,1030.97,51.85,3.23,CESAR,Arroz
"5,408",2019 Aug 28 12:00:00 AM,CESAR,AGUACHICA,ARROZ,FEDEARROZ 70,NO INDICA,HOJAS,SANA,"46-0-0, 0-0-60",BUENO,0.65,0.16,1.34,0.49,0.13,,0.08,575.51,2.2,1580.5,42.14,3.07,CESAR,Arroz
"5,409",2019 Aug 28 12:00:00 AM,CESAR,AGUACHICA,ARROZ,FEDEARROZ 70,NO INDICA,HOJAS,SANA,"46-0-0, 0-0-60",BUENO,0.59,0.13,1.28,0.41,0.11,0.03,0.07,737.79,1.87,1078.78,74.88,5.28,CESAR,Arroz
"5,410",2019 Aug 28 12:00:00 AM,CESAR,AGUACHICA,ARROZ,FEDEARROZ 70,NO INDICA,TALLOS,SANA,"46-0-0, 0-0-60",BUENO,0.34,0.15,2.75,0.08,0.09,0.08,0.07,257.5,4.7,480.97,56.72,1.18,CESAR,Arroz
"5,411",2019 Aug 28 12:00:00 AM,CESAR,AGUACHICA,ARROZ,FEDEARROZ 70,NO INDICA,TALLOS,SANA,"46-0-0, 0-0-60",BUENO,0.29,0.17,3.03,0.08,0.12,0.06,0.1,217.41,7.15,680.33,65.59,1.02,CESAR,Arroz
"5,412",2019 Aug 28 12:00:00 AM,CESAR,AGUACHICA,ARROZ,FEDEARROZ 70,NO INDICA,TALLOS,SANA,"46-0-0, 0-0-60",BUENO,0.26,0.15,3.1,0.08,0.09,0.08,0.08,217.56,5.39,493.79,61.49,,CESAR,Arroz
"5,413",2019 Aug 28 12:00:00 AM,CESAR,AGUACHICA,ARROZ,FEDEARROZ 70,NO INDICA,RAIZ,SANA,"0-0-60, 18-46-0, 60",BUENO,0.55,0.18,0.63,0.4,0.26,0.16,0.2,19060.46,26.23,561.04,125.94,,CESAR,Arroz
"5,414",2019 Aug 28 12:00:00 AM,CESAR,AGUACHICA,ARROZ,FEDEARROZ 70,NO INDICA,RAIZ,SANA,"46-0-0, 0-0-60",BUENO,0.48,0.21,0.7,0.38,0.26,0.19,0.25,20707.43,26.87,627.66,65.11,1.18,CESAR,Arroz
"5,415",2019 Aug 28 12:00:00 AM,CESAR,AGUACHICA,ARROZ,FEDEARROZ 70,NO INDICA,RAIZ,SANA,"46-0-0, 0-0-60",BUENO,0.62,0.15,0.59,0.46,0.28,0.15,0.21,16488.73,29.22,629.74,108.72,,CESAR,Arroz
"5,416",2019 Aug 28 12:00:00 AM,CESAR,AGUACHICA,ARROZ,FEDEARROZ 70,NO INDICA,PANÍCULAS,SANA,"60, 18-46-0, 60",NO INDICA,0.81,0.59,0.62,0.06,0.21,,0.07,347.25,3.47,168.49,30.93,,CESAR,Arroz
"5,417",2019 Aug 28 12:00:00 AM,CESAR,AGUACHICA,ARROZ,FEDEARROZ 70,NO INDICA,PANÍCULAS,SANA,"46-0-0, 0-0-60",NO INDICA,1.21,0.62,0.61,0.07,0.23,,0.08,253.62,3.47,206.39,25.95,,CESAR,Arroz
"5,418",2019 Aug 28 12:00:00 AM,CESAR,AGUACHICA,ARROZ,FEDEARROZ 70,NO INDICA,PANÍCULAS,SANA,"46-0-0, 0-0-60",NO INDICA,0.92,0.57,0.54,0.07,0.21,,0.07,210.41,3.98,282.5,24.8,,CESAR,Arroz
"6,314",2019 Dec 17 12:00:00 AM,CÓRDOBA,TIERRALTA,CACAO,NO INDICA,NO INDICA,HOJAS,NO INDICA,"Map, Urea, KCL, Cal Dolomita",REGULAR,2.03,0.19,0.97,1.79,0.88,,0.36,84.04,4.4,551.39,143.1,63.73,CORDOBA,Cacao
"6,315",2019 Dec 17 12:00:00 AM,CÓRDOBA,TIERRALTA,CACAO,NO INDICA,NO INDICA,HOJAS,NO INDICA,"Map, Urea, KCL, Cal Dolomita",REGULAR,2.31,0.26,1.65,0.97,0.63,,0.26,51.2,8.7,345.11,59.3,69.65,CORDOBA,Cacao
"6,316",2019 Dec 17 12:00:00 AM,CÓRDOBA,TIERRALTA,CACAO,NO INDICA,NO INDICA,HOJAS,NO INDICA,"Map, Urea, KCL, Cal Dolomita",REGULAR,2.17,0.36,1.6,1.25,0.92,,0.35,141.81,7.5,91.24,71.92,77.44,CORDOBA,Cacao
"6,317",2019 Dec 17 12:00:00 AM,CÓRDOBA,VALENCIA,CACAO,NO INDICA,NO INDICA,HOJAS,NO INDICA,"Map, Urea, KCL, Cal Dolomita",REGULAR,1.95,0.32,1.58,0.45,0.52,,0.28,37.5,11.34,148.85,43.63,52.35,CORDOBA,Cacao
"6,318",2019 Dec 17 12:00:00 AM,CÓRDOBA,TIERRALTA,CACAO,NO INDICA,NO INDICA,HOJAS,NO INDICA,"Map, Urea, KCL, Cal Dolomita",REGULAR,2.27,0.44,2.25,0.44,0.45,,0.29,44.83,11.25,65.97,46.32,61.53,CORDOBA,Cacao
"6,319",2019 Dec 17 12:00:00 AM,CÓRDOBA,TIERRALTA,CACAO,NO INDICA,NO INDICA,HOJAS,NO INDICA,"Map, Urea, KCL, Cal Dolomita",REGULAR,2.05,0.42,1.69,0.79,0.64,,0.32,32.81,7.61,53.97,65.87,63.56,CORDOBA,Cacao
"6,320",2019 Dec 17 12:00:00 AM,CÓRDOBA,TIERRALTA,CACAO,NO INDICA,NO INDICA,HOJAS,NO INDICA,"Map, Urea, KCL, Cal Dolomita",REGULAR,1.85,0.48,2.15,0.78,0.65,,0.31,45.23,10.95,83.9,62.93,73.55,CORDOBA,Cacao
"6,321",2019 Dec 17 12:00:00 AM,CÓRDOBA,VALENCIA,CACAO,NO INDICA,NO INDICA,HOJAS,NO INDICA,"Map, Urea, KCL, Cal Dolomita",REGULAR,1.98,0.41,2.15,0.61,0.49,,0.26,27.03,10.84,24.13,50.07,65.93,CORDOBA,Cacao
"6,322",2019 Dec 17 12:00:00 AM,CÓRDOBA,VALENCIA,CACAO,NO INDICA,NO INDICA,HOJAS,NO INDICA,"Map, Urea, KCL, Cal Dolomita",REGULAR,2.23,0.22,1.46,1.49,0.89,,0.32,44.46,5.71,150.01,48.65,70.33,CORDOBA,Cacao
"6,323",2019 Dec 17 12:00:00 AM,CÓRDOBA,TIERRALTA,CACAO,NO INDICA,NO INDICA,HOJAS,NO INDICA,"Map, Urea, KCL, Cal Dolomita",REGULAR,2.36,0.16,1.32,1.77,0.82,,0.39,43.64,5.68,775.46,129.52,54.93,CORDOBA,Cacao
"6,324",2019 Dec 17 12:00:00 AM,CÓRDOBA,VALENCIA,CACAO,NO INDICA,NO INDICA,HOJAS,NO INDICA,"Map, Urea, KCL, Cal Dolomita",REGULAR,1.95,0.25,1.73,0.6,0.41,,0.18,46.48,7.93,118.35,43.79,63.9,CORDOBA,Cacao
"6,357",2018 Apr 23 12:00:00 AM,CÓRDOBA,MONTERÍA,ALGAS,NO INDICA,NO INDICA,NO INDICA,NO INDICA,NO INDICA,NO INDICA,1.33,0.11,0.54,9.22,0.96,0.44,1.45,1306.96,7.79,42.39,18.2,163.26,CORDOBA,Algas
"6,814",2018 May 16 12:00:00 AM,MAGDALENA,ZONA BANANERA,PALMA DE ACEITE,TENERA,NO INDICA,HOJAS,NO INDICA,"SAM,KCL,BORO,CAFETERO",BUENO,2.46,0.14,1.08,0.44,0.24,,0.12,224.48,7.77,31.09,17.75,12.22,MAGDALENA,Palma de aceite
"6,815",2018 May 16 12:00:00 AM,MAGDALENA,ZONA BANANERA,PALMA DE ACEITE,TENERA,NO INDICA,HOJAS,NO INDICA,"SAM,KCL,BORO,CAFETERO",BUENO,2.69,0.17,1.49,0.4,0.24,,0.14,306.08,8.97,42.19,18.35,12.41,MAGDALENA,Palma de aceite
"6,816",2018 May 16 12:00:00 AM,MAGDALENA,ZONA BANANERA,PALMA DE ACEITE,TENERA,NO INDICA,HOJAS,NO INDICA,"SAM,KCL,BORO,CAFETERO",BUENO,2.13,0.12,1.57,0.66,0.27,,0.1,159.08,8.07,46.69,16.25,8.99,MAGDALENA,Palma de aceite
"6,817",2018 May 16 12:00:00 AM,MAGDALENA,ZONA BANANERA,PALMA DE ACEITE,TENERA,NO INDICA,HOJAS,NO INDICA,"SAM,KCL,BORO,CAFETERO",BUENO,2.17,0.13,1.09,0.51,0.2,,0.1,184.58,8.67,55.09,13.25,11.46,MAGDALENA,Palma de aceite
"6,818",2018 May 16 12:00:00 AM,MAGDALENA,ZONA BANANERA,PALMA DE ACEITE,TENERA,NO INDICA,HOJAS,NO INDICA,"SAM,KCL,BORO,CAFETERO",BUENO,2.09,0.16,1.33,0.49,0.21,,0.12,265.88,8.67,46.09,15.65,13.36,MAGDALENA,Palma de aceite
"6,819",2018 May 16 12:00:00 AM,MAGDALENA,ZONA BANANERA,PALMA DE ACEITE,TENERA,NO INDICA,HOJAS,NO INDICA,"SAM,KCL,BORO,CAFETERO",BUENO,2.54,0.16,1.4,0.48,0.26,,0.13,540.98,7.77,44.59,19.85,16.59,MAGDALENA,Palma de aceite
"6,820",2018 May 16 12:00:00 AM,MAGDALENA,ZONA BANANERA,PALMA DE ACEITE,TENERA,NO INDICA,HOJAS,NO INDICA,"SAM,KCL,BORO,CAFETERO",BUENO,2.43,0.15,1.22,0.44,0.17,,0.12,216.08,6.27,66.49,18.35,10.51,MAGDALENA,Palma de aceite
"6,821",2018 May 16 12:00:00 AM,MAGDALENA,ZONA BANANERA,PALMA DE ACEITE,TENERA,NO INDICA,HOJAS,NO INDICA,"SAM,KCL,BORO,CAFETERO",BUENO,2.4,0.15,1.47,0.52,0.25,,0.12,248.48,5.37,53.29,17.75,15.45,MAGDALENA,Palma de aceite
"6,822",2018 May 16 12:00:00 AM,MAGDALENA,ZONA BANANERA,PALMA DE ACEITE,TENERA,NO INDICA,HOJAS,NO INDICA,"SAM,KCL,BORO,CAFETERO",BUENO,2.78,0.15,1.63,0.66,0.24,,0.12,255.38,5.37,50.59,19.55,12.98,MAGDALENA,Palma de aceite
"6,823",2018 May 16 12:00:00 AM,MAGDALENA,ZONA BANANERA,PALMA DE ACEITE,TENERA,NO INDICA,HOJAS,NO INDICA,"SAM,KCL,BORO,CAFETERO",BUENO,2.84,0.16,1.13,0.59,0.25,,0.12,457.58,6.27,100.09,21.35,17.73,MAGDALENA,Palma de aceite
"6,824",2018 May 16 12:00:00 AM,MAGDALENA,ZONA BANANERA,PALMA DE ACEITE,TENERA,NO INDICA,HOJAS,NO INDICA,"SAM,KCL,BORO,CAFETERO",BUENO,2.46,0.14,0.86,0.48,0.2,,0.1,290.48,4.77,59.89,15.35,13.55,MAGDALENA,Palma de aceite
"6,825",2018 May 16 12:00:00 AM,MAGDALENA,ZONA BANANERA,PALMA DE ACEITE,TENERA,NO INDICA,HOJAS,NO INDICA,"SAM,KCL,BORO,CAFETERO",BUENO,2.5,0.16,1.69,0.6,0.24,,0.13,323.78,5.67,76.69,18.65,13.93,MAGDALENA,Palma de aceite
"6,826",2018 May 16 12:00:00 AM,MAGDALENA,ZONA BANANERA,PALMA DE ACEITE,TENERA,NO INDICA,HOJAS,NO INDICA,"SAM,KCL,BORO,CAFETERO",BUENO,2.09,0.13,1.74,0.44,0.21,0.07,0.1,241.28,4.17,72.19,14.75,9.18,MAGDALENA,Palma de aceite
"6,827",2018 May 16 12:00:00 AM,MAGDALENA,ZONA BANANERA,PALMA DE ACEITE,TENERA,NO INDICA,HOJAS,NO INDICA,"SAM,KCL,BORO,CAFETERO",BUENO,2.13,0.15,1.43,0.47,0.25,,0.1,288.38,6.57,59.59,19.55,14.5,MAGDALENA,Palma de aceite
"6,828",2018 May 16 12:00:00 AM,MAGDALENA,ZONA BANANERA,PALMA DE ACEITE,TENERA,NO INDICA,HOJAS,NO INDICA,"SAM,KCL,BORO,CAFETERO",BUENO,2.29,0.15,1.33,0.68,0.25,,0.12,145.28,16.77,36.19,18.05,16.02,MAGDALENA,Palma de aceite
"6,829",2018 May 16 12:00:00 AM,MAGDALENA,ZONA BANANERA,PALMA DE ACEITE,NO INDICA,NO INDICA,HOJAS,NO INDICA,"SAM,KCL,BORO,CAFETERO",BUENO,2.13,0.13,1.7,0.46,0.2,,0.12,131.48,7.47,24.49,15.35,12.41,MAGDALENA,Palma de aceite
"6,830",2018 May 16 12:00:00 AM,MAGDALENA,ZONA BANANERA,PALMA DE ACEITE,NO INDICA,NO INDICA,HOJAS,NO INDICA,"SAM,KCL,BORO,CAFETERO",BUENO,2.23,0.14,1.49,0.6,0.29,,0.13,283.28,9.27,29.89,17.75,13.36,MAGDALENA,Palma de aceite
"7,295",2018 Jul 13 12:00:00 AM,CESAR,AGUACHICA,ARROZ,FEDEARROZ 68,NO INDICA,HOJAS-RAICES,SANA,NO,NO INDICA,2.22,0.18,1.37,0.25,0.21,0.15,0.23,784.53,7.15,338.27,26.05,5.15,CESAR,Arroz
"7,296",2018 Jul 13 12:00:00 AM,CESAR,AGUACHICA,ARROZ,FEDEARROZ 68,NO INDICA,HOJAS-RAICES,SANA,NO,NO INDICA,2.0,0.17,1.44,0.24,0.17,0.2,0.23,1242.72,7.96,338.0,26.35,6.49,CESAR,Arroz
"7,297",2018 Jul 13 12:00:00 AM,CESAR,AGUACHICA,ARROZ,FEDEARROZ 68,NO INDICA,HOJAS-RAICES,SANA,NO,NO INDICA,1.32,0.15,0.82,0.48,0.17,0.15,0.33,16582.35,23.32,426.02,50.43,8.95,CESAR,Arroz
"7,298",2018 Jul 13 12:00:00 AM,CESAR,AGUACHICA,ARROZ,FEDEARROZ 68,NO INDICA,NO INDICA,SANA,NO,NO INDICA,1.22,0.14,1.01,0.38,0.24,0.2,0.27,13946.25,20.14,352.31,53.38,10.95,CESAR,Arroz
"7,510",2018 Jul 27 12:00:00 AM,CESAR,AGUACHICA,ARROZ,VARIEDAD F68,NO INDICA,HOJAS,SANA,NO INDICA,NO INDICA,2.96,0.2,1.76,0.3,0.16,0.08,0.19,551.52,6.64,232.16,36.99,8.28,CESAR,Arroz
"7,511",2018 Jul 27 12:00:00 AM,CESAR,AGUACHICA,ARROZ,VARIEDAD F68,NO INDICA,HOJAS,SANA,NO INDICA,NO INDICA,3.09,0.17,1.97,0.41,0.2,0.07,0.22,907.65,7.54,281.57,54.38,9.29,CESAR,Arroz
"7,512",2018 Jul 27 12:00:00 AM,CESAR,AGUACHICA,ARROZ,VARIEDAD F68,NO INDICA,TALLOS,SANA,NO INDICA,NO INDICA,2.16,0.31,2.3,0.14,0.14,0.15,0.25,99.05,4.99,254.57,53.78,6.95,CESAR,Arroz
"7,513",2018 Jul 27 12:00:00 AM,CESAR,AGUACHICA,ARROZ,VARIEDAD F68,NO INDICA,TALLOS,SANA,NO INDICA,NO INDICA,2.38,0.29,2.39,0.16,0.18,0.16,0.31,407.61,6.85,37.49,48.36,8.12,CESAR,Arroz
"7,514",2018 Jul 27 12:00:00 AM,CESAR,AGUACHICA,ARROZ,VARIEDAD F68,NO INDICA,RAIZ,SANA,NO INDICA,NO INDICA,1.01,0.13,0.97,0.73,0.16,0.19,0.23,25162.92,15.07,335.84,46.82,8.62,CESAR,Arroz
"7,515",2018 Jul 27 12:00:00 AM,CESAR,AGUACHICA,ARROZ,VARIEDAD F68,NO INDICA,RAIZ,SANA,NO INDICA,NO INDICA,1.07,0.12,0.45,0.77,0.13,0.15,0.26,24458.7,14.68,319.64,33.86,11.12,CESAR,Arroz
"7,543",2018 Aug 06 12:00:00 AM,CESAR,AGUACHICA,ARROZ,VARIEDAD F68,NO INDICA,HOJAS,SANA,46-0-0-0-0-60-18-46-0,NO INDICA,1.9,0.27,2.63,0.1,0.17,0.14,0.23,116.01,2.75,720.09,91.74,7.1,CESAR,Arroz
"7,544",2018 Aug 06 12:00:00 AM,CESAR,AGUACHICA,ARROZ,VARIEDAD F68,NO INDICA,HOJAS,SANA,46-0-0-0-0-60-18-46-0,NO INDICA,1.73,0.28,2.51,0.07,0.13,0.23,0.22,123.3,,797.58,105.0,5.05,CESAR,Arroz
"7,545",2018 Aug 06 12:00:00 AM,CESAR,AGUACHICA,ARROZ,VARIEDAD F68,NO INDICA,HOJAS,SANA,46-0-0-0-0-60-18-46-0,NO INDICA,0.86,0.11,0.47,0.62,0.11,0.2,0.23,23444.01,28.15,711.45,101.49,4.49,CESAR,Arroz
"7,546",2018 Aug 06 12:00:00 AM,CESAR,AGUACHICA,ARROZ,VARIEDAD F68,NO INDICA,HOJAS,SANA,46-0-0-0-0-60-18-46-0,NO INDICA,1.01,0.12,0.66,0.47,0.09,0.22,0.22,24496.71,21.27,618.57,125.2,4.67,CESAR,Arroz
"7,547",2018 Aug 06 12:00:00 AM,CESAR,AGUACHICA,ARROZ,VARIEDAD F68,NO INDICA,HOJAS,SANA,46-0-0-0-0-60-18-46-0,NO INDICA,3.22,0.17,1.9,0.23,0.16,0.07,0.2,918.14,9.43,756.54,95.83,7.29,CESAR,Arroz
"7,548",2018 Aug 06 12:00:00 AM,CESAR,AGUACHICA,ARROZ,VARIEDAD F68,NO INDICA,HOJAS,SANA,46-0-0-0-0-60-18-46-0,NO INDICA,2.88,0.15,1.43,0.25,0.15,0.09,0.15,824.23,8.6,797.85,165.14,5.98,CESAR,Arroz
"7,779",2018 Sep 05 12:00:00 AM,CESAR,AGUACHICA,ARROZ,FEDEARROZ 68,NO INDICA,HOJAS,NO INDICA,NINGUNO,NO INDICA,1.81,0.16,1.66,0.29,0.17,0.07,0.1,717.53,8.14,1056.31,97.07,10.76,CESAR,Arroz
"7,780",2018 Sep 05 12:00:00 AM,CESAR,AGUACHICA,ARROZ,FEDEARROZ 68,NO INDICA,HOJAS,NO INDICA,NINGUNO,NO INDICA,1.75,0.15,1.75,0.28,0.19,0.05,0.11,647.95,5.23,1003.15,71.26,8.1,CESAR,Arroz
"7,781",2018 Sep 05 12:00:00 AM,CESAR,AGUACHICA,ARROZ,FEDEARROZ 68,NO INDICA,TALLOS,NO INDICA,NINGUNO,NO INDICA,0.63,0.21,1.81,0.1,0.19,0.2,0.11,133.84,6.44,504.28,109.26,4.44,CESAR,Arroz
"7,782",2018 Sep 05 12:00:00 AM,CESAR,AGUACHICA,ARROZ,FEDEARROZ 68,NO INDICA,TALLOS,NO INDICA,NINGUNO,NO INDICA,0.85,0.26,2.01,0.07,0.17,0.2,0.12,202.79,8.55,655.58,152.11,3.44,CESAR,Arroz
"7,783",2018 Sep 05 12:00:00 AM,CESAR,AGUACHICA,ARROZ,FEDEARROZ 68,NO INDICA,RAIZ,NO INDICA,NINGUNO,NO INDICA,0.66,0.11,0.3,0.39,0.3,0.13,0.2,20716.49,42.54,695.72,354.2,6.77,CESAR,Arroz
"7,784",2018 Sep 05 12:00:00 AM,CESAR,AGUACHICA,ARROZ,FEDEARROZ 68,NO INDICA,RAIZ,NO INDICA,NINGUNO,NO INDICA,0.58,0.11,0.29,0.46,0.38,0.28,0.16,21402.6,23.98,659.25,139.39,4.94,CESAR,Arroz
"7,958",2018 Oct 03 12:00:00 AM,CESAR,AGUACHICA,ARROZ,VARIEDAD F68,NO INDICA,HOJAS,SANA,46-0-0-0-0-60-18-46-0,NO INDICA,0.75,0.09,0.72,0.36,0.13,0.1,0.06,1092.08,,809.35,34.87,6.36,CESAR,Arroz
"7,959",2018 Oct 03 12:00:00 AM,CESAR,AGUACHICA,ARROZ,VARIEDAD F68,NO INDICA,HOJAS,SANA,46-0-0-0-0-60-18-46-0,NO INDICA,0.63,0.08,0.78,0.34,0.13,0.07,0.05,703.46,,745.18,33.52,6.82,CESAR,Arroz
"7,960",2018 Oct 03 12:00:00 AM,CESAR,AGUACHICA,ARROZ,VARIEDAD F68,NO INDICA,RAIZ,SANA,46-0-0-0-0-60-18-46-0,NO INDICA,0.72,0.08,0.41,0.29,0.22,0.19,0.22,6870.37,13.99,413.45,73.91,6.51,CESAR,Arroz
"7,961",2018 Oct 03 12:00:00 AM,CESAR,AGUACHICA,ARROZ,VARIEDAD F68,NO INDICA,RAIZ,SANA,46-0-0-0-0-60-18-46-0,NO INDICA,0.65,0.09,0.58,0.35,0.25,0.37,0.15,9906.29,15.83,447.44,84.5,6.98,CESAR,Arroz
"7,962",2018 Oct 03 12:00:00 AM,CESAR,AGUACHICA,ARROZ,VARIEDAD F68,NO INDICA,TALLOS,SANA,46-0-0-0-0-60-18-46-0,NO INDICA,0.6,0.11,1.91,0.06,0.09,0.29,0.11,574.74,3.04,340.58,68.15,3.12,CESAR,Arroz
"7,963",2018 Oct 03 12:00:00 AM,CESAR,AGUACHICA,ARROZ,VARIEDAD F68,NO INDICA,TALLOS,SANA,46-0-0-0-0-60-18-46-0,NO INDICA,0.68,0.11,2.46,0.06,0.09,0.19,0.1,396.21,2.64,312.84,62.02,4.66,CESAR,Arroz
"7,964",2018 Oct 03 12:00:00 AM,CESAR,AGUACHICA,ARROZ,VARIEDAD F68,NO INDICA,PANÍCULAS,SANA,46-0-0-0-0-60-18-46-0,NO INDICA,1.2,0.52,0.62,0.04,0.23,,0.09,426.56,3.99,212.51,32.14,13.46,CESAR,Arroz
"7,965",2018 Oct 03 12:00:00 AM,CESAR,AGUACHICA,ARROZ,VARIEDAD F68,NO INDICA,PANÍCULAS,SANA,46-0-0-0-0-60-18-46-0,NO INDICA,1.35,0.55,0.63,0.03,0.25,,0.09,275.41,2.81,122.2,29.37,4.51,CESAR,Arroz
"8,549",2018 Dec 04 12:00:00 AM,CÓRDOBA,TIERRALTA,CACAO,NO INDICA,NO INDICA,HOJAS,NO INDICA,"UREA,KCL",REGULAR,2.17,0.14,1.17,1.66,0.55,,0.25,84.76,5.04,448.91,160.69,40.58,CORDOBA,Cacao
"8,550",2018 Dec 04 12:00:00 AM,CÓRDOBA,TIERRALTA,CACAO,NO INDICA,NO INDICA,HOJAS,NO INDICA,"UREA,KCL",REGULAR,2.32,0.18,1.47,1.49,0.62,,0.25,61.54,6.57,562.09,111.13,48.21,CORDOBA,Cacao
"8,551",2018 Dec 04 12:00:00 AM,CÓRDOBA,VALENCIA,CACAO,NO INDICA,NO INDICA,HOJAS,NO INDICA,"UREA,KCL",REGULAR,2.1,0.27,1.98,0.46,0.54,,0.19,26.87,9.71,43.74,48.73,44.03,CORDOBA,Cacao
"8,552",2018 Dec 04 12:00:00 AM,CÓRDOBA,VALENCIA,CACAO,NO INDICA,NO INDICA,HOJAS,NO INDICA,"UREA,KCL",REGULAR,2.29,0.15,1.18,0.93,0.62,,0.29,57.33,5.53,238.68,55.05,56.4,CORDOBA,Cacao
"8,553",2018 Dec 04 12:00:00 AM,CÓRDOBA,TIERRALTA,CACAO,NO INDICA,NO INDICA,HOJAS,NO INDICA,"UREA,KCL",REGULAR,2.19,0.19,1.5,1.32,0.55,,0.2,42.53,5.76,245.01,95.08,45.73,CORDOBA,Cacao
"8,554",2018 Dec 04 12:00:00 AM,CÓRDOBA,TIERRALTA,CACAO,NO INDICA,NO INDICA,HOJAS,NO INDICA,"UREA,KCL",REGULAR,2.25,0.14,1.62,0.84,0.4,,0.23,61.43,5.37,872.17,118.37,40.93,CORDOBA,Cacao
"8,555",2018 Dec 04 12:00:00 AM,CÓRDOBA,TIERRALTA,CACAO,NO INDICA,NO INDICA,HOJAS,NO INDICA,"UREA,KCL",REGULAR,2.04,0.22,1.66,1.33,0.67,,0.23,122.27,5.96,104.65,100.25,50.53,CORDOBA,Cacao
"8,556",2018 Dec 04 12:00:00 AM,CÓRDOBA,VALENCIA,CACAO,NO INDICA,NO INDICA,HOJAS,NO INDICA,"UREA,KCL",REGULAR,1.85,0.26,2.37,0.34,0.43,,0.18,23.85,11.78,45.82,50.49,42.48,CORDOBA,Cacao
"8,557",2018 Dec 04 12:00:00 AM,CÓRDOBA,VALENCIA,CACAO,NO INDICA,NO INDICA,HOJAS,NO INDICA,"UREA,KCL",REGULAR,2.22,0.25,2.15,0.51,0.49,,0.19,28.9,10.16,49.24,52.05,48.89,CORDOBA,Cacao
"8,558",2018 Dec 04 12:00:00 AM,CÓRDOBA,TIERRALTA,CACAO,NO INDICA,NO INDICA,HOJAS,NO INDICA,"UREA,KCL",REGULAR,2.28,0.13,1.33,1.51,0.51,,0.23,42.09,6.56,918.3,144.75,34.19,CORDOBA,Cacao
"8,559",2018 Dec 04 12:00:00 AM,CÓRDOBA,VALENCIA,CACAO,NO INDICA,NO INDICA,HOJAS,NO INDICA,"UREA,KCL",REGULAR,2.03,0.23,1.9,0.44,0.52,,0.16,42.59,10.16,62.11,47.6,49.82,CORDOBA,Cacao
"8,621",2023 Dec 21 12:00:00 AM,CÓRDOBA,SAN PELAYO,YUCA,NO INDICA,NO INDICA,PARTE ÁREA,NO INDICA,NO INDICA,NO INDICA,3.49,0.27,1.02,1.07,0.53,,0.21,163.8,4.46,67.31,36.17,27.91,CORDOBA,Yuca
"8,622",2023 Dec 21 12:00:00 AM,CÓRDOBA,SAN PELAYO,YUCA,NO INDICA,NO INDICA,PARTE ÁREA,NO INDICA,NO INDICA,NO INDICA,3.47,0.27,1.58,1.08,0.46,,0.2,92.44,4.25,99.32,26.25,18.53,CORDOBA,Yuca
"8,623",2023 Dec 21 12:00:00 AM,CÓRDOBA,SAN PELAYO,YUCA,NO INDICA,NO INDICA,PARTE ÁREA,NO INDICA,NO INDICA,NO INDICA,3.36,0.27,1.39,1.01,0.39,,0.21,113.84,5.2,82.84,27.97,18.11,CORDOBA,Yuca
"8,624",2023 Dec 21 12:00:00 AM,CÓRDOBA,SAN PELAYO,YUCA,NO INDICA,NO INDICA,PARTE ÁREA,NO INDICA,NO INDICA,NO INDICA,3.59,0.29,1.41,0.98,0.38,,0.22,136.65,5.61,103.73,33.93,18.38,CORDOBA,Yuca
"8,625",2023 Dec 21 12:00:00 AM,CÓRDOBA,SAN PELAYO,YUCA,NO INDICA,NO INDICA,RAIZ,NO INDICA,NO INDICA,NO INDICA,0.9,0.26,1.92,0.34,0.08,0.03,0.08,293.67,8.97,14.01,13.38,9.74,CORDOBA,Yuca
"8,626",2023 Dec 21 12:00:00 AM,CÓRDOBA,SAN PELAYO,YUCA,NO INDICA,NO INDICA,RAIZ,NO INDICA,NO INDICA,NO INDICA,0.98,0.33,2.29,0.31,0.08,0.03,0.09,193.1,9.66,10.57,16.72,9.09,CORDOBA,Yuca
"8,627",2023 Dec 21 12:00:00 AM,CÓRDOBA,SAN PELAYO,YUCA,NO INDICA,NO INDICA,RAIZ,NO INDICA,NO INDICA,NO INDICA,1.05,0.31,1.96,0.22,0.09,0.05,0.1,202.11,10.41,16.79,15.71,8.64,CORDOBA,Yuca
"8,628",2023 Dec 21 12:00:00 AM,CÓRDOBA,SAN PELAYO,YUCA,NO INDICA,NO INDICA,RAIZ,NO INDICA,NO INDICA,NO INDICA,0.87,0.33,1.99,0.26,0.08,0.03,0.09,114.65,10.58,14.97,14.7,8.6,CORDOBA,Yuca
"8,629",2023 Dec 21 12:00:00 AM,CÓRDOBA,SAN PELAYO,YUCA,NO INDICA,NO INDICA,RAIZ,NO INDICA,NO INDICA,NO INDICA,0.66,0.26,1.86,0.14,0.09,,0.08,103.03,6.55,7.64,11.86,7.55,CORDOBA,Yuca
"8,630",2023 Dec 21 12:00:00 AM,CÓRDOBA,SAN PELAYO,YUCA,NO INDICA,NO INDICA,RAIZ,NO INDICA,NO INDICA,NO INDICA,0.72,0.33,2.05,0.18,0.11,,0.1,194.28,8.05,14.8,15.44,9.29,CORDOBA,Yuca
"8,631",2023 Dec 21 12:00:00 AM,CÓRDOBA,SAN PELAYO,YUCA,NO INDICA,NO INDICA,RAIZ,NO INDICA,NO INDICA,NO INDICA,0.62,0.33,2.04,0.19,0.11,0.03,0.1,151.07,7.91,11.78,14.34,8.5,CORDOBA,Yuca
"8,632",2024 Jan 22 12:00:00 AM,CÓRDOBA,TIERRALTA,CACAO,CCN51,NO INDICA,ALMENDRA,NO INDICA,NO INDICA,NO INDICA,2.17,0.41,0.84,0.16,0.27,,0.12,31.87,22.8,6.36,38.57,11.12,CORDOBA,Cacao
"8,633",2024 Jan 22 12:00:00 AM,CÓRDOBA,TIERRALTA,CACAO,CCN51,NO INDICA,ALMENDRA,NO INDICA,NO INDICA,NO INDICA,2.15,0.41,0.84,0.15,0.28,,0.12,29.74,23.63,,37.96,10.85,CORDOBA,Cacao
"8,634",2024 Jan 22 12:00:00 AM,CÓRDOBA,TIERRALTA,CACAO,CCN51,NO INDICA,ALMENDRA,NO INDICA,NO INDICA,NO INDICA,2.02,0.41,0.83,0.16,0.29,,0.12,27.72,19.97,,35.51,10.75,CORDOBA,Cacao
"8,635",2024 Jan 22 12:00:00 AM,CÓRDOBA,TIERRALTA,CACAO,CCN51,NO INDICA,ALMENDRA,NO INDICA,NO INDICA,NO INDICA,1.95,0.43,0.86,0.16,0.29,,0.13,27.16,21.51,,38.0,10.76,CORDOBA,Cacao
"8,636",2024 Jan 22 12:00:00 AM,CÓRDOBA,TIERRALTA,CACAO,CCN51,NO INDICA,ALMENDRA,NO INDICA,NO INDICA,NO INDICA,1.81,0.35,0.78,0.13,0.24,,0.11,33.07,10.72,20.33,35.86,10.42,CORDOBA,Cacao
"8,637",2024 Jan 22 12:00:00 AM,CÓRDOBA,TIERRALTA,CACAO,CCN51,NO INDICA,ALMENDRA,NO INDICA,NO INDICA,NO INDICA,1.74,0.33,0.77,0.13,0.23,,0.11,33.21,11.0,31.76,33.72,11.77,CORDOBA,Cacao
"8,638",2024 Jan 22 12:00:00 AM,CÓRDOBA,TIERRALTA,CACAO,CCN51,NO INDICA,ALMENDRA,NO INDICA,NO INDICA,NO INDICA,1.88,0.35,0.79,0.14,0.25,,0.12,34.67,10.6,25.75,33.62,10.65,CORDOBA,Cacao
"8,639",2024 Jan 22 12:00:00 AM,CÓRDOBA,TIERRALTA,CACAO,CCN51,NO INDICA,ALMENDRA,NO INDICA,NO INDICA,NO INDICA,1.76,0.34,0.77,0.13,0.24,,0.12,32.02,10.77,23.29,34.01,11.15,CORDOBA,Cacao
"8,640",2024 Jan 22 12:00:00 AM,CÓRDOBA,TIERRALTA,CACAO,CCN51,NO INDICA,CACOTA,NO INDICA,NO INDICA,NO INDICA,0.84,0.15,4.18,0.71,0.41,,0.17,103.31,3.88,177.79,57.67,28.28,CORDOBA,Cacao
"8,641",2024 Jan 22 12:00:00 AM,CÓRDOBA,TIERRALTA,CACAO,CCN51,NO INDICA,CACOTA,NO INDICA,NO INDICA,NO INDICA,0.8,0.16,4.15,0.65,0.43,,0.15,94.74,3.04,107.27,46.59,26.9,CORDOBA,Cacao
"8,642",2024 Jan 22 12:00:00 AM,CÓRDOBA,TIERRALTA,CACAO,CCN51,NO INDICA,CACOTA,NO INDICA,NO INDICA,NO INDICA,0.83,0.14,3.97,0.61,0.44,,0.15,122.51,3.2,104.52,50.06,27.54,CORDOBA,Cacao
"8,643",2024 Jan 22 12:00:00 AM,CÓRDOBA,TIERRALTA,CACAO,CCN51,NO INDICA,CACOTA,NO INDICA,NO INDICA,NO INDICA,0.75,0.14,3.84,0.63,0.44,,0.13,126.17,2.87,109.65,46.73,29.14,CORDOBA,Cacao
"8,644",2024 Jan 22 12:00:00 AM,CÓRDOBA,TIERRALTA,CACAO,CCN51,NO INDICA,HOJAS,NO INDICA,NO INDICA,NO INDICA,1.28,0.12,0.61,2.02,1.07,,0.3,184.84,2.1,822.11,122.82,33.76,CORDOBA,Cacao
"8,645",2024 Jan 22 12:00:00 AM,CÓRDOBA,TIERRALTA,CACAO,CCN51,NO INDICA,HOJAS,NO INDICA,NO INDICA,NO INDICA,1.41,0.13,0.63,2.0,1.13,,0.29,167.62,1.93,822.4,115.46,38.8,CORDOBA,Cacao
"8,646",2024 Jan 22 12:00:00 AM,CÓRDOBA,TIERRALTA,CACAO,CCN51,NO INDICA,HOJAS,NO INDICA,NO INDICA,NO INDICA,1.36,0.14,0.72,2.08,1.1,,0.3,155.66,1.92,797.85,105.88,36.44,CORDOBA,Cacao
"8,647",2024 Jan 22 12:00:00 AM,CÓRDOBA,TIERRALTA,CACAO,CCN51,NO INDICA,HOJAS,NO INDICA,NO INDICA,NO INDICA,1.29,0.16,0.69,2.21,1.06,,0.32,264.39,2.25,994.15,117.66,32.86,CORDOBA,Cacao
"8,648",2024 Feb 16 12:00:00 AM,BOLÍVAR,EL CARMEN DE BOLÍVAR,MADERABLE,NO INDICA,NO INDICA,TALLOS,VERDE,NO INDICA,BUENO,2.81,0.13,0.48,2.04,0.11,,0.26,249.67,9.42,41.22,24.78,123.47,BOLIVAR,Maderable
"8,649",2024 Feb 16 12:00:00 AM,BOLÍVAR,EL CARMEN DE BOLÍVAR,PASTOS,NO INDICA,NO INDICA,PARTE ÁREA,VERDE,NO INDICA,BUENO,0.92,0.11,0.71,1.1,0.3,,0.14,6929.32,11.12,118.88,72.35,28.09,BOLIVAR,Pastos
"8,650",2024 Feb 16 12:00:00 AM,BOLÍVAR,EL CARMEN DE BOLÍVAR,MADERABLE,NO INDICA,NO INDICA,HOJAS,VERDE,NO INDICA,BUENO,2.15,0.22,1.43,3.73,0.72,,0.41,166.97,12.11,18.41,18.84,162.62,BOLIVAR,Maderable
"8,651",2024 Feb 16 12:00:00 AM,BOLÍVAR,EL CARMEN DE BOLÍVAR,MADERABLE,NO INDICA,NO INDICA,HOJAS,VERDE,NO INDICA,BUENO,1.52,0.13,2.01,3.43,0.58,0.27,0.16,178.57,11.35,20.47,25.4,131.14,BOLIVAR,Maderable
"8,652",2024 Feb 16 12:00:00 AM,BOLÍVAR,EL CARMEN DE BOLÍVAR,PASTOS,NO INDICA,NO INDICA,PARTE ÁREA,VERDE,NO INDICA,BUENO,0.79,0.14,0.86,1.08,0.41,,0.13,5023.25,8.64,139.31,103.43,24.59,BOLIVAR,Pastos
"8,653",2024 May 15 12:00:00 AM,CÓRDOBA,CERETÉ,PALMA DE ACEITE,HIBRIDO OXG,NO INDICA,HOJAS,HOJAS DE COLOR VERDE NORMAL,"UREA, KCL, DAP, BORATO",REGULAR,2.81,0.17,0.72,1.29,0.25,,0.15,50.25,6.69,15.22,12.97,31.63,CORDOBA,Palma de aceite
"8,654",2024 May 15 12:00:00 AM,CÓRDOBA,CERETÉ,PALMA DE ACEITE,HIBRIDO OXG,NO INDICA,HOJAS,HOJAS DE COLOR VERDE NORMAL,"UREA, KCL, DAP, BORATO",REGULAR,2.45,0.17,0.71,0.65,0.26,,0.15,50.94,7.01,15.15,12.8,32.06,CORDOBA,Palma de aceite
"8,655",2024 May 15 12:00:00 AM,CÓRDOBA,CERETÉ,PALMA DE ACEITE,HIBRIDO OXG,NO INDICA,HOJAS,HOJAS DE COLOR VERDE NORMAL,"UREA, KCL, DAP, BORATO",REGULAR,2.2,0.2,0.89,0.73,0.29,,0.17,52.61,7.05,29.78,12.18,25.09,CORDOBA,Palma de aceite
"8,656",2024 Jun 21 12:00:00 AM,BOLÍVAR,EL CARMEN DE BOLÍVAR,MADERABLE,NO INDICA,NO INDICA,PARTE ÁREA,VERDE,NO INDICA,BUENO,2.69,0.11,0.71,2.39,0.15,0.07,0.27,325.25,15.38,35.13,16.25,153.25,BOLIVAR,Maderable
"8,657",2024 Jun 21 12:00:00 AM,BOLÍVAR,EL CARMEN DE BOLÍVAR,PASTOS,NO INDICA,NO INDICA,PARTE ÁREA,VERDE,NO INDICA,BUENO,1.05,0.1,0.51,1.17,0.21,,0.13,6321.56,12.63,134.38,73.25,19.88,BOLIVAR,Pastos
"8,658",2024 Jun 21 12:00:00 AM,BOLÍVAR,EL CARMEN DE BOLÍVAR,MADERABLE,NO INDICA,NO INDICA,PARTE ÁREA,VERDE,NO INDICA,BUENO,1.55,0.11,1.77,2.61,0.55,0.04,0.42,191.13,9.13,22.5,16.13,233.75,BOLIVAR,Maderable
"8,659",2024 Jun 21 12:00:00 AM,BOLÍVAR,EL CARMEN DE BOLÍVAR,PASTOS,NO INDICA,NO INDICA,PARTE ÁREA,VERDE,NO INDICA,BUENO,0.61,0.11,0.45,0.99,0.28,,0.1,4277.63,8.13,131.25,136.0,16.38,BOLIVAR,Pastos
"8,660",2024 Sep 23 12:00:00 AM,CÓRDOBA,CERETÉ,PALMA DE ACEITE,Hibrido OxG,NO INDICA,HOJAS,Hojas de color verde normal,"Urea, KcL, Dap, Borato edaficos y foliar completo",NO INDICA,4.54,0.17,1.36,0.53,0.27,,0.18,71.63,9.63,47.5,14.38,21.0,CORDOBA,Palma de aceite
"8,661",2024 Sep 23 12:00:00 AM,CÓRDOBA,CERETÉ,YUCA,NO INDICA,NO INDICA,TODA LA PLANTA,NO INDICA,NO INDICA,NO INDICA,3.43,0.3,0.99,1.29,0.46,0.28,0.34,138.5,,70.75,47.75,35.0,CORDOBA,Yuca
"8,662",2024 Sep 23 12:00:00 AM,CÓRDOBA,CERETÉ,YUCA,NO INDICA,NO INDICA,TODA LA PLANTA,NO INDICA,NO INDICA,NO INDICA,3.31,0.36,1.25,1.27,0.42,0.19,0.35,87.75,,69.88,31.75,37.38,CORDOBA,Yuca
"8,663",2024 Sep 23 12:00:00 AM,CÓRDOBA,CERETÉ,YUCA,NO INDICA,NO INDICA,TODA LA PLANTA,NO INDICA,NO INDICA,NO INDICA,2.77,0.32,1.04,1.19,0.47,0.24,0.38,99.63,1.75,65.5,32.25,30.75,CORDOBA,Yuca
"8,664",2024 Sep 23 12:00:00 AM,CÓRDOBA,CERETÉ,YUCA,NO INDICA,NO INDICA,TODA LA PLANTA,NO INDICA,NO INDICA,NO INDICA,3.24,0.33,1.51,1.5,0.48,0.17,0.42,84.88,,69.38,63.63,38.13,CORDOBA,Yuca
"8,665",2024 Sep 23 12:00:00 AM,CÓRDOBA,CERETÉ,YUCA,NO INDICA,NO INDICA,TODA LA PLANTA,NO INDICA,NO INDICA,NO INDICA,3.92,0.22,0.98,0.9,0.38,,0.42,94.13,6.5,194.88,25.38,17.13,CORDOBA,Yuca
"8,666",2024 Sep 23 12:00:00 AM,CÓRDOBA,CERETÉ,YUCA,NO INDICA,NO INDICA,TODA LA PLANTA,NO INDICA,NO INDICA,NO INDICA,3.61,0.21,1.12,1.16,0.43,,0.4,133.38,7.0,242.75,26.63,17.88,CORDOBA,Yuca
"8,667",2024 Sep 23 12:00:00 AM,CÓRDOBA,CERETÉ,YUCA,NO INDICA,NO INDICA,TODA LA PLANTA,NO INDICA,NO INDICA,NO INDICA,3.6,0.15,1.0,1.11,0.5,,0.42,121.38,4.25,210.25,20.63,16.0,CORDOBA,Yuca
"8,668",2024 Sep 23 12:00:00 AM,CÓRDOBA,CERETÉ,YUCA,NO INDICA,NO INDICA,TODA LA PLANTA,NO INDICA,NO INDICA,NO INDICA,4.12,0.23,0.99,1.23,0.53,,0.36,148.63,7.13,288.75,28.63,17.75,CORDOBA,Yuca
"8,669",2024 Sep 23 12:00:00 AM,CÓRDOBA,CERETÉ,YUCA,NO INDICA,NO INDICA,TODA LA PLANTA,NO INDICA,NO INDICA,NO INDICA,3.19,0.32,0.97,1.36,0.53,0.36,0.45,65.25,1.75,74.5,26.13,27.75,CORDOBA,Yuca
"8,670",2024 Sep 23 12:00:00 AM,CÓRDOBA,CERETÉ,YUCA,NO INDICA,NO INDICA,TODA LA PLANTA,NO INDICA,NO INDICA,NO INDICA,4.06,0.36,1.29,1.38,0.46,0.25,0.53,95.38,2.13,78.0,53.5,37.25,CORDOBA,Yuca
"8,671",2024 Sep 23 12:00:00 AM,CÓRDOBA,CERETÉ,YUCA,NO INDICA,NO INDICA,TODA LA PLANTA,NO INDICA,NO INDICA,NO INDICA,3.06,0.28,0.95,1.24,0.47,0.3,0.47,80.88,2.0,75.38,26.0,35.63,CORDOBA,Yuca
"8,672",2024 Sep 23 12:00:00 AM,CÓRDOBA,CERETÉ,YUCA,NO INDICA,NO INDICA,TODA LA PLANTA,NO INDICA,NO INDICA,NO INDICA,3.16,0.27,1.07,1.48,0.51,0.21,0.51,71.63,2.0,88.0,64.13,40.38,CORDOBA,Yuca
"8,673",2024 Sep 23 12:00:00 AM,CÓRDOBA,CERETÉ,YUCA,NO INDICA,NO INDICA,TODA LA PLANTA,NO INDICA,NO INDICA,NO INDICA,2.48,0.14,0.74,1.04,0.47,,0.33,67.5,3.13,273.75,24.0,22.88,CORDOBA,Yuca
"8,674",2024 Sep 23 12:00:00 AM,CÓRDOBA,CERETÉ,YUCA,NO INDICA,NO INDICA,TODA LA PLANTA,NO INDICA,NO INDICA,NO INDICA,3.09,0.16,0.95,0.99,0.38,,0.33,158.38,4.38,279.63,29.75,23.63,CORDOBA,Yuca
"8,675",2024 Sep 23 12:00:00 AM,CÓRDOBA,CERETÉ,YUCA,NO INDICA,NO INDICA,TODA LA PLANTA,NO INDICA,NO INDICA,NO INDICA,2.9,0.14,0.94,1.08,0.48,,0.34,91.25,4.0,280.75,25.0,22.25,CORDOBA,Yuca
"8,676",2024 Sep 23 12:00:00 AM,CÓRDOBA,CERETÉ,YUCA,NO INDICA,NO INDICA,TODA LA PLANTA,NO INDICA,NO INDICA,NO INDICA,3.05,0.17,0.85,1.27,0.54,,0.36,96.88,3.63,452.88,49.75,24.63,CORDOBA,Yuca
"8,678",2024 Jan 19 12:00:00 AM,MAGDALENA,ARACATACA,SOYA,NO INDICA,NO INDICA,HOJAS,SANA,NO INDICA,NO INDICA,6.38,0.42,2.01,0.6,0.3,,0.33,97.48,9.74,79.49,42.41,44.05,MAGDALENA,Soya
"8,679",2024 Jan 19 12:00:00 AM,MAGDALENA,ARACATACA,SOYA,NO INDICA,NO INDICA,HOJAS,SANA,NO INDICA,NO INDICA,6.2,0.42,2.05,0.6,0.31,,0.32,110.24,9.84,75.48,42.39,43.03,MAGDALENA,Soya
"8,680",2024 Jan 19 12:00:00 AM,MAGDALENA,ARACATACA,SOYA,NO INDICA,NO INDICA,HOJAS,SANA,NO INDICA,NO INDICA,6.29,0.53,2.07,0.59,0.31,,0.32,98.11,10.4,73.67,42.68,44.36,MAGDALENA,Soya
"8,681",2024 Jan 19 12:00:00 AM,MAGDALENA,ARACATACA,SOYA,NO INDICA,NO INDICA,HOJAS,SANA,NO INDICA,NO INDICA,6.58,0.51,1.86,0.58,0.31,,0.32,96.87,11.18,93.59,44.1,42.08,MAGDALENA,Soya
"9,199",2024 Apr 08 12:00:00 AM,BOLÍVAR,EL CARMEN DE BOLÍVAR,MADERABLE,NO INDICA,NO INDICA,PARTE ÁREA,NO INDICA,NO INDICA,NO INDICA,2.54,0.08,0.38,1.86,0.08,,0.22,247.28,10.08,37.09,10.83,200.96,BOLIVAR,Maderable
"9,200",2024 Apr 08 12:00:00 AM,BOLÍVAR,EL CARMEN DE BOLÍVAR,PASTOS,NO INDICA,NO INDICA,PARTE ÁREA,NO INDICA,NO INDICA,NO INDICA,1.67,0.1,0.63,1.62,0.14,0.05,0.18,1376.85,8.38,45.5,34.0,75.11,BOLIVAR,Pastos
"9,201",2024 Apr 08 12:00:00 AM,BOLÍVAR,EL CARMEN DE BOLÍVAR,MADERABLE,NO INDICA,NO INDICA,PARTE ÁREA,NO INDICA,NO INDICA,NO INDICA,1.65,0.11,1.69,2.41,0.62,,0.37,161.8,7.78,16.86,17.94,185.86,BOLIVAR,Maderable
"9,202",2024 Apr 08 12:00:00 AM,BOLÍVAR,EL CARMEN DE BOLÍVAR,MADERABLE,NO INDICA,NO INDICA,PARTE ÁREA,NO INDICA,NO INDICA,NO INDICA,1.24,0.12,2.55,2.99,0.42,0.32,0.14,170.98,12.06,14.7,28.89,134.56,BOLIVAR,Maderable
"9,203",2024 Apr 08 12:00:00 AM,BOLÍVAR,EL CARMEN DE BOLÍVAR,PASTOS,NO INDICA,NO INDICA,PARTE ÁREA,NO INDICA,NO INDICA,NO INDICA,0.76,0.11,0.73,0.99,0.34,0.03,0.11,4490.98,6.62,126.64,110.39,19.56,BOLIVAR,Pastos
"9,205",2024 Apr 10 12:00:00 AM,MAGDALENA,ZONA BANANERA,BANANO,Williams,NO INDICA,HOJAS,NO INDICA,NO INDICA,NO INDICA,2.49,0.22,3.78,0.59,0.27,,0.16,56.14,7.37,128.86,17.96,9.15,MAGDALENA,Banano
"9,206",2024 Apr 10 12:00:00 AM,MAGDALENA,ZONA BANANERA,BANANO,Williams,NO INDICA,HOJAS,NO INDICA,NO INDICA,NO INDICA,2.44,0.23,3.55,0.53,0.25,,0.16,51.62,6.75,124.33,15.75,9.79,MAGDALENA,Banano
"9,207",2024 Apr 10 12:00:00 AM,MAGDALENA,ZONA BANANERA,BANANO,Williams,NO INDICA,HOJAS,NO INDICA,NO INDICA,NO INDICA,2.29,0.23,3.91,0.6,0.28,,0.16,45.77,6.28,87.41,14.57,9.01,MAGDALENA,Banano
"9,208",2024 Apr 10 12:00:00 AM,MAGDALENA,ZONA BANANERA,BANANO,Williams,NO INDICA,HOJAS,NO INDICA,NO INDICA,NO INDICA,2.32,0.23,4.06,0.67,0.29,,0.16,45.77,6.55,99.53,14.97,9.84,MAGDALENA,Banano
"9,209",2024 Apr 10 12:00:00 AM,MAGDALENA,ZONA BANANERA,BANANO,Williams,NO INDICA,HOJAS,NO INDICA,NO INDICA,NO INDICA,2.42,0.22,3.44,0.52,0.24,,0.15,55.94,6.26,115.89,15.62,9.59,MAGDALENA,Banano
"9,210",2024 Apr 10 12:00:00 AM,MAGDALENA,ZONA BANANERA,BANANO,Williams,NO INDICA,HOJAS,NO INDICA,NO INDICA,NO INDICA,2.43,0.18,3.19,0.53,0.25,,0.15,55.34,6.87,133.88,29.13,9.96,MAGDALENA,Banano
"9,211",2024 Apr 10 12:00:00 AM,MAGDALENA,ZONA BANANERA,BANANO,Williams,NO INDICA,HOJAS,NO INDICA,NO INDICA,NO INDICA,2.37,0.23,3.43,0.57,0.26,,0.17,59.88,7.09,153.09,19.1,10.11,MAGDALENA,Banano
"9,212",2024 Apr 10 12:00:00 AM,MAGDALENA,ZONA BANANERA,BANANO,Williams,NO INDICA,HOJAS,NO INDICA,NO INDICA,NO INDICA,2.48,0.21,3.36,0.66,0.27,,0.15,61.8,6.99,95.24,15.53,9.91,MAGDALENA,Banano
"9,213",2024 Apr 10 12:00:00 AM,MAGDALENA,ZONA BANANERA,BANANO,Williams,NO INDICA,HOJAS,NO INDICA,NO INDICA,NO INDICA,2.34,0.2,3.6,0.6,0.25,,0.16,56.58,6.55,145.64,20.67,9.66,MAGDALENA,Banano
"9,214",2024 Apr 10 12:00:00 AM,MAGDALENA,ZONA BANANERA,BANANO,Williams,NO INDICA,HOJAS,NO INDICA,NO INDICA,NO INDICA,2.34,0.19,3.44,0.52,0.24,,0.14,47.55,5.92,119.4,14.34,8.31,MAGDALENA,Banano
"9,215",2024 Apr 10 12:00:00 AM,MAGDALENA,ZONA BANANERA,BANANO,Williams,NO INDICA,HOJAS,NO INDICA,NO INDICA,NO INDICA,2.52,0.19,3.33,0.54,0.26,,0.15,54.9,6.34,146.0,16.74,9.4,MAGDALENA,Banano
"9,216",2024 Apr 10 12:00:00 AM,MAGDALENA,ZONA BANANERA,BANANO,Williams,NO INDICA,HOJAS,NO INDICA,NO INDICA,NO INDICA,2.5,0.21,3.49,0.56,0.27,,0.16,46.61,5.79,118.05,16.08,13.63,MAGDALENA,Banano
"9,217",2024 Apr 10 12:00:00 AM,MAGDALENA,ZONA BANANERA,BANANO,Williams,NO INDICA,HOJAS,NO INDICA,NO INDICA,NO INDICA,2.31,0.19,3.47,0.59,0.27,,0.14,52.38,5.64,151.0,14.78,8.92,MAGDALENA,Banano
"9,218",2024 Apr 10 12:00:00 AM,MAGDALENA,ZONA BANANERA,BANANO,Williams,NO INDICA,HOJAS,NO INDICA,NO INDICA,NO INDICA,2.2,0.17,3.13,0.54,0.24,,0.12,51.18,5.68,104.63,12.91,7.78,MAGDALENA,Banano
"9,222",2024 Apr 16 12:00:00 AM,CÓRDOBA,CERETÉ,YUCA,NO INDICA,NO INDICA,PARTE ÁREA,NO INDICA,NO INDICA,NO INDICA,2.71,0.3,1.12,0.73,0.33,0.08,0.18,61.68,3.54,71.05,39.23,40.08,CORDOBA,Yuca
"9,223",2024 Apr 16 12:00:00 AM,CÓRDOBA,CERETÉ,YUCA,NO INDICA,NO INDICA,PARTE ÁREA,NO INDICA,NO INDICA,NO INDICA,3.08,0.35,1.17,0.71,0.28,0.12,0.2,58.5,2.83,61.2,38.31,45.42,CORDOBA,Yuca
"9,224",2024 Apr 16 12:00:00 AM,CÓRDOBA,CERETÉ,YUCA,NO INDICA,NO INDICA,PARTE ÁREA,NO INDICA,NO INDICA,NO INDICA,2.77,0.35,1.12,0.9,0.4,0.1,0.21,70.48,2.61,108.02,38.61,37.29,CORDOBA,Yuca
"9,225",2024 Apr 16 12:00:00 AM,CÓRDOBA,CERETÉ,YUCA,NO INDICA,NO INDICA,PARTE ÁREA,NO INDICA,NO INDICA,NO INDICA,3.22,0.32,1.4,0.86,0.34,0.08,0.3,64.42,3.08,73.63,49.0,50.45,CORDOBA,Yuca
"9,226",2024 Apr 16 12:00:00 AM,CÓRDOBA,CERETÉ,YUCA,NO INDICA,NO INDICA,PARTE ÁREA,NO INDICA,NO INDICA,NO INDICA,2.6,0.22,1.06,0.95,0.39,,0.14,113.35,5.97,137.76,23.62,16.6,CORDOBA,Yuca
"9,227",2024 Apr 16 12:00:00 AM,CÓRDOBA,CERETÉ,YUCA,NO INDICA,NO INDICA,PARTE ÁREA,NO INDICA,NO INDICA,NO INDICA,3.13,0.25,1.15,0.9,0.36,,0.16,123.26,5.4,114.42,26.1,14.48,CORDOBA,Yuca
"9,228",2024 Apr 16 12:00:00 AM,CÓRDOBA,CERETÉ,YUCA,NO INDICA,NO INDICA,PARTE ÁREA,NO INDICA,NO INDICA,NO INDICA,2.74,0.2,0.96,1.16,0.48,,0.15,280.13,5.4,114.68,25.04,17.64,CORDOBA,Yuca
"9,229",2024 Apr 16 12:00:00 AM,CÓRDOBA,CERETÉ,YUCA,NO INDICA,NO INDICA,PARTE ÁREA,NO INDICA,NO INDICA,NO INDICA,2.86,0.26,1.24,1.25,0.56,,0.18,137.72,5.42,153.82,26.31,15.44,CORDOBA,Yuca
"9,230",2024 Apr 16 12:00:00 AM,CÓRDOBA,CERETÉ,YUCA,NO INDICA,NO INDICA,PARTE ÁREA,NO INDICA,NO INDICA,NO INDICA,2.83,0.26,0.94,1.27,0.51,0.13,0.23,81.91,2.7,46.38,26.76,33.48,CORDOBA,Yuca
"9,231",2024 Apr 16 12:00:00 AM,CÓRDOBA,CERETÉ,YUCA,NO INDICA,NO INDICA,PARTE ÁREA,NO INDICA,NO INDICA,NO INDICA,3.21,0.29,1.13,1.19,0.4,0.11,0.24,75.31,2.72,47.26,23.91,35.4,CORDOBA,Yuca
"9,232",2024 Apr 16 12:00:00 AM,CÓRDOBA,CERETÉ,YUCA,NO INDICA,NO INDICA,PARTE ÁREA,NO INDICA,NO INDICA,NO INDICA,2.86,0.23,0.89,1.25,0.49,0.11,0.2,76.79,2.2,33.88,21.46,28.6,CORDOBA,Yuca
"9,233",2024 Apr 16 12:00:00 AM,CÓRDOBA,CERETÉ,YUCA,NO INDICA,NO INDICA,PARTE ÁREA,NO INDICA,NO INDICA,NO INDICA,3.36,0.26,1.35,1.26,0.46,0.07,0.22,85.86,1.79,51.71,27.41,37.8,CORDOBA,Yuca
"9,234",2024 Apr 16 12:00:00 AM,CÓRDOBA,CERETÉ,YUCA,NO INDICA,NO INDICA,PARTE ÁREA,NO INDICA,NO INDICA,NO INDICA,3.92,0.25,1.04,1.19,0.46,,0.25,94.81,5.97,158.61,24.45,14.14,CORDOBA,Yuca
"9,235",2024 Apr 16 12:00:00 AM,CÓRDOBA,CERETÉ,YUCA,NO INDICA,NO INDICA,PARTE ÁREA,NO INDICA,NO INDICA,NO INDICA,3.86,0.28,1.32,1.27,0.5,,0.25,52.25,6.39,161.94,27.49,12.23,CORDOBA,Yuca
"9,236",2024 Apr 16 12:00:00 AM,CÓRDOBA,CERETÉ,YUCA,NO INDICA,NO INDICA,PARTE ÁREA,NO INDICA,NO INDICA,NO INDICA,4.12,0.18,0.98,1.1,0.46,,0.25,86.91,6.72,126.85,23.92,14.12,CORDOBA,Yuca
"9,237",2024 Apr 16 12:00:00 AM,CÓRDOBA,CERETÉ,YUCA,NO INDICA,NO INDICA,PARTE ÁREA,NO INDICA,NO INDICA,NO INDICA,4.41,0.28,1.28,1.17,0.55,,0.29,96.88,6.24,171.6,31.37,13.18,CORDOBA,Yuca
"9,282",2024 May 20 12:00:00 AM,MAGDALENA,ZONA BANANERA,PALMA DE ACEITE,HIBRIDO,NO INDICA,HOJAS,NO INDICA,SI,BUENO,2.68,0.17,0.95,0.72,0.33,,0.16,140.75,10.65,56.7,16.76,22.56,MAGDALENA,Palma de aceite
"9,285",2024 May 24 12:00:00 AM,MAGDALENA,ZONA BANANERA,PALMA DE ACEITE,TENERA,NO INDICA,HOJAS,NO INDICA,SI,BUENO,2.63,0.15,0.95,0.61,0.24,,0.15,103.9,8.69,43.45,15.41,39.56,MAGDALENA,Palma de aceite
"9,286",2024 May 24 12:00:00 AM,MAGDALENA,ZONA BANANERA,PALMA DE ACEITE,TENERA,NO INDICA,HOJAS,NO INDICA,SI,BUENO,2.67,0.16,0.98,0.82,0.26,,0.17,74.36,7.03,46.21,13.73,13.6,MAGDALENA,Palma de aceite
"9,287",2024 May 24 12:00:00 AM,MAGDALENA,ZONA BANANERA,PALMA DE ACEITE,HIBRIDO,NO INDICA,HOJAS,NO INDICA,SI,BUENO,2.48,0.15,0.94,0.59,0.22,,0.15,112.25,9.65,34.21,12.53,14.58,MAGDALENA,Palma de aceite
"9,288",2024 May 24 12:00:00 AM,MAGDALENA,ZONA BANANERA,PALMA DE ACEITE,HIBRIDO,NO INDICA,HOJAS,NO INDICA,SI,BUENO,2.52,0.15,0.99,0.58,0.19,,0.14,86.33,9.74,32.63,16.08,29.89,MAGDALENA,Palma de aceite
"9,289",2024 May 24 12:00:00 AM,MAGDALENA,ZONA BANANERA,PALMA DE ACEITE,HIBRIDO,NO INDICA,HOJAS,NO INDICA,SI,BUENO,2.42,0.12,0.82,0.62,0.18,,0.13,93.94,9.61,54.28,15.96,31.81,MAGDALENA,Palma de aceite
"9,290",2024 May 24 12:00:00 AM,MAGDALENA,ZONA BANANERA,PALMA DE ACEITE,HIBRIDO,NO INDICA,HOJAS,NO INDICA,SI,BUENO,2.44,0.15,0.96,0.49,0.2,,0.14,105.69,11.53,31.76,13.7,16.56,MAGDALENA,Palma de aceite
"9,291",2024 May 24 12:00:00 AM,MAGDALENA,ZONA BANANERA,PALMA DE ACEITE,HIBRIDO,NO INDICA,HOJAS,NO INDICA,SI,BUENO,2.37,0.14,0.98,0.44,0.21,,0.13,93.89,11.51,49.6,12.55,18.1,MAGDALENA,Palma de aceite
"9,292",2024 May 24 12:00:00 AM,MAGDALENA,ZONA BANANERA,MANGO,MANGO,NO INDICA,HOJAS,NO INDICA,SI,BUENO,1.73,0.12,1.01,1.65,0.33,,0.11,97.41,9.66,80.3,14.99,15.86,MAGDALENA,Mango
"9,293",2024 May 24 12:00:00 AM,MAGDALENA,ZONA BANANERA,MARAÑÓN,MARAÑON,NO INDICA,HOJAS,NO INDICA,SI,BUENO,1.3,0.1,0.44,0.15,0.16,0.08,0.08,83.65,3.31,40.09,9.93,6.86,MAGDALENA,Marañón
"9,294",2024 May 24 12:00:00 AM,MAGDALENA,ZONA BANANERA,MARAÑÓN,MARAÑON,NO INDICA,HOJAS,NO INDICA,SI,BUENO,1.6,0.12,0.31,0.31,0.24,0.11,0.09,78.59,3.34,47.4,12.21,5.93,MAGDALENA,Marañón
"9,369",2024 Jul 29 12:00:00 AM,MAGDALENA,SANTA MARTA,MANGO,Azúcar,23 AÑOS,HOJAS,SANA,NO INDICA,BUENO,1.84,0.12,0.84,2.85,0.31,,0.2,109.25,4.38,180.5,9.25,8.13,MAGDALENA,Mango
"9,370",2024 Jul 29 12:00:00 AM,MAGDALENA,CIÉNAGA,MANGO,Azúcar,20 AÑOS,HOJAS,SANA,NO INDICA,BUENO,1.62,0.16,0.97,2.89,0.27,,0.24,66.63,6.63,200.5,8.75,81.88,MAGDALENA,Mango
"9,371",2024 Jul 29 12:00:00 AM,MAGDALENA,CIÉNAGA,MANGO,Azúcar,28 AÑOS,HOJAS,SANA,NO INDICA,BUENO,1.63,0.14,0.8,2.76,0.3,,0.26,87.63,6.13,55.38,8.88,72.0,MAGDALENA,Mango
"9,372",2024 Jul 29 12:00:00 AM,MAGDALENA,CIÉNAGA,MANGO,Tommy Atkins,11 AÑOS,HOJAS,SANA,NO INDICA,BUENO,1.79,0.17,1.0,2.86,0.35,,0.26,62.0,9.0,78.13,10.0,25.25,MAGDALENA,Mango
"9,376",2024 Aug 13 12:00:00 AM,CESAR,CURUMANÍ,PALMA DE ACEITE,,10 AÑOS,HOJAS,BJAJA PRODUCTIVIDAD,25-4-24 Y BORO,MALO,2.56,0.11,0.73,0.42,0.25,0.04,0.12,82.63,7.6,223.13,15.45,23.21,CESAR,Palma de aceite
"9,377",2024 Aug 13 12:00:00 AM,CESAR,CURUMANÍ,PALMA DE ACEITE,DANI LA FLORES,NO INDICA,HOJAS,BJAJA PRODUCTIVIDAD,25425 Y BORO,MALO,2.17,0.12,0.5,0.66,0.39,0.03,0.16,109.2,10.36,391.63,16.24,24.78,CESAR,Palma de aceite
"9,378",2024 Aug 13 12:00:00 AM,CESAR,CHIRIGUANÁ,PALMA DE ACEITE,DANI LA FLORES,NO INDICA,HOJAS,BJAJA PRODUCTIVIDAD,25426 Y BORO,MALO,2.63,0.14,0.65,0.91,0.4,,0.14,70.98,11.21,295.75,38.84,27.76,CESAR,Palma de aceite
"9,578",2024 Oct 22 09:24:02 AM,MAGDALENA,SANTA MARTA,BANANO,VALERY,2 AÑOS,HOJAS,NO INDICA,No indica,REGULAR,2.77,0.18,3.68,0.58,0.3,,0.25,121.31,6.06,448.13,13.5,56.44,MAGDALENA,Banano
"9,579",2024 Oct 24 03:21:47 PM,MAGDALENA,SANTA MARTA,BANANO,VALERY,2 AÑOS,HOJAS,NO INDICA,No indica,REGULAR,3.0,0.17,3.29,0.53,0.27,,0.25,111.88,4.5,366.0,18.56,40.0,MAGDALENA,Banano
"9,580",2024 Oct 22 09:24:02 AM,MAGDALENA,SANTA MARTA,BANANO,VALERY,2 AÑOS,HOJAS,NO INDICA,No indica,REGULAR,2.97,0.17,3.35,0.54,0.25,,0.23,88.31,4.13,376.31,17.44,38.5,MAGDALENA,Banano
"9,581",2024 Oct 22 09:24:02 AM,MAGDALENA,SANTA MARTA,BANANO,VALERY,2 AÑOS,HOJAS,NO INDICA,No indica,REGULAR,2.79,0.19,4.01,0.59,0.28,,0.26,112.19,4.5,354.0,15.63,46.75,MAGDALENA,Banano
"9,582",2024 Oct 22 09:24:02 AM,MAGDALENA,SANTA MARTA,BANANO,WILLIAMS,2 AÑOS,HOJAS,NO INDICA,No indica,REGULAR,2.61,0.18,3.48,0.61,0.29,,0.26,128.19,4.69,352.38,13.75,52.44,MAGDALENA,Banano
"9,583",2024 Oct 25 08:23:55 AM,MAGDALENA,SANTA MARTA,BANANO,WILLIAMS,2 AÑOS,HOJAS,NO INDICA,No indica,REGULAR,2.7,0.16,3.12,0.6,0.27,,0.25,93.0,4.44,469.88,13.69,49.44,MAGDALENA,Banano
"9,584",2024 Oct 22 09:24:02 AM,MAGDALENA,SANTA MARTA,BANANO,WILLIAMS,2 AÑOS,HOJAS,NO INDICA,No indica,REGULAR,2.89,0.18,3.77,0.65,0.31,,0.26,126.94,7.94,363.81,14.44,53.38,MAGDALENA,Banano
"9,585",2024 Oct 22 09:24:02 AM,MAGDALENA,SANTA MARTA,BANANO,WILLIAMS,2 AÑOS,HOJAS,NO INDICA,No indica,REGULAR,2.8,0.19,3.71,0.58,0.27,,0.28,143.25,7.94,333.13,14.38,62.88,MAGDALENA,Banano
"9,586",2024 Oct 22 09:24:02 AM,MAGDALENA,SANTA MARTA,BANANO,VALERY,2 AÑOS,HOJAS,NO INDICA,No indica,REGULAR,3.07,0.21,3.55,0.65,0.28,,0.29,141.88,9.5,290.69,14.75,68.5,MAGDALENA,Banano
"9,587",2024 Oct 22 09:24:02 AM,MAGDALENA,SANTA MARTA,BANANO,VALERY,2 AÑOS,HOJAS,NO INDICA,No indica,REGULAR,2.89,0.17,2.87,0.78,0.32,,0.3,153.63,9.0,457.13,12.56,47.94,MAGDALENA,Banano
"9,588",2024 Oct 22 09:24:02 AM,MAGDALENA,SANTA MARTA,BANANO,VALERY,2 AÑOS,HOJAS,NO INDICA,No indica,REGULAR,3.03,0.18,3.05,0.81,0.35,,0.32,152.44,8.31,676.31,12.63,34.19,MAGDALENA,Banano
"9,589",2024 Oct 22 09:24:02 AM,MAGDALENA,SANTA MARTA,BANANO,VALERY,2 AÑOS,HOJAS,NO INDICA,No indica,REGULAR,3.12,0.17,2.58,0.83,0.37,,0.31,147.63,8.13,555.13,15.56,32.25,MAGDALENA,Banano
"9,590",2024 Oct 22 09:24:02 AM,MAGDALENA,SANTA MARTA,BANANO,VALERY,2 AÑOS,HOJAS,NO INDICA,No indica,REGULAR,3.02,0.17,2.79,0.91,0.34,,0.31,149.38,5.06,436.38,12.25,37.63,MAGDALENA,Banano
"9,591",2024 Oct 22 09:24:02 AM,MAGDALENA,SANTA MARTA,BANANO,WILLIAMS,2 AÑOS,HOJAS,NO INDICA,No indica,REGULAR,2.96,0.22,3.83,0.68,0.32,,0.34,150.88,10.0,487.31,14.13,53.56,MAGDALENA,Banano
"9,592",2024 Oct 24 03:21:47 PM,MAGDALENA,SANTA MARTA,BANANO,WILLIAMS,2 AÑOS,HOJAS,NO INDICA,No indica,REGULAR,2.92,0.2,3.67,0.75,0.33,,0.34,260.25,11.06,782.38,15.19,78.94,MAGDALENA,Banano
"9,593",2024 Oct 22 09:24:02 AM,MAGDALENA,SANTA MARTA,BANANO,WILLIAMS,2 AÑOS,HOJAS,NO INDICA,No indica,REGULAR,2.97,0.2,3.62,0.76,0.31,,0.2,135.13,9.0,536.94,14.31,83.25,MAGDALENA,Banano
"9,594",2024 Oct 22 09:24:02 AM,MAGDALENA,SANTA MARTA,BANANO,VALERY,2 AÑOS,HOJAS,NO INDICA,No indica,REGULAR,2.54,0.17,3.62,0.55,0.29,,0.19,124.94,4.69,332.0,14.19,55.06,MAGDALENA,Banano
"9,595",2024 Oct 24 03:21:47 PM,MAGDALENA,SANTA MARTA,BANANO,VALERY,2 AÑOS,HOJAS,NO INDICA,No indica,REGULAR,2.56,0.16,3.19,0.91,0.37,,0.17,129.06,4.25,469.0,14.06,36.44,MAGDALENA,Banano
"9,596",2024 Oct 22 09:24:03 AM,MAGDALENA,SANTA MARTA,BANANO,VALERY,2 AÑOS,HOJAS,NO INDICA,No indica,REGULAR,2.47,0.17,3.61,0.91,0.37,,0.19,109.88,4.31,278.38,12.56,38.13,MAGDALENA,Banano
"9,597",2024 Oct 22 09:24:03 AM,MAGDALENA,SANTA MARTA,BANANO,VALERY,2 AÑOS,HOJAS,NO INDICA,No indica,REGULAR,2.34,0.15,3.1,0.95,0.36,,0.18,177.81,3.5,580.88,13.0,34.0,MAGDALENA,Banano
"9,598",2024 Oct 24 03:21:47 PM,MAGDALENA,SANTA MARTA,BANANO,VALERY,2 AÑOS,HOJAS,NO INDICA,No indica,REGULAR,2.66,0.15,2.87,1.49,0.5,,0.21,96.13,4.25,417.0,11.44,41.31,MAGDALENA,Banano
"9,599",2024 Oct 22 09:24:03 AM,MAGDALENA,SANTA MARTA,BANANO,VALERY,2 AÑOS,HOJAS,NO INDICA,No indica,REGULAR,2.51,0.16,3.7,0.77,0.35,,0.19,180.75,4.25,436.75,14.0,34.06,MAGDALENA,Banano
"9,600",2024 Oct 22 09:24:03 AM,MAGDALENA,SANTA MARTA,BANANO,VALERY,2 AÑOS,HOJAS,NO INDICA,No indica,REGULAR,2.89,0.21,4.06,0.65,0.37,,0.24,307.75,6.94,543.44,17.56,42.31,MAGDALENA,Banano
"9,601",2024 Oct 22 09:24:03 AM,MAGDALENA,SANTA MARTA,BANANO,VALERY,2 AÑOS,HOJAS,NO INDICA,No indica,REGULAR,2.73,0.19,3.87,0.58,0.33,,0.22,123.75,4.81,531.19,16.94,58.38,MAGDALENA,Banano
"9,602",2024 Oct 22 09:24:03 AM,MAGDALENA,SANTA MARTA,BANANO,VALERY,2 AÑOS,HOJAS,NO INDICA,No indica,REGULAR,2.96,0.23,3.61,0.42,0.24,,0.18,110.13,4.25,322.0,14.75,48.0,MAGDALENA,Banano
"9,603",2024 Oct 22 09:24:03 AM,MAGDALENA,SANTA MARTA,BANANO,VALERY,2 AÑOS,HOJAS,NO INDICA,No indica,REGULAR,2.84,0.19,3.75,0.51,0.3,,0.21,128.44,4.25,324.81,16.81,53.19,MAGDALENA,Banano
"9,604",2024 Oct 22 09:24:03 AM,MAGDALENA,SANTA MARTA,BANANO,VALERY,2 AÑOS,HOJAS,NO INDICA,No indica,REGULAR,2.63,0.18,4.31,0.76,0.31,,0.2,103.75,4.19,385.75,15.69,50.06,MAGDALENA,Banano
"9,605",2024 Oct 22 09:24:03 AM,MAGDALENA,SANTA MARTA,BANANO,VALERY,1 AÑO,HOJAS,NO INDICA,No indica,REGULAR,2.84,0.19,3.95,0.64,0.35,,0.22,97.88,4.75,513.38,14.63,40.94,MAGDALENA,Banano
"9,606",2024 Oct 22 09:24:03 AM,MAGDALENA,SANTA MARTA,BANANO,VALERY,1 AÑO,HOJAS,NO INDICA,No indica,REGULAR,2.6,0.2,4.23,0.63,0.32,,0.22,150.13,5.19,498.0,15.31,69.94,MAGDALENA,Banano
"9,607",2024 Oct 22 09:24:03 AM,MAGDALENA,SANTA MARTA,BANANO,VALERY,1 AÑO,HOJAS,NO INDICA,No indica,REGULAR,2.82,0.19,3.77,0.65,0.33,,0.23,94.06,4.56,422.94,14.88,42.56,MAGDALENA,Banano
"9,608",2024 Oct 22 09:24:03 AM,MAGDALENA,SANTA MARTA,BANANO,VALERY,1 AÑO,HOJAS,NO INDICA,No indica,REGULAR,2.79,0.19,3.78,0.65,0.34,,0.23,126.88,4.69,536.5,15.38,44.5,MAGDALENA,Banano
"9,609",2024 Oct 24 03:21:47 PM,MAGDALENA,SANTA MARTA,BANANO,VALERY,1 AÑO,HOJAS,NO INDICA,No indica,REGULAR,2.83,0.2,4.09,0.64,0.36,,0.24,139.31,6.06,550.94,16.94,35.88,MAGDALENA,Banano
"9,610",2024 Oct 22 09:24:03 AM,MAGDALENA,SANTA MARTA,BANANO,VALERY,1 AÑO,HOJAS,NO INDICA,No indica,REGULAR,3.03,0.19,3.72,0.76,0.36,,0.24,130.06,4.69,626.19,18.31,48.5,MAGDALENA,Banano
"9,611",2024 Oct 22 09:24:03 AM,MAGDALENA,SANTA MARTA,BANANO,VALERY,1 AÑO,HOJAS,NO INDICA,No indica,REGULAR,2.93,0.18,3.67,0.66,0.37,,0.21,90.5,6.75,460.06,13.13,36.44,MAGDALENA,Banano
"9,612",2024 Oct 22 09:24:03 AM,MAGDALENA,SANTA MARTA,BANANO,WILLIAMS,1 AÑO,HOJAS,NO INDICA,No indica,REGULAR,2.77,0.17,3.92,0.75,0.32,,0.21,96.31,4.13,454.75,12.75,29.63,MAGDALENA,Banano
"9,613",2024 Oct 22 09:24:03 AM,MAGDALENA,SANTA MARTA,BANANO,WILLIAMS,1 AÑO,HOJAS,NO INDICA,No indica,REGULAR,2.73,0.16,4.05,0.58,0.27,,0.21,117.69,8.13,437.94,15.81,42.69,MAGDALENA,Banano
"9,614",2024 Oct 22 09:24:03 AM,MAGDALENA,SANTA MARTA,BANANO,WILLIAMS,1 AÑO,HOJAS,NO INDICA,No indica,REGULAR,3.07,0.18,4.4,0.58,0.31,,0.23,116.69,5.06,345.63,14.0,43.13,MAGDALENA,Banano
"9,615",2024 Oct 22 09:24:03 AM,MAGDALENA,SANTA MARTA,BANANO,WILLIAMS,1 AÑO,HOJAS,NO INDICA,No indica,REGULAR,2.72,0.16,3.72,0.61,0.29,,0.23,86.44,4.5,416.69,13.56,39.75,MAGDALENA,Banano
"9,616",2024 Oct 22 09:24:03 AM,MAGDALENA,SANTA MARTA,BANANO,WILLIAMS,1 AÑO,HOJAS,NO INDICA,No indica,REGULAR,2.97,0.17,3.87,0.58,0.3,,0.24,76.06,4.56,420.88,14.06,24.31,MAGDALENA,Banano
"9,617",2024 Oct 22 09:24:03 AM,MAGDALENA,SANTA MARTA,BANANO,WILLIAMS,1 AÑO,HOJAS,NO INDICA,No indica,REGULAR,2.83,0.19,4.45,0.69,0.32,,0.23,164.5,8.44,526.19,15.25,57.94,MAGDALENA,Banano
"9,618",2024 Oct 22 09:24:03 AM,MAGDALENA,SANTA MARTA,BANANO,WILLIAMS,1 AÑO,HOJAS,NO INDICA,No indica,REGULAR,2.73,0.2,3.59,0.98,0.38,,0.25,290.25,4.94,704.69,16.38,50.69,MAGDALENA,Banano
"9,619",2024 Oct 22 09:24:03 AM,MAGDALENA,SANTA MARTA,BANANO,GAL,2 AÑOS,HOJAS,NO INDICA,No indica,REGULAR,2.8,0.19,3.92,1.1,0.43,,0.25,268.44,4.94,524.69,20.31,37.88,MAGDALENA,Banano
"9,620",2024 Oct 22 09:24:03 AM,MAGDALENA,SANTA MARTA,BANANO,WILLIAMS,2 AÑOS,HOJAS,NO INDICA,No indica,REGULAR,2.34,0.16,3.4,0.94,0.39,,0.16,180.56,3.88,425.0,14.63,32.25,MAGDALENA,Banano
"9,621",2024 Oct 24 03:21:47 PM,MAGDALENA,SANTA MARTA,BANANO,GAL,2 AÑOS,HOJAS,NO INDICA,No indica,REGULAR,2.3,0.16,3.29,1.05,0.44,,0.14,93.63,3.38,541.0,13.13,31.0,MAGDALENA,Banano
"9,622",2024 Oct 22 09:24:03 AM,MAGDALENA,SANTA MARTA,BANANO,WILLIAMS,2 AÑOS,HOJAS,NO INDICA,No indica,REGULAR,2.63,0.18,3.85,1.21,0.42,,0.15,136.19,4.19,330.56,14.0,42.81,MAGDALENA,Banano
"9,623",2024 Oct 24 03:21:47 PM,MAGDALENA,SANTA MARTA,BANANO,WILLIAMS,2 AÑOS,HOJAS,NO INDICA,No indica,REGULAR,2.4,0.15,3.07,0.7,0.29,,0.14,165.69,3.75,352.81,14.31,45.75,MAGDALENA,Banano
"9,624",2024 Oct 22 09:24:03 AM,MAGDALENA,SANTA MARTA,BANANO,VALERY,2 AÑOS,HOJAS,NO INDICA,No indica,REGULAR,2.74,0.18,4.1,1.18,0.4,,0.18,121.63,3.88,356.06,12.5,48.75,MAGDALENA,Banano
"9,625",2024 Oct 22 09:24:03 AM,MAGDALENA,SANTA MARTA,BANANO,VALERY,2 AÑOS,HOJAS,NO INDICA,No indica,REGULAR,2.5,0.16,3.41,0.99,0.39,,0.15,117.44,3.44,346.56,14.69,44.5,MAGDALENA,Banano
"9,626",2024 Oct 24 03:39:14 PM,MAGDALENA,SANTA MARTA,BANANO,VALERY,2 AÑOS,HOJAS,NO INDICA,No indica,REGULAR,2.8,0.18,3.89,0.92,0.39,,0.17,102.81,4.13,681.63,13.88,34.94,MAGDALENA,Banano
"9,627",2024 Oct 24 03:39:14 PM,MAGDALENA,SANTA MARTA,BANANO,VALERY,2 AÑOS,HOJAS,NO INDICA,No indica,REGULAR,2.67,0.18,3.78,1.03,0.34,,0.17,162.75,3.88,430.19,12.75,46.75,MAGDALENA,Banano
"9,628",2024 Oct 24 03:21:47 PM,MAGDALENA,SANTA MARTA,BANANO,VALERY,2 AÑOS,HOJAS,NO INDICA,No indica,REGULAR,2.73,0.19,3.23,0.75,0.33,,0.18,104.81,4.56,475.44,12.25,44.13,MAGDALENA,Banano
"9,892",2024 Dec 02 01:12:53 PM,CÓRDOBA,TIERRALTA,CACAO,CCN51,8 AÑOS,Cacota,NO INDICA,No indica,REGULAR,1.06,0.16,3.72,0.6,0.37,,0.23,118.75,8.13,7.5,54.88,29.88,CORDOBA,Cacao
"9,893",2024 Dec 02 01:12:53 PM,CÓRDOBA,TIERRALTA,CACAO,CCN51,8 AÑOS,Cacota,NO INDICA,No indica,REGULAR,1.2,0.21,4.36,0.52,0.32,,0.26,323.75,10.0,9.75,57.75,35.13,CORDOBA,Cacao
"9,894",2024 Dec 02 01:12:53 PM,CÓRDOBA,TIERRALTA,CACAO,CCN51,8 AÑOS,Cacota,NO INDICA,No indica,REGULAR,0.84,0.16,3.65,0.45,0.26,,0.21,143.88,8.13,,61.63,37.38,CORDOBA,Cacao
"9,895",2024 Dec 02 01:12:53 PM,CÓRDOBA,TIERRALTA,CACAO,CCN51,8 AÑOS,Cacota,NO INDICA,No indica,REGULAR,1.06,0.17,4.13,0.53,0.3,,0.22,429.63,10.0,12.75,62.5,32.25,CORDOBA,Cacao
"9,896",2024 Dec 02 01:12:53 PM,CÓRDOBA,TIERRALTA,CACAO,CCN51,8 AÑOS,Cacota,NO INDICA,No indica,REGULAR,0.99,0.19,4.26,0.56,0.4,,0.23,676.63,9.63,14.75,62.38,35.25,CORDOBA,Cacao
"9,897",2024 Dec 02 01:12:53 PM,CÓRDOBA,TIERRALTA,CACAO,CCN51,8 AÑOS,Cacota,NO INDICA,No indica,REGULAR,0.91,0.2,4.0,1.09,0.39,,0.26,281.25,9.25,14.25,73.13,39.38,CORDOBA,Cacao
"9,898",2024 Dec 02 01:12:53 PM,CÓRDOBA,TIERRALTA,CACAO,CCN51,8 AÑOS,Cacota,NO INDICA,No indica,REGULAR,0.97,0.16,4.33,0.56,0.34,,0.12,164.75,8.75,10.5,60.88,40.0,CORDOBA,Cacao
"9,899",2024 Dec 02 01:12:54 PM,CÓRDOBA,TIERRALTA,CACAO,CCN51,8 AÑOS,Cacota,NO INDICA,No indica,REGULAR,0.79,0.13,2.76,0.5,0.29,,0.1,512.63,7.75,12.25,54.25,35.63,CORDOBA,Cacao
"9,900",2024 Dec 02 01:12:54 PM,CÓRDOBA,TIERRALTA,CACAO,CCN51,8 AÑOS,Cacota,NO INDICA,No indica,REGULAR,1.07,0.17,4.5,0.54,0.31,,0.16,112.13,12.38,8.38,64.88,34.25,CORDOBA,Cacao
"9,901",2024 Dec 02 01:12:54 PM,CÓRDOBA,TIERRALTA,CACAO,CCN51,8 AÑOS,Cacota,NO INDICA,No indica,REGULAR,0.97,0.17,3.8,0.67,0.29,,0.13,145.88,10.25,13.5,58.25,32.13,CORDOBA,Cacao
"9,902",2024 Dec 02 01:12:54 PM,CÓRDOBA,TIERRALTA,CACAO,CCN51,8 AÑOS,Cacota,NO INDICA,No indica,REGULAR,0.9,0.2,3.58,0.84,0.33,,0.21,71.88,6.63,8.13,59.13,36.38,CORDOBA,Cacao
"9,903",2024 Dec 02 01:12:54 PM,CÓRDOBA,TIERRALTA,CACAO,CCN51,8 AÑOS,Cacota,NO INDICA,No indica,REGULAR,0.81,0.13,4.1,0.83,0.32,,0.25,141.5,6.88,12.38,58.88,36.0,CORDOBA,Cacao
"9,904",2024 Dec 02 01:12:54 PM,CÓRDOBA,TIERRALTA,CACAO,CCN51,8 AÑOS,Cacota,NO INDICA,No indica,REGULAR,1.11,0.16,3.83,0.58,0.32,,0.28,164.38,10.25,10.25,59.75,33.0,CORDOBA,Cacao
"9,905",2024 Dec 02 01:12:54 PM,CÓRDOBA,TIERRALTA,CACAO,CCN51,8 AÑOS,Cacota,NO INDICA,No indica,REGULAR,0.97,0.19,4.46,0.72,0.36,,0.27,127.63,9.88,13.63,60.75,33.5,CORDOBA,Cacao
"9,906",2024 Dec 02 01:12:54 PM,CÓRDOBA,TIERRALTA,CACAO,CCN51,8 AÑOS,Cacota,NO INDICA,No indica,REGULAR,1.0,0.18,3.0,0.46,0.31,,0.29,69.63,8.88,12.38,65.38,37.88,CORDOBA,Cacao
"9,907",2024 Dec 02 01:12:54 PM,CÓRDOBA,TIERRALTA,CACAO,CCN51,8 AÑOS,Cacota,NO INDICA,No indica,REGULAR,1.09,0.19,4.09,0.41,0.33,,0.3,68.25,9.0,7.0,56.75,28.38,CORDOBA,Cacao
"9,908",2024 Dec 02 01:12:54 PM,CÓRDOBA,TIERRALTA,CACAO,CCN51,8 AÑOS,Cacota,NO INDICA,No indica,REGULAR,1.03,0.2,3.36,0.46,0.33,,0.29,71.25,9.63,,56.38,29.25,CORDOBA,Cacao
"9,909",2024 Dec 02 01:12:54 PM,CÓRDOBA,TIERRALTA,CACAO,CCN51,8 AÑOS,Cacota,NO INDICA,No indica,REGULAR,0.93,0.17,3.82,0.62,0.36,,0.29,36.0,6.63,7.0,47.75,28.63,CORDOBA,Cacao
"9,910",2024 Dec 02 01:12:54 PM,CÓRDOBA,TIERRALTA,CACAO,CCN51,8 AÑOS,Cacota,NO INDICA,No indica,REGULAR,1.09,0.17,3.47,0.41,0.22,,0.23,67.38,9.75,8.63,62.63,39.38,CORDOBA,Cacao
"9,911",2024 Dec 02 01:12:54 PM,CÓRDOBA,TIERRALTA,CACAO,CCN51,8 AÑOS,Cacota,NO INDICA,No indica,REGULAR,1.04,0.19,4.2,0.48,0.27,,0.26,81.75,9.0,,60.63,36.0,CORDOBA,Cacao
"9,972",2024 Dec 17 03:59:51 PM,MAGDALENA,ZONA BANANERA,MARAÑÓN,No indica,5 AÑOS,FRUTO,NO INDICA,No indica,BUENO,1.31,0.26,1.96,0.03,0.18,0.04,0.09,23.25,6.88,,12.63,10.5,MAGDALENA,Marañón
"9,973",2024 Dec 17 03:59:51 PM,MAGDALENA,ZONA BANANERA,MARAÑÓN,No indica,5 AÑOS,FRUTO,NO INDICA,No indica,BUENO,1.08,0.23,1.83,0.03,0.17,0.03,0.09,12.63,6.0,,10.0,9.13,MAGDALENA,Marañón
"9,974",2024 Dec 17 03:59:51 PM,MAGDALENA,ZONA BANANERA,MARAÑÓN,No indica,5 AÑOS,FRUTO,NO INDICA,No indica,BUENO,1.37,0.27,2.06,0.03,0.18,0.04,0.09,13.63,6.63,,9.75,9.75,MAGDALENA,Marañón
"9,975",2024 Dec 17 03:59:51 PM,MAGDALENA,ZONA BANANERA,MARAÑÓN,No indica,5 AÑOS,FRUTO,NO INDICA,No indica,BUENO,1.44,0.3,2.3,0.03,0.21,0.04,0.12,13.88,7.25,,12.0,8.38,MAGDALENA,Marañón
"9,976",2024 Dec 17 03:59:51 PM,MAGDALENA,ZONA BANANERA,MARAÑÓN,No indica,5 AÑOS,FRUTO,NO INDICA,No indica,BUENO,1.61,0.35,2.56,0.04,0.24,0.06,0.12,18.38,8.25,,16.13,8.63,MAGDALENA,Marañón
"9,977",2024 Dec 17 03:59:51 PM,MAGDALENA,ZONA BANANERA,MARAÑÓN,No indica,5 AÑOS,FRUTO,NO INDICA,No indica,BUENO,1.16,0.24,1.8,0.03,0.17,0.05,0.09,13.75,6.13,,11.0,4.75,MAGDALENA,Marañón
"9,978",2024 Dec 17 03:59:51 PM,MAGDALENA,ZONA BANANERA,MARAÑÓN,No indica,5 AÑOS,FRUTO,NO INDICA,No indica,BUENO,1.35,0.29,2.08,0.04,0.19,0.07,0.1,16.38,6.75,,11.63,5.25,MAGDALENA,Marañón
"9,979",2024 Dec 17 03:59:51 PM,MAGDALENA,ZONA BANANERA,MARAÑÓN,No indica,5 AÑOS,FRUTO,NO INDICA,No indica,BUENO,1.32,0.31,2.32,0.04,0.21,0.07,0.11,18.75,8.13,,14.25,4.88,MAGDALENA,Marañón
"9,980",2024 Dec 17 03:59:51 PM,MAGDALENA,ZONA BANANERA,MARAÑÓN,No indica,5 AÑOS,FRUTO,NO INDICA,No indica,BUENO,1.47,0.33,2.36,0.04,0.21,0.08,0.12,18.75,8.38,,13.63,5.38,MAGDALENA,Marañón
"9,981",2024 Dec 17 03:59:51 PM,MAGDALENA,ZONA BANANERA,MARAÑÓN,No indica,5 AÑOS,GRANO,NO INDICA,No indica,BUENO,1.2,0.41,0.92,0.06,0.22,0.04,0.1,20.38,10.13,10.13,15.75,4.63,MAGDALENA,Marañón
"9,982",2024 Dec 17 03:59:51 PM,MAGDALENA,ZONA BANANERA,MARAÑÓN,No indica,5 AÑOS,GRANO,NO INDICA,No indica,BUENO,1.33,0.46,0.99,0.06,0.23,0.04,0.1,20.17,9.18,10.02,16.91,4.11,MAGDALENA,Marañón
"9,983",2024 Dec 17 03:59:51 PM,MAGDALENA,ZONA BANANERA,MARAÑÓN,No indica,5 AÑOS,GRANO,NO INDICA,No indica,BUENO,1.37,0.44,0.97,0.05,0.22,0.05,0.11,21.75,10.7,9.7,15.05,3.98,MAGDALENA,Marañón
"9,984",2024 Dec 17 03:59:51 PM,MAGDALENA,ZONA BANANERA,MARAÑÓN,No indica,5 AÑOS,GRANO,NO INDICA,No indica,BUENO,1.34,0.45,0.95,0.07,0.23,0.05,0.11,18.89,10.12,8.52,14.57,4.07,MAGDALENA,Marañón
"9,985",2024 Dec 17 03:59:51 PM,MAGDALENA,ZONA BANANERA,MARAÑÓN,No indica,5 AÑOS,GRANO,NO INDICA,No indica,BUENO,1.25,0.47,0.97,0.06,0.23,0.06,0.1,19.95,9.74,10.1,14.66,4.33,MAGDALENA,Marañón
"9,986",2024 Dec 17 03:59:51 PM,MAGDALENA,ZONA BANANERA,MARAÑÓN,No indica,5 AÑOS,GRANO,NO INDICA,No indica,BUENO,1.39,0.43,1.1,0.06,0.25,0.06,0.11,22.35,10.62,10.12,16.67,3.83,MAGDALENA,Marañón
"9,987",2024 Dec 17 03:59:51 PM,MAGDALENA,ZONA BANANERA,MARAÑÓN,No indica,5 AÑOS,GRANO,NO INDICA,No indica,BUENO,1.3,0.44,0.93,0.05,0.21,0.07,0.09,21.09,11.54,10.92,14.39,8.19,MAGDALENA,Marañón
"9,988",2024 Dec 17 03:59:51 PM,MAGDALENA,ZONA BANANERA,MARAÑÓN,No indica,5 AÑOS,GRANO,NO INDICA,No indica,BUENO,1.22,0.36,0.88,0.07,0.2,0.06,0.09,26.74,10.43,10.19,15.35,7.55,MAGDALENA,Marañón
"9,989",2024 Dec 17 03:59:51 PM,MAGDALENA,ZONA BANANERA,MARAÑÓN,No indica,5 AÑOS,GRANO,NO INDICA,No indica,BUENO,1.17,0.4,0.98,0.06,0.21,0.07,0.1,24.69,10.15,13.08,14.3,8.31,MAGDALENA,Marañón
"9,990",2024 Dec 17 03:59:51 PM,MAGDALENA,ZONA BANANERA,MARAÑÓN,No indica,5 AÑOS,FRUTO,NO INDICA,No indica,BUENO,0.99,0.25,1.86,0.03,0.15,0.05,0.08,13.5,6.75,,8.0,7.75,MAGDALENA,Marañón
"9,991",2024 Dec 17 03:59:51 PM,MAGDALENA,ZONA BANANERA,MARAÑÓN,No indica,5 AÑOS,FRUTO,NO INDICA,No indica,BUENO,0.79,0.24,1.69,0.03,0.14,0.05,0.07,12.63,5.0,,6.25,7.5,MAGDALENA,Marañón
"9,992",2024 Dec 17 03:59:51 PM,MAGDALENA,ZONA BANANERA,MARAÑÓN,No indica,5 AÑOS,FRUTO,NO INDICA,No indica,BUENO,0.83,0.25,1.83,0.03,0.15,0.05,0.08,14.38,5.75,,7.25,7.38,MAGDALENA,Marañón
"9,993",2024 Dec 17 03:59:51 PM,MAGDALENA,ZONA BANANERA,MARAÑÓN,No indica,5 AÑOS,FRUTO,NO INDICA,No indica,BUENO,0.96,0.19,1.38,0.02,0.11,0.03,0.08,13.75,6.13,,7.88,7.5,MAGDALENA,Marañón
"9,994",2024 Dec 17 03:59:51 PM,MAGDALENA,ZONA BANANERA,MARAÑÓN,No indica,5 AÑOS,FRUTO,NO INDICA,No indica,BUENO,0.88,0.16,1.15,0.02,0.1,,0.08,13.88,5.88,,7.25,6.13,MAGDALENA,Marañón
"9,995",2024 Dec 17 03:59:51 PM,MAGDALENA,ZONA BANANERA,MARAÑÓN,No indica,5 AÑOS,FRUTO,NO INDICA,No indica,BUENO,0.86,0.19,1.32,0.02,0.1,,0.08,23.63,7.25,,7.75,6.38,MAGDALENA,Marañón
"9,996",2024 Dec 17 03:59:52 PM,MAGDALENA,ZONA BANANERA,MARAÑÓN,No indica,5 AÑOS,FRUTO,NO INDICA,No indica,BUENO,0.92,0.19,1.44,0.02,0.12,0.04,0.09,16.13,7.0,,9.25,6.25,MAGDALENA,Marañón
"9,997",2024 Dec 17 03:59:52 PM,MAGDALENA,ZONA BANANERA,MARAÑÓN,No indica,5 AÑOS,FRUTO,NO INDICA,No indica,BUENO,0.89,0.19,1.36,0.02,0.11,,0.08,14.5,6.75,,7.63,6.13,MAGDALENA,Marañón
"9,998",2024 Dec 17 03:59:52 PM,MAGDALENA,ZONA BANANERA,MARAÑÓN,No indica,5 AÑOS,FRUTO,NO INDICA,No indica,BUENO,1.11,0.19,1.48,0.02,0.12,0.03,0.09,15.75,8.38,,9.88,6.63,MAGDALENA,Marañón
"9,999",2024 Dec 17 03:59:52 PM,MAGDALENA,ZONA BANANERA,MARAÑÓN,No indica,5 AÑOS,GRANO,NO INDICA,No indica,BUENO,1.15,0.29,0.79,0.05,0.18,0.04,0.08,19.13,11.08,12.41,16.75,7.83,MAGDALENA,Marañón
"10,000",2024 Dec 17 03:59:52 PM,MAGDALENA,ZONA BANANERA,MARAÑÓN,No indica,5 AÑOS,GRANO,NO INDICA,No indica,BUENO,1.12,0.32,0.88,0.05,0.2,0.05,0.09,18.65,10.76,11.67,16.82,8.01,MAGDALENA,Marañón
"10,001",2024 Dec 17 03:59:52 PM,MAGDALENA,ZONA BANANERA,MARAÑÓN,No indica,5 AÑOS,GRANO,NO INDICA,No indica,BUENO,1.17,0.27,0.8,0.07,0.18,0.03,0.09,21.74,9.66,10.87,15.58,8.21,MAGDALENA,Marañón
"10,002",2024 Dec 17 03:59:52 PM,MAGDALENA,ZONA BANANERA,MARAÑÓN,No indica,5 AÑOS,GRANO,NO INDICA,No indica,BUENO,1.18,0.3,0.8,0.06,0.2,0.04,0.08,18.58,10.47,11.47,14.96,9.98,MAGDALENA,Marañón
"10,003",2024 Dec 17 03:59:52 PM,MAGDALENA,ZONA BANANERA,MARAÑÓN,No indica,5 AÑOS,GRANO,NO INDICA,No indica,BUENO,1.38,0.27,0.72,0.06,0.18,0.04,0.08,22.3,10.23,12.41,18.51,7.59,MAGDALENA,Marañón
"10,004",2024 Dec 17 03:59:52 PM,MAGDALENA,ZONA BANANERA,MARAÑÓN,No indica,5 AÑOS,GRANO,NO INDICA,No indica,BUENO,1.16,0.3,0.86,0.06,0.16,0.03,0.09,24.88,11.91,9.91,17.92,8.49,MAGDALENA,Marañón
"10,005",2024 Dec 17 03:59:52 PM,MAGDALENA,ZONA BANANERA,MARAÑÓN,No indica,5 AÑOS,GRANO,NO INDICA,No indica,BUENO,1.15,0.3,0.73,0.06,0.17,0.04,0.09,22.6,12.16,10.2,17.57,7.99,MAGDALENA,Marañón
"10,006",2024 Dec 17 03:59:52 PM,MAGDALENA,ZONA BANANERA,MARAÑÓN,No indica,5 AÑOS,GRANO,NO INDICA,No indica,BUENO,1.23,0.33,0.86,0.06,0.19,0.03,0.09,24.32,12.53,11.79,18.18,7.99,MAGDALENA,Marañón
"10,007",2024 Dec 17 03:59:52 PM,MAGDALENA,ZONA BANANERA,MARAÑÓN,No indica,5 AÑOS,GRANO,NO INDICA,No indica,BUENO,1.31,0.3,0.79,0.05,0.18,0.03,0.09,23.07,13.7,10.66,18.97,7.96,MAGDALENA,Marañón
"10,008",2024 Dec 17 03:59:52 PM,MAGDALENA,ZONA BANANERA,MARAÑÓN,No indica,5 AÑOS,FRUTO,NO INDICA,No indica,BUENO,0.91,0.16,1.27,0.02,0.13,,0.07,17.25,5.75,,7.38,6.38,MAGDALENA,Marañón
"10,009",2024 Dec 17 03:59:52 PM,MAGDALENA,ZONA BANANERA,MARAÑÓN,No indica,5 AÑOS,FRUTO,NO INDICA,No indica,BUENO,0.91,0.17,1.33,0.02,0.13,0.03,0.07,14.5,5.38,,6.63,6.63,MAGDALENA,Marañón
"10,010",2024 Dec 17 03:59:52 PM,MAGDALENA,ZONA BANANERA,MARAÑÓN,No indica,5 AÑOS,FRUTO,NO INDICA,No indica,BUENO,0.88,0.16,1.17,0.03,0.12,0.03,0.07,13.75,5.88,,6.63,7.0,MAGDALENA,Marañón
"10,011",2024 Dec 17 03:59:52 PM,MAGDALENA,ZONA BANANERA,MARAÑÓN,No indica,5 AÑOS,FRUTO,NO INDICA,No indica,BUENO,0.88,0.16,1.21,0.04,0.13,0.03,0.06,14.63,5.88,,6.88,6.75,MAGDALENA,Marañón
"10,012",2024 Dec 17 03:59:52 PM,MAGDALENA,ZONA BANANERA,MARAÑÓN,No indica,5 AÑOS,FRUTO,NO INDICA,No indica,BUENO,0.88,0.16,1.17,0.02,0.13,,0.07,13.63,5.63,,7.13,5.88,MAGDALENA,Marañón
"10,013",2024 Dec 17 03:59:52 PM,MAGDALENA,ZONA BANANERA,MARAÑÓN,No indica,5 AÑOS,FRUTO,NO INDICA,No indica,BUENO,0.82,0.16,1.29,0.02,0.13,,0.06,12.63,5.0,,6.63,5.5,MAGDALENA,Marañón
"10,014",2024 Dec 17 03:59:52 PM,MAGDALENA,ZONA BANANERA,MARAÑÓN,No indica,5 AÑOS,FRUTO,NO INDICA,No indica,BUENO,0.79,0.16,1.2,0.03,0.12,,0.07,13.38,5.25,,6.38,5.13,MAGDALENA,Marañón
"10,015",2024 Dec 17 03:59:52 PM,MAGDALENA,ZONA BANANERA,MARAÑÓN,No indica,5 AÑOS,FRUTO,NO INDICA,No indica,BUENO,0.88,0.17,1.42,0.02,0.13,,0.07,13.25,5.75,,6.25,6.13,MAGDALENA,Marañón
"10,016",2024 Dec 17 03:59:52 PM,MAGDALENA,ZONA BANANERA,MARAÑÓN,No indica,5 AÑOS,FRUTO,NO INDICA,No indica,BUENO,0.82,0.17,1.3,0.03,0.13,,0.07,12.88,5.13,,6.5,6.0,MAGDALENA,Marañón
"10,017",2024 Dec 17 03:59:52 PM,MAGDALENA,ZONA BANANERA,MARAÑÓN,No indica,5 AÑOS,GRANO,NO INDICA,No indica,BUENO,1.28,0.26,0.63,0.05,0.16,0.03,0.09,25.37,10.77,7.8,13.49,6.93,MAGDALENA,Marañón
"10,018",2024 Dec 17 03:59:52 PM,MAGDALENA,ZONA BANANERA,MARAÑÓN,No indica,5 AÑOS,GRANO,NO INDICA,No indica,BUENO,1.37,0.31,0.72,0.05,0.2,0.05,0.11,25.83,11.55,8.81,13.57,7.5,MAGDALENA,Marañón
"10,019",2024 Dec 17 03:59:52 PM,MAGDALENA,ZONA BANANERA,MARAÑÓN,No indica,5 AÑOS,GRANO,NO INDICA,No indica,BUENO,1.19,0.3,0.7,0.05,0.16,0.05,0.09,18.96,10.14,7.61,11.96,7.85,MAGDALENA,Marañón
"10,020",2024 Dec 17 03:59:52 PM,MAGDALENA,ZONA BANANERA,MARAÑÓN,No indica,5 AÑOS,GRANO,NO INDICA,No indica,BUENO,1.25,0.3,0.72,0.04,0.17,0.03,0.08,21.1,10.91,9.83,13.67,8.03,MAGDALENA,Marañón
"10,021",2024 Dec 17 03:59:52 PM,MAGDALENA,ZONA BANANERA,MARAÑÓN,No indica,5 AÑOS,GRANO,NO INDICA,No indica,BUENO,1.23,0.32,0.79,0.05,0.17,0.03,0.08,22.32,12.32,10.12,13.54,8.54,MAGDALENA,Marañón
"10,022",2024 Dec 17 03:59:52 PM,MAGDALENA,ZONA BANANERA,MARAÑÓN,No indica,5 AÑOS,GRANO,NO INDICA,No indica,BUENO,1.26,0.3,0.74,0.05,0.18,0.03,0.09,20.22,10.53,8.96,13.2,8.23,MAGDALENA,Marañón
"10,023",2024 Dec 17 03:59:52 PM,MAGDALENA,ZONA BANANERA,MARAÑÓN,No indica,5 AÑOS,GRANO,NO INDICA,No indica,BUENO,1.14,0.3,0.74,0.05,0.17,0.03,0.09,21.8,11.26,11.85,13.15,8.65,MAGDALENA,Marañón
"10,024",2024 Dec 17 03:59:52 PM,MAGDALENA,ZONA BANANERA,MARAÑÓN,No indica,5 AÑOS,GRANO,NO INDICA,No indica,BUENO,1.31,0.33,0.72,0.05,0.19,0.03,0.1,21.9,11.31,9.4,15.24,7.5,MAGDALENA,Marañón
"10,025",2024 Dec 17 03:59:52 PM,MAGDALENA,ZONA BANANERA,MARAÑÓN,No indica,5 AÑOS,GRANO,NO INDICA,No indica,BUENO,1.2,0.31,0.73,0.05,0.17,0.03,0.09,21.03,10.58,10.7,13.46,8.05,MAGDALENA,Marañón
